# Wavelength  (nm), Transmission (%)
200.000000, 0.000212
201.000000, 0.000046
202.000000, 0.000275
203.000000, 0.000239
204.000000, 0.000184
205.000000, 0.000009
206.000000, 0.000169
207.000000, 0.000031
208.000000, 0.000174
209.000000, 0.000091
210.000000, 0.000166
211.000000, 0.000329
212.000000, 0.000051
213.000000, 0.000204
214.000000, 0.000041
215.000000, 0.000117
216.000000, 0.000131
217.000000, 0.000196
218.000000, 0.000213
219.000000, 0.000277
220.000000, 0.000073
221.000000, 0.000027
222.000000, 0.000072
223.000000, 0.000083
224.000000, 0.000003
225.000000, 0.000011
226.000000, 0.000048
227.000000, 0.000075
228.000000, 0.000041
229.000000, 0.000236
230.000000, 0.000035
231.000000, 0.000111
232.000000, 0.000042
233.000000, 0.000079
234.000000, 0.000279
235.000000, 0.000072
236.000000, 0.000008
237.000000, 0.000230
238.000000, 0.000089
239.000000, 0.000202
240.000000, 0.000059
241.000000, 0.000005
242.000000, 0.000134
243.000000, 0.000088
244.000000, 0.000250
245.000000, 0.000101
246.000000, 0.000052
247.000000, 0.000120
248.000000, 0.000128
249.000000, 0.000094
250.000000, 0.000220
251.000000, 0.000018
252.000000, 0.000131
253.000000, 0.000263
254.000000, 0.000158
255.000000, 0.000060
256.000000, 0.000033
257.000000, 0.000068
258.000000, 0.000203
259.000000, 0.000078
260.000000, 0.000007
261.000000, 0.000065
262.000000, 0.000145
263.000000, 0.000075
264.000000, 0.000019
265.000000, 0.000013
266.000000, 0.000151
267.000000, 0.000052
268.000000, 0.000162
269.000000, 0.000032
270.000000, 0.000150
271.000000, 0.000069
272.000000, 0.000024
273.000000, 0.000016
274.000000, 0.000132
275.000000, 0.000292
276.000000, 0.000157
277.000000, 0.000044
278.000000, 0.000058
279.000000, 0.000100
280.000000, 0.000028
281.000000, 0.000134
282.000000, 0.000086
283.000000, 0.000154
284.000000, 0.000014
285.000000, 0.000180
286.000000, 0.000287
287.000000, 0.000083
288.000000, 0.000133
289.000000, 0.000025
290.000000, 0.000139
291.000000, 0.000074
292.000000, 0.000133
293.000000, 0.000273
294.000000, 0.000014
295.000000, 0.000017
296.000000, 0.000060
297.000000, 0.000398
298.000000, 0.000153
299.000000, 0.000048
300.000000, 0.000168
301.000000, 0.000103
302.000000, 0.000185
303.000000, 0.000040
304.000000, 0.000242
305.000000, 0.000135
306.000000, 0.000098
307.000000, 0.000017
308.000000, 0.000082
309.000000, 0.000055
310.000000, 0.000418
311.000000, 0.000055
312.000000, 0.000133
313.000000, 0.000080
314.000000, 0.000049
315.000000, 0.000150
316.000000, 0.000014
317.000000, 0.000274
318.000000, 0.000085
319.000000, 0.000374
320.000000, 0.000089
321.000000, 0.000382
322.000000, 0.000520
323.000000, 0.000312
324.000000, 0.000413
325.000000, 0.000140
326.000000, 0.000183
327.000000, 0.000526
328.000000, 0.000162
329.000000, 0.000028
330.000000, 0.000045
331.000000, 0.000055
332.000000, 0.000052
333.000000, 0.000117
334.000000, 0.000081
335.000000, 0.000023
336.000000, 0.000083
337.000000, 0.000248
338.000000, 0.000106
339.000000, 0.000041
340.000000, 0.000010
341.000000, 0.000087
342.000000, 0.000405
343.000000, 0.000008
344.000000, 0.000005
345.000000, 0.000179
346.000000, 0.000002
347.000000, 0.000045
348.000000, 0.000022
349.000000, 0.000438
350.000000, 0.000086
351.000000, 0.000035
352.000000, 0.000462
353.000000, 0.000196
354.000000, 0.000244
355.000000, 0.000199
356.000000, 0.000177
357.000000, 0.000160
358.000000, 0.000118
359.000000, 0.000048
360.000000, 0.000058
361.000000, 0.000194
362.000000, 0.000204
363.000000, 0.000321
364.000000, 0.000298
365.000000, 0.000177
366.000000, 0.000006
367.000000, 0.000053
368.000000, 0.000034
369.000000, 0.000088
370.000000, 0.000102
371.000000, 0.000195
372.000000, 0.000262
373.000000, 0.000084
374.000000, 0.000295
375.000000, 0.000247
376.000000, 0.000133
377.000000, 0.000108
378.000000, 0.000159
379.000000, 0.000017
380.000000, 0.000135
381.000000, 0.000056
382.000000, 0.000009
383.000000, 0.000031
384.000000, 0.000129
385.000000, 0.000384
386.000000, 0.000146
387.000000, 0.000143
388.000000, 0.000223
389.000000, 0.000038
390.000000, 0.000316
391.000000, 0.000342
392.000000, 0.000016
393.000000, 0.000163
394.000000, 0.000061
395.000000, 0.000002
396.000000, 0.000227
397.000000, 0.000354
398.000000, 0.000274
399.000000, 0.000222
400.000000, 0.000097
401.000000, 0.000266
402.000000, 0.000164
403.000000, 0.000151
404.000000, 0.000282
405.000000, 0.000082
406.000000, 0.000204
407.000000, 0.000276
408.000000, 0.000010
409.000000, 0.000245
410.000000, 0.000143
411.000000, 0.000264
412.000000, 0.000001
413.000000, 0.000070
414.000000, 0.000105
415.000000, 0.000102
416.000000, 0.000009
417.000000, 0.000014
418.000000, 0.000099
419.000000, 0.000230
420.000000, 0.000197
421.000000, 0.000295
422.000000, 0.000046
423.000000, 0.000370
424.000000, 0.000123
425.000000, 0.000046
426.000000, 0.000127
427.000000, 0.000033
428.000000, 0.000027
429.000000, 0.000273
430.000000, 0.000279
431.000000, 0.000007
432.000000, 0.000160
433.000000, 0.000236
434.000000, 0.000029
435.000000, 0.000440
436.000000, 0.000014
437.000000, 0.000244
438.000000, 0.000174
439.000000, 0.000115
440.000000, 0.000020
441.000000, 0.000300
442.000000, 0.000163
443.000000, 0.000093
444.000000, 0.000161
445.000000, 0.000053
446.000000, 0.000136
447.000000, 0.000171
448.000000, 0.000018
449.000000, 0.000104
450.000000, 0.000294
451.000000, 0.000270
452.000000, 0.000900
453.000000, 0.000697
454.000000, 0.000211
455.000000, 0.000437
456.000000, 0.000316
457.000000, 0.000902
458.000000, 0.000741
459.000000, 0.000307
460.000000, 0.000263
461.000000, 0.000225
462.000000, 0.000137
463.000000, 0.000057
464.000000, 0.000164
465.000000, 0.000142
466.000000, 0.000049
467.000000, 0.000095
468.000000, 0.000146
469.000000, 0.000219
470.000000, 0.000200
471.000000, 0.000020
472.000000, 0.000097
473.000000, 0.000055
474.000000, 0.000147
475.000000, 0.000111
476.000000, 0.000070
477.000000, 0.000010
478.000000, 0.000040
479.000000, 0.000007
480.000000, 0.000198
481.000000, 0.000051
482.000000, 0.000035
483.000000, 0.000125
484.000000, 0.000067
485.000000, 0.000015
486.000000, 0.000007
487.000000, 0.000075
488.000000, 0.000019
489.000000, 0.000010
490.000000, 0.000020
491.000000, 0.000023
492.000000, 0.000175
493.000000, 0.000111
494.000000, 0.000033
495.000000, 0.000101
496.000000, 0.000086
497.000000, 0.000096
498.000000, 0.000109
499.000000, 0.000034
500.000000, 0.000069
501.000000, 0.000100
502.000000, 0.000087
503.000000, 0.000124
504.000000, 0.000187
505.000000, 0.000027
506.000000, 0.000031
507.000000, 0.000273
508.000000, 0.000060
509.000000, 0.000016
510.000000, 0.000007
511.000000, 0.000056
512.000000, 0.000194
513.000000, 0.000285
514.000000, 0.000227
515.000000, 0.000205
516.000000, 0.000261
517.000000, 0.000146
518.000000, 0.000128
519.000000, 0.000414
520.000000, 0.000162
521.000000, 0.000273
522.000000, 0.000048
523.000000, 0.000076
524.000000, 0.000078
525.000000, 0.000115
526.000000, 0.000106
527.000000, 0.000153
528.000000, 0.000092
529.000000, 0.000081
530.000000, 0.000009
531.000000, 0.000039
532.000000, 0.000024
533.000000, 0.000381
534.000000, 0.000077
535.000000, 0.000155
536.000000, 0.000178
537.000000, 0.000222
538.000000, 0.000340
539.000000, 0.000056
540.000000, 0.000168
541.000000, 0.000277
542.000000, 0.000423
543.000000, 0.001320
544.000000, 0.008130
545.000000, 0.088120
546.000000, 1.505650
547.000000, 10.967260
548.000000, 33.925050
549.000000, 63.344940
550.000000, 83.238800
551.000000, 89.063030
552.000000, 90.466650
553.000000, 92.909610
554.000000, 94.224410
555.000000, 94.116980
556.000000, 94.971050
557.000000, 96.449520
558.000000, 96.745220
559.000000, 95.759190
560.000000, 94.904940
561.000000, 94.988430
562.000000, 95.589730
563.000000, 95.959580
564.000000, 95.886110
565.000000, 95.822150
566.000000, 96.196170
567.000000, 96.972260
568.000000, 97.685300
569.000000, 97.873470
570.000000, 97.500820
571.000000, 96.874820
572.000000, 96.368070
573.000000, 96.237110
574.000000, 96.390790
575.000000, 96.637050
576.000000, 96.753400
577.000000, 96.738350
578.000000, 96.705890
579.000000, 96.774410
580.000000, 97.060380
581.000000, 97.471500
582.000000, 97.797270
583.000000, 97.923270
584.000000, 97.766460
585.000000, 97.400980
586.000000, 96.966020
587.000000, 96.687660
588.000000, 96.702740
589.000000, 96.948270
590.000000, 97.369800
591.000000, 97.805500
592.000000, 98.083070
593.000000, 98.138660
594.000000, 97.962490
595.000000, 97.645660
596.000000, 97.302380
597.000000, 97.011880
598.000000, 96.864230
599.000000, 96.854390
600.000000, 96.908420
601.000000, 97.006210
602.000000, 97.143230
603.000000, 97.247900
604.000000, 97.320310
605.000000, 97.426920
606.000000, 97.500530
607.000000, 97.556630
608.000000, 97.604000
609.000000, 97.580320
610.000000, 97.502620
611.000000, 97.374570
612.000000, 97.255170
613.000000, 97.157100
614.000000, 97.110390
615.000000, 97.188870
616.000000, 97.355840
617.000000, 97.576740
618.000000, 97.826070
619.000000, 98.017900
620.000000, 98.078250
621.000000, 98.016920
622.000000, 97.825390
623.000000, 97.511990
624.000000, 97.165520
625.000000, 96.843570
626.000000, 96.595610
627.000000, 96.441580
628.000000, 96.404100
629.000000, 96.492990
630.000000, 96.583050
631.000000, 96.696500
632.000000, 96.791250
633.000000, 96.789090
634.000000, 96.712890
635.000000, 96.597380
636.000000, 96.425260
637.000000, 96.241080
638.000000, 96.060620
639.000000, 95.960280
640.000000, 95.890660
641.000000, 95.875150
642.000000, 95.914190
643.000000, 95.963810
644.000000, 96.028930
645.000000, 96.109130
646.000000, 96.217510
647.000000, 96.287310
648.000000, 96.378360
649.000000, 96.486550
650.000000, 96.575640
651.000000, 96.635580
652.000000, 96.687560
653.000000, 96.705410
654.000000, 96.637740
655.000000, 96.531270
656.000000, 96.368080
657.000000, 96.171620
658.000000, 95.949260
659.000000, 95.763130
660.000000, 95.638890
661.000000, 95.562320
662.000000, 95.595260
663.000000, 95.713550
664.000000, 95.891590
665.000000, 96.113170
666.000000, 96.334110
667.000000, 96.513400
668.000000, 96.643260
669.000000, 96.690650
670.000000, 96.624800
671.000000, 96.473160
672.000000, 96.288510
673.000000, 96.053790
674.000000, 95.844490
675.000000, 95.675480
676.000000, 95.622650
677.000000, 95.632730
678.000000, 95.717550
679.000000, 95.903500
680.000000, 96.113410
681.000000, 96.308150
682.000000, 96.492840
683.000000, 96.621240
684.000000, 96.645590
685.000000, 96.552370
686.000000, 96.408520
687.000000, 96.169560
688.000000, 95.875240
689.000000, 95.613620
690.000000, 95.362540
691.000000, 95.182370
692.000000, 95.080740
693.000000, 95.111770
694.000000, 95.179760
695.000000, 95.350860
696.000000, 95.574750
697.000000, 95.810100
698.000000, 96.021350
699.000000, 96.193520
700.000000, 96.315900
701.000000, 96.345920
702.000000, 96.293850
703.000000, 96.194200
704.000000, 96.009440
705.000000, 95.807300
706.000000, 95.614330
707.000000, 95.431120
708.000000, 95.270450
709.000000, 95.192920
710.000000, 95.153400
711.000000, 95.183940
712.000000, 95.252720
713.000000, 95.388320
714.000000, 95.539290
715.000000, 95.686460
716.000000, 95.820250
717.000000, 95.957150
718.000000, 96.037450
719.000000, 96.083630
720.000000, 96.101670
721.000000, 96.048440
722.000000, 95.982190
723.000000, 95.898670
724.000000, 95.776280
725.000000, 95.627720
726.000000, 95.525800
727.000000, 95.422680
728.000000, 95.318410
729.000000, 95.244510
730.000000, 95.227880
731.000000, 95.228730
732.000000, 95.237360
733.000000, 95.315740
734.000000, 95.373930
735.000000, 95.474040
736.000000, 95.595440
737.000000, 95.741370
738.000000, 95.850620
739.000000, 95.973270
740.000000, 96.080440
741.000000, 96.182160
742.000000, 96.198920
743.000000, 96.206860
744.000000, 96.150960
745.000000, 96.056430
746.000000, 95.956540
747.000000, 95.817410
748.000000, 95.642480
749.000000, 95.466690
750.000000, 95.323390
751.000000, 95.178680
752.000000, 95.091430
753.000000, 95.024730
754.000000, 95.046710
755.000000, 95.084340
756.000000, 95.204160
757.000000, 95.377010
758.000000, 95.547480
759.000000, 95.753560
760.000000, 95.979560
761.000000, 96.152250
762.000000, 96.309400
763.000000, 96.416690
764.000000, 96.463010
765.000000, 96.437290
766.000000, 96.356090
767.000000, 96.235030
768.000000, 96.036180
769.000000, 95.819150
770.000000, 95.596490
771.000000, 95.399090
772.000000, 95.187710
773.000000, 95.025460
774.000000, 94.971130
775.000000, 94.946410
776.000000, 94.972560
777.000000, 95.130890
778.000000, 95.315070
779.000000, 95.515370
780.000000, 95.796080
781.000000, 96.069800
782.000000, 96.323010
783.000000, 96.523870
784.000000, 96.714100
785.000000, 96.837840
786.000000, 96.866460
787.000000, 96.812580
788.000000, 96.738290
789.000000, 96.545070
790.000000, 96.308360
791.000000, 96.063450
792.000000, 95.770420
793.000000, 95.496800
794.000000, 95.272290
795.000000, 95.075080
796.000000, 94.944830
797.000000, 94.875430
798.000000, 94.885060
799.000000, 94.956500
800.000000, 95.526220
801.000000, 95.633610
802.000000, 95.763480
803.000000, 95.878170
804.000000, 96.010190
805.000000, 96.146900
806.000000, 96.253880
807.000000, 96.320170
808.000000, 96.383140
809.000000, 96.404590
810.000000, 96.381720
811.000000, 96.322240
812.000000, 96.249440
813.000000, 96.131310
814.000000, 95.994660
815.000000, 95.879360
816.000000, 95.743190
817.000000, 95.609460
818.000000, 95.501370
819.000000, 95.436690
820.000000, 95.368740
821.000000, 95.350400
822.000000, 95.383350
823.000000, 95.432930
824.000000, 95.495700
825.000000, 95.613240
826.000000, 95.739530
827.000000, 95.853050
828.000000, 95.987610
829.000000, 96.117490
830.000000, 96.214940
831.000000, 96.294230
832.000000, 96.369670
833.000000, 96.402700
834.000000, 96.384700
835.000000, 96.366260
836.000000, 96.321390
837.000000, 96.228480
838.000000, 96.122730
839.000000, 96.032780
840.000000, 95.913250
841.000000, 95.788550
842.000000, 95.693590
843.000000, 95.607410
844.000000, 95.511260
845.000000, 95.464240
846.000000, 95.444080
847.000000, 95.422550
848.000000, 95.433930
849.000000, 95.479130
850.000000, 95.532210
851.000000, 95.576270
852.000000, 95.658480
853.000000, 95.740720
854.000000, 95.796050
855.000000, 95.859510
856.000000, 95.936180
857.000000, 95.981390
858.000000, 95.996930
859.000000, 96.032370
860.000000, 96.044170
861.000000, 96.023860
862.000000, 96.011920
863.000000, 95.998790
864.000000, 95.951520
865.000000, 95.908390
866.000000, 95.885410
867.000000, 95.845030
868.000000, 95.791750
869.000000, 95.774420
870.000000, 95.756610
871.000000, 95.717310
872.000000, 95.700840
873.000000, 95.706500
874.000000, 95.692700
875.000000, 95.674390
876.000000, 95.693170
877.000000, 95.689810
878.000000, 95.673420
879.000000, 95.685480
880.000000, 95.695330
881.000000, 95.674620
882.000000, 95.663230
883.000000, 95.677690
884.000000, 95.668880
885.000000, 95.655960
886.000000, 95.674450
887.000000, 95.680340
888.000000, 95.671010
889.000000, 95.681580
890.000000, 95.716210
891.000000, 95.722380
892.000000, 95.737470
893.000000, 95.783630
894.000000, 95.805830
895.000000, 95.823140
896.000000, 95.855060
897.000000, 95.870890
898.000000, 95.867930
899.000000, 95.865920
900.000000, 95.872700
901.000000, 95.838290
902.000000, 95.792570
903.000000, 95.767520
904.000000, 95.702560
905.000000, 95.617870
906.000000, 95.544750
907.000000, 95.469080
908.000000, 95.366710
909.000000, 95.275540
910.000000, 95.212780
911.000000, 95.130520
912.000000, 95.057300
913.000000, 95.021590
914.000000, 94.994890
915.000000, 94.967450
916.000000, 94.978320
917.000000, 95.021530
918.000000, 95.059490
919.000000, 95.126110
920.000000, 95.227040
921.000000, 95.329650
922.000000, 95.419190
923.000000, 95.552830
924.000000, 95.680030
925.000000, 95.774140
926.000000, 95.876080
927.000000, 95.986710
928.000000, 96.050320
929.000000, 96.086820
930.000000, 96.130150
931.000000, 96.124730
932.000000, 96.077220
933.000000, 96.021390
934.000000, 95.943900
935.000000, 95.823680
936.000000, 95.693570
937.000000, 95.565410
938.000000, 95.404380
939.000000, 95.233350
940.000000, 95.086510
941.000000, 94.946260
942.000000, 94.783300
943.000000, 94.676840
944.000000, 94.598490
945.000000, 94.513680
946.000000, 94.468100
947.000000, 94.474700
948.000000, 94.501430
949.000000, 94.546580
950.000000, 94.648310
951.000000, 94.775920
952.000000, 94.900290
953.000000, 95.058840
954.000000, 95.249210
955.000000, 95.422320
956.000000, 95.596840
957.000000, 95.788100
958.000000, 95.959750
959.000000, 96.095780
960.000000, 96.228470
961.000000, 96.340380
962.000000, 96.389020
963.000000, 96.418210
964.000000, 96.430210
965.000000, 96.374860
966.000000, 96.286400
967.000000, 96.194530
968.000000, 96.055150
969.000000, 95.878040
970.000000, 95.692430
971.000000, 95.504190
972.000000, 95.290440
973.000000, 95.074590
974.000000, 94.903960
975.000000, 94.716760
976.000000, 94.538280
977.000000, 94.410910
978.000000, 94.298130
979.000000, 94.200810
980.000000, 94.165150
981.000000, 94.170390
982.000000, 94.190600
983.000000, 94.242660
984.000000, 94.366460
985.000000, 94.485490
986.000000, 94.629320
987.000000, 94.824010
988.000000, 95.021140
989.000000, 95.215850
990.000000, 95.433200
991.000000, 95.653120
992.000000, 95.852950
993.000000, 96.023700
994.000000, 96.214660
995.000000, 96.355510
996.000000, 96.452870
997.000000, 96.540600
998.000000, 96.594980
999.000000, 96.591160
1000.000000, 96.550180
1001.000000, 96.499780
1002.000000, 96.389790
1003.000000, 96.235370
1004.000000, 96.091800
1005.000000, 95.915160
1006.000000, 95.693400
1007.000000, 95.495000
1008.000000, 95.281330
1009.000000, 95.053890
1010.000000, 94.840490
1011.000000, 94.656490
1012.000000, 94.482050
1013.000000, 94.310060
1014.000000, 94.188620
1015.000000, 94.103420
1016.000000, 94.019810
1017.000000, 93.987980
1018.000000, 94.003090
1019.000000, 94.031650
1020.000000, 94.092060
1021.000000, 94.199260
1022.000000, 94.337590
1023.000000, 94.470860
1024.000000, 94.643830
1025.000000, 94.853030
1026.000000, 95.029330
1027.000000, 95.236330
1028.000000, 95.458080
1029.000000, 95.657590
1030.000000, 95.834800
1031.000000, 96.025510
1032.000000, 96.188060
1033.000000, 96.310330
1034.000000, 96.421130
1035.000000, 96.514280
1036.000000, 96.556850
1037.000000, 96.569930
1038.000000, 96.569890
1039.000000, 96.537170
1040.000000, 96.445560
1041.000000, 96.360740
1042.000000, 96.251580
1043.000000, 96.099950
1044.000000, 95.935270
1045.000000, 95.793010
1046.000000, 95.618870
1047.000000, 95.424000
1048.000000, 95.269970
1049.000000, 95.108520
1050.000000, 94.934070
1051.000000, 94.798400
1052.000000, 94.690190
1053.000000, 94.577120
1054.000000, 94.484160
1055.000000, 94.444820
1056.000000, 94.412960
1057.000000, 94.383500
1058.000000, 94.420490
1059.000000, 94.463980
1060.000000, 94.519610
1061.000000, 94.602910
1062.000000, 94.730870
1063.000000, 94.843570
1064.000000, 94.954780
1065.000000, 95.118930
1066.000000, 95.283860
1067.000000, 95.421840
1068.000000, 95.583550
1069.000000, 95.741050
1070.000000, 95.871440
1071.000000, 95.991740
1072.000000, 96.126540
1073.000000, 96.227230
1074.000000, 96.298640
1075.000000, 96.371150
1076.000000, 96.418550
1077.000000, 96.429320
1078.000000, 96.427900
1079.000000, 96.420640
1080.000000, 96.369120
1081.000000, 96.298260
1082.000000, 96.239330
1083.000000, 96.138830
1084.000000, 96.026380
1085.000000, 95.917360
1086.000000, 95.805660
1087.000000, 95.658400
1088.000000, 95.539920
1089.000000, 95.417470
1090.000000, 95.291310
1091.000000, 95.166050
1092.000000, 95.060610
1093.000000, 94.967520
1094.000000, 94.861720
1095.000000, 94.802640
1096.000000, 94.754140
1097.000000, 94.708000
1098.000000, 94.678100
1099.000000, 94.679620
1100.000000, 94.685930
1101.000000, 94.696820
1102.000000, 94.738760
1103.000000, 94.806430
1104.000000, 94.849870
1105.000000, 94.924500
1106.000000, 95.003930
1107.000000, 95.120600
1108.000000, 95.193080
1109.000000, 95.303120
1110.000000, 95.402920
1111.000000, 95.494870
1112.000000, 95.593010
1113.000000, 95.699670
1114.000000, 95.773020
1115.000000, 95.847250
1116.000000, 95.934100
1117.000000, 95.987030
1118.000000, 96.016210
1119.000000, 96.082230
1120.000000, 96.109010
1121.000000, 96.116450
1122.000000, 96.124110
1123.000000, 96.125500
1124.000000, 96.097500
1125.000000, 96.064230
1126.000000, 96.038860
1127.000000, 95.995800
1128.000000, 95.935440
1129.000000, 95.887410
1130.000000, 95.840650
1131.000000, 95.768070
1132.000000, 95.704440
1133.000000, 95.653140
1134.000000, 95.585540
1135.000000, 95.522190
1136.000000, 95.488890
1137.000000, 95.439330
1138.000000, 95.377380
1139.000000, 95.358330
1140.000000, 95.341790
1141.000000, 95.309390
1142.000000, 95.286160
1143.000000, 95.293630
1144.000000, 95.291180
1145.000000, 95.290160
1146.000000, 95.299350
1147.000000, 95.336180
1148.000000, 95.339360
1149.000000, 95.374310
1150.000000, 95.420370
1151.000000, 95.443520
1152.000000, 95.469150
1153.000000, 95.525240
1154.000000, 95.559900
1155.000000, 95.586280
1156.000000, 95.628650
1157.000000, 95.672740
1158.000000, 95.681340
1159.000000, 95.708530
1160.000000, 95.749280
1161.000000, 95.760310
1162.000000, 95.766000
1163.000000, 95.792730
1164.000000, 95.802840
1165.000000, 95.785370
1166.000000, 95.788620
1167.000000, 95.791470
1168.000000, 95.766300
1169.000000, 95.750890
1170.000000, 95.743000
1171.000000, 95.719670
1172.000000, 95.684690
1173.000000, 95.677150
1174.000000, 95.663500
1175.000000, 95.623050
1176.000000, 95.600430
1177.000000, 95.598720
1178.000000, 95.567140
1179.000000, 95.542310
1180.000000, 95.548510
1181.000000, 95.538480
1182.000000, 95.517330
1183.000000, 95.519290
1184.000000, 95.534050
1185.000000, 95.523450
1186.000000, 95.533400
1187.000000, 95.558180
1188.000000, 95.573040
1189.000000, 95.581300
1190.000000, 95.612240
1191.000000, 95.644410
1192.000000, 95.649910
1193.000000, 95.682770
1194.000000, 95.725060
1195.000000, 95.741340
1196.000000, 95.759620
1197.000000, 95.799710
1198.000000, 95.825510
1199.000000, 95.833250
1200.000000, 95.857530
1201.000000, 95.878210
1202.000000, 95.890150
1203.000000, 95.894000
1204.000000, 95.890590
1205.000000, 95.901590
1206.000000, 95.895250
1207.000000, 95.864010
1208.000000, 95.854650
1209.000000, 95.843730
1210.000000, 95.805320
1211.000000, 95.781880
1212.000000, 95.749780
1213.000000, 95.708110
1214.000000, 95.660160
1215.000000, 95.631200
1216.000000, 95.592650
1217.000000, 95.536590
1218.000000, 95.499320
1219.000000, 95.462650
1220.000000, 95.406080
1221.000000, 95.365490
1222.000000, 95.336040
1223.000000, 95.301940
1224.000000, 95.260440
1225.000000, 95.237050
1226.000000, 95.228730
1227.000000, 95.203220
1228.000000, 95.176250
1229.000000, 95.187980
1230.000000, 95.184570
1231.000000, 95.183930
1232.000000, 95.205860
1233.000000, 95.229680
1234.000000, 95.228670
1235.000000, 95.270480
1236.000000, 95.311390
1237.000000, 95.334760
1238.000000, 95.374640
1239.000000, 95.431150
1240.000000, 95.472130
1241.000000, 95.520300
1242.000000, 95.575870
1243.000000, 95.634610
1244.000000, 95.668320
1245.000000, 95.726090
1246.000000, 95.783270
1247.000000, 95.827170
1248.000000, 95.865460
1249.000000, 95.905210
1250.000000, 95.952270
1251.000000, 95.960300
1252.000000, 95.999800
1253.000000, 96.027400
1254.000000, 96.020360
1255.000000, 96.031010
1256.000000, 96.035650
1257.000000, 96.026410
1258.000000, 96.000340
1259.000000, 95.986790
1260.000000, 95.956140
1261.000000, 95.907850
1262.000000, 95.877290
1263.000000, 95.832150
1264.000000, 95.767040
1265.000000, 95.701230
1266.000000, 95.651000
1267.000000, 95.585200
1268.000000, 95.502800
1269.000000, 95.437280
1270.000000, 95.378490
1271.000000, 95.285270
1272.000000, 95.212270
1273.000000, 95.159880
1274.000000, 95.089080
1275.000000, 95.027440
1276.000000, 94.976580
1277.000000, 94.923650
1278.000000, 94.862090
1279.000000, 94.807720
1280.000000, 94.789640
1281.000000, 94.757270
1282.000000, 94.727940
1283.000000, 94.729560
1284.000000, 94.717200
1285.000000, 94.713390
1286.000000, 94.732790
1287.000000, 94.750670
1288.000000, 94.764120
1289.000000, 94.802020
1290.000000, 94.855500
1291.000000, 94.892620
1292.000000, 94.947470
1293.000000, 95.021100
1294.000000, 95.081500
1295.000000, 95.143760
1296.000000, 95.230370
1297.000000, 95.316710
1298.000000, 95.387540
1299.000000, 95.466300
1300.000000, 95.558480
1301.000000, 95.637980
1302.000000, 95.714550
1303.000000, 95.815980
1304.000000, 95.883710
1305.000000, 95.947850
1306.000000, 96.022830
1307.000000, 96.083450
1308.000000, 96.138800
1309.000000, 96.186490
1310.000000, 96.236120
1311.000000, 96.273120
1312.000000, 96.290740
1313.000000, 96.319920
1314.000000, 96.331830
1315.000000, 96.320240
1316.000000, 96.320800
1317.000000, 96.311250
1318.000000, 96.262100
1319.000000, 96.231070
1320.000000, 96.198290
1321.000000, 96.137790
1322.000000, 96.064320
1323.000000, 96.003890
1324.000000, 95.933350
1325.000000, 95.836350
1326.000000, 95.760350
1327.000000, 95.678370
1328.000000, 95.580020
1329.000000, 95.478420
1330.000000, 95.395350
1331.000000, 95.295130
1332.000000, 95.191240
1333.000000, 95.103820
1334.000000, 95.007480
1335.000000, 94.911160
1336.000000, 94.827800
1337.000000, 94.758540
1338.000000, 94.669690
1339.000000, 94.599950
1340.000000, 94.541690
1341.000000, 94.486080
1342.000000, 94.429510
1343.000000, 94.389410
1344.000000, 94.365890
1345.000000, 94.329490
1346.000000, 94.322350
1347.000000, 94.316410
1348.000000, 94.324780
1349.000000, 94.324210
1350.000000, 94.357220
1351.000000, 94.383310
1352.000000, 94.413410
1353.000000, 94.471480
1354.000000, 94.519820
1355.000000, 94.591370
1356.000000, 94.660630
1357.000000, 94.757260
1358.000000, 94.824220
1359.000000, 94.894780
1360.000000, 95.002120
1361.000000, 95.077080
1362.000000, 95.177860
1363.000000, 95.277720
1364.000000, 95.361940
1365.000000, 95.501440
1366.000000, 95.576190
1367.000000, 95.659840
1368.000000, 95.766130
1369.000000, 95.861110
1370.000000, 95.941860
1371.000000, 96.046920
1372.000000, 96.115270
1373.000000, 96.144290
1374.000000, 96.202150
1375.000000, 96.244890
1376.000000, 96.276360
1377.000000, 96.314800
1378.000000, 96.329410
1379.000000, 96.333540
1380.000000, 96.344370
1381.000000, 96.357120
1382.000000, 96.330650
1383.000000, 96.310410
1384.000000, 96.306920
1385.000000, 96.273030
1386.000000, 96.216050
1387.000000, 96.182950
1388.000000, 96.133790
1389.000000, 96.060940
1390.000000, 95.980800
1391.000000, 95.914790
1392.000000, 95.831390
1393.000000, 95.733600
1394.000000, 95.647920
1395.000000, 95.557310
1396.000000, 95.458980
1397.000000, 95.357390
1398.000000, 95.260860
1399.000000, 95.173220
1400.000000, 95.050160
1401.000000, 94.967990
1402.000000, 94.881990
1403.000000, 94.785040
1404.000000, 94.678480
1405.000000, 94.610820
1406.000000, 94.517530
1407.000000, 94.425760
1408.000000, 94.367070
1409.000000, 94.294070
1410.000000, 94.219830
1411.000000, 94.187150
1412.000000, 94.149600
1413.000000, 94.101920
1414.000000, 94.074120
1415.000000, 94.076160
1416.000000, 94.042170
1417.000000, 94.040050
1418.000000, 94.041900
1419.000000, 94.062130
1420.000000, 94.061950
1421.000000, 94.111650
1422.000000, 94.143750
1423.000000, 94.183310
1424.000000, 94.239680
1425.000000, 94.294750
1426.000000, 94.355840
1427.000000, 94.421680
1428.000000, 94.505040
1429.000000, 94.583850
1430.000000, 94.666510
1431.000000, 94.767130
1432.000000, 94.859000
1433.000000, 94.945830
1434.000000, 95.036480
1435.000000, 95.145750
1436.000000, 95.233220
1437.000000, 95.332370
1438.000000, 95.434100
1439.000000, 95.525060
1440.000000, 95.612560
1441.000000, 95.717170
1442.000000, 95.808370
1443.000000, 95.881880
1444.000000, 95.943340
1445.000000, 96.020120
1446.000000, 96.086840
1447.000000, 96.140880
1448.000000, 96.196210
1449.000000, 96.244670
1450.000000, 96.284070
1451.000000, 96.320690
1452.000000, 96.343630
1453.000000, 96.349590
1454.000000, 96.349800
1455.000000, 96.353740
1456.000000, 96.351580
1457.000000, 96.335470
1458.000000, 96.325680
1459.000000, 96.293520
1460.000000, 96.236150
1461.000000, 96.189380
1462.000000, 96.137290
1463.000000, 96.088100
1464.000000, 96.027120
1465.000000, 95.968540
1466.000000, 95.894450
1467.000000, 95.808330
1468.000000, 95.718540
1469.000000, 95.636740
1470.000000, 95.550510
1471.000000, 95.466400
1472.000000, 95.391990
1473.000000, 95.293270
1474.000000, 95.198710
1475.000000, 95.110090
1476.000000, 95.026410
1477.000000, 94.930370
1478.000000, 94.848050
1479.000000, 94.773410
1480.000000, 94.683080
1481.000000, 94.606170
1482.000000, 94.541470
1483.000000, 94.458940
1484.000000, 94.401830
1485.000000, 94.350130
1486.000000, 94.295380
1487.000000, 94.245080
1488.000000, 94.202960
1489.000000, 94.170210
1490.000000, 94.141180
1491.000000, 94.134640
1492.000000, 94.114100
1493.000000, 94.096080
1494.000000, 94.083610
1495.000000, 94.102170
1496.000000, 94.118530
1497.000000, 94.137370
1498.000000, 94.156160
1499.000000, 94.179310
1500.000000, 94.216170
1501.000000, 94.268040
1502.000000, 94.321930
1503.000000, 94.367420
1504.000000, 94.419400
1505.000000, 94.483830
1506.000000, 94.547370
1507.000000, 94.621850
1508.000000, 94.707070
1509.000000, 94.772570
1510.000000, 94.840930
1511.000000, 94.930940
1512.000000, 95.018420
1513.000000, 95.098890
1514.000000, 95.184910
1515.000000, 95.259270
1516.000000, 95.333710
1517.000000, 95.431830
1518.000000, 95.521570
1519.000000, 95.594540
1520.000000, 95.660580
1521.000000, 95.754970
1522.000000, 95.816090
1523.000000, 95.888390
1524.000000, 95.952090
1525.000000, 96.015230
1526.000000, 96.068910
1527.000000, 96.122130
1528.000000, 96.169880
1529.000000, 96.211690
1530.000000, 96.241470
1531.000000, 96.278600
1532.000000, 96.297990
1533.000000, 96.319020
1534.000000, 96.339880
1535.000000, 96.340050
1536.000000, 96.346140
1537.000000, 96.342770
1538.000000, 96.331890
1539.000000, 96.310960
1540.000000, 96.280770
1541.000000, 96.265110
1542.000000, 96.236210
1543.000000, 96.193150
1544.000000, 96.138950
1545.000000, 96.114850
1546.000000, 96.051200
1547.000000, 95.995270
1548.000000, 95.944240
1549.000000, 95.876560
1550.000000, 95.817880
1551.000000, 95.746340
1552.000000, 95.674220
1553.000000, 95.610470
1554.000000, 95.535590
1555.000000, 95.475890
1556.000000, 95.395580
1557.000000, 95.314610
1558.000000, 95.250430
1559.000000, 95.182470
1560.000000, 95.106120
1561.000000, 95.035510
1562.000000, 94.971560
1563.000000, 94.904040
1564.000000, 94.839950
1565.000000, 94.774750
1566.000000, 94.717940
1567.000000, 94.664160
1568.000000, 94.629330
1569.000000, 94.563220
1570.000000, 94.518780
1571.000000, 94.500010
1572.000000, 94.455880
1573.000000, 94.404480
1574.000000, 94.395130
1575.000000, 94.380260
1576.000000, 94.350000
1577.000000, 94.337100
1578.000000, 94.340480
1579.000000, 94.334970
1580.000000, 94.331550
1581.000000, 94.338100
1582.000000, 94.351620
1583.000000, 94.365700
1584.000000, 94.380130
1585.000000, 94.408830
1586.000000, 94.441430
1587.000000, 94.467770
1588.000000, 94.514370
1589.000000, 94.544180
1590.000000, 94.586550
1591.000000, 94.633200
1592.000000, 94.686380
1593.000000, 94.733690
1594.000000, 94.790780
1595.000000, 94.854820
1596.000000, 94.903600
1597.000000, 94.959380
1598.000000, 95.032270
1599.000000, 95.087010
1600.000000, 95.145640
1601.000000, 95.219060
1602.000000, 95.285030
1603.000000, 95.335400
1604.000000, 95.404260
1605.000000, 95.475780
1606.000000, 95.526440
1607.000000, 95.587440
1608.000000, 95.651270
1609.000000, 95.720920
1610.000000, 95.752180
1611.000000, 95.812160
1612.000000, 95.866860
1613.000000, 95.903850
1614.000000, 95.951640
1615.000000, 96.006710
1616.000000, 96.029140
1617.000000, 96.068310
1618.000000, 96.109510
1619.000000, 96.137150
1620.000000, 96.144330
1621.000000, 96.173810
1622.000000, 96.192080
1623.000000, 96.207250
1624.000000, 96.197550
1625.000000, 96.220170
1626.000000, 96.222180
1627.000000, 96.204610
1628.000000, 96.210600
1629.000000, 96.200980
1630.000000, 96.180710
1631.000000, 96.163060
1632.000000, 96.146360
1633.000000, 96.115840
1634.000000, 96.084910
1635.000000, 96.064530
1636.000000, 96.024070
1637.000000, 95.982930
1638.000000, 95.946690
1639.000000, 95.911580
1640.000000, 95.859790
1641.000000, 95.816960
1642.000000, 95.774070
1643.000000, 95.724120
1644.000000, 95.667740
1645.000000, 95.613730
1646.000000, 95.572800
1647.000000, 95.509960
1648.000000, 95.468090
1649.000000, 95.413580
1650.000000, 95.357990
1651.000000, 95.301330
1652.000000, 95.263340
1653.000000, 95.203830
1654.000000, 95.142460
1655.000000, 95.103550
1656.000000, 95.068760
1657.000000, 95.013610
1658.000000, 94.965800
1659.000000, 94.929060
1660.000000, 94.884350
1661.000000, 94.831470
1662.000000, 94.809330
1663.000000, 94.777350
1664.000000, 94.733470
1665.000000, 94.711030
1666.000000, 94.684190
1667.000000, 94.645510
1668.000000, 94.636410
1669.000000, 94.626490
1670.000000, 94.596550
1671.000000, 94.592410
1672.000000, 94.577990
1673.000000, 94.565640
1674.000000, 94.560200
1675.000000, 94.558490
1676.000000, 94.559070
1677.000000, 94.570160
1678.000000, 94.559390
1679.000000, 94.577980
1680.000000, 94.594200
1681.000000, 94.590230
1682.000000, 94.613000
1683.000000, 94.634900
1684.000000, 94.641520
1685.000000, 94.665320
1686.000000, 94.702940
1687.000000, 94.722350
1688.000000, 94.747040
1689.000000, 94.779560
1690.000000, 94.806790
1691.000000, 94.830470
1692.000000, 94.876500
1693.000000, 94.908000
1694.000000, 94.940130
1695.000000, 94.971090
1696.000000, 95.016190
1697.000000, 95.048710
1698.000000, 95.069790
1699.000000, 95.122160
1700.000000, 95.161080
1701.000000, 95.177750
1702.000000, 95.223580
1703.000000, 95.275130
1704.000000, 95.297500
1705.000000, 95.333980
1706.000000, 95.364880
1707.000000, 95.391000
1708.000000, 95.418740
1709.000000, 95.454750
1710.000000, 95.483710
1711.000000, 95.508580
1712.000000, 95.537590
1713.000000, 95.565350
1714.000000, 95.584610
1715.000000, 95.602460
1716.000000, 95.628800
1717.000000, 95.643330
1718.000000, 95.655830
1719.000000, 95.677600
1720.000000, 95.681630
1721.000000, 95.705750
1722.000000, 95.717950
1723.000000, 95.710330
1724.000000, 95.722010
1725.000000, 95.718480
1726.000000, 95.725750
1727.000000, 95.737660
1728.000000, 95.705160
1729.000000, 95.728400
1730.000000, 95.713050
1731.000000, 95.699350
1732.000000, 95.708130
1733.000000, 95.684210
1734.000000, 95.687480
1735.000000, 95.666670
1736.000000, 95.649220
1737.000000, 95.654620
1738.000000, 95.614360
1739.000000, 95.606580
1740.000000, 95.595020
1741.000000, 95.566330
1742.000000, 95.549990
1743.000000, 95.527180
1744.000000, 95.504690
1745.000000, 95.496280
1746.000000, 95.463040
1747.000000, 95.454940
1748.000000, 95.432270
1749.000000, 95.409680
1750.000000, 95.394550
1751.000000, 95.363090
1752.000000, 95.343360
1753.000000, 95.326170
1754.000000, 95.304990
1755.000000, 95.298030
1756.000000, 95.269400
1757.000000, 95.265850
1758.000000, 95.238080
1759.000000, 95.206760
1760.000000, 95.228130
1761.000000, 95.188820
1762.000000, 95.182590
1763.000000, 95.179380
1764.000000, 95.162900
1765.000000, 95.152370
1766.000000, 95.137630
1767.000000, 95.156010
1768.000000, 95.129650
1769.000000, 95.123120
1770.000000, 95.135040
1771.000000, 95.123390
1772.000000, 95.128370
1773.000000, 95.127040
1774.000000, 95.140820
1775.000000, 95.127640
1776.000000, 95.138440
1777.000000, 95.163690
1778.000000, 95.149420
1779.000000, 95.169650
1780.000000, 95.174710
1781.000000, 95.197220
1782.000000, 95.203090
1783.000000, 95.211040
1784.000000, 95.235080
1785.000000, 95.240850
1786.000000, 95.261670
1787.000000, 95.291730
1788.000000, 95.298070
1789.000000, 95.319000
1790.000000, 95.340760
1791.000000, 95.368060
1792.000000, 95.377850
1793.000000, 95.404590
1794.000000, 95.439380
1795.000000, 95.439110
1796.000000, 95.476680
1797.000000, 95.493550
1798.000000, 95.523480
1799.000000, 95.522660
1800.000000, 95.556680
1801.000000, 95.590000
1802.000000, 95.598910
1803.000000, 95.640420
1804.000000, 95.638860
1805.000000, 95.682430
1806.000000, 95.686440
1807.000000, 95.729660
1808.000000, 95.739160
1809.000000, 95.738430
1810.000000, 95.775150
1811.000000, 95.777740
1812.000000, 95.813060
1813.000000, 95.814740
1814.000000, 95.844480
1815.000000, 95.843130
1816.000000, 95.855220
1817.000000, 95.880730
1818.000000, 95.876660
1819.000000, 95.888320
1820.000000, 95.913570
1821.000000, 95.944500
1822.000000, 95.937360
1823.000000, 95.934500
1824.000000, 95.946130
1825.000000, 95.936780
1826.000000, 95.956020
1827.000000, 95.942180
1828.000000, 95.941430
1829.000000, 95.926600
1830.000000, 95.940730
1831.000000, 95.948830
1832.000000, 95.949520
1833.000000, 95.944960
1834.000000, 95.926930
1835.000000, 95.920200
1836.000000, 95.910770
1837.000000, 95.914290
1838.000000, 95.901400
1839.000000, 95.889760
1840.000000, 95.885030
1841.000000, 95.888850
1842.000000, 95.897100
1843.000000, 95.861140
1844.000000, 95.846240
1845.000000, 95.806980
1846.000000, 95.799220
1847.000000, 95.791990
1848.000000, 95.788560
1849.000000, 95.759770
1850.000000, 95.754250
1851.000000, 95.735840
1852.000000, 95.721740
1853.000000, 95.706410
1854.000000, 95.704420
1855.000000, 95.698560
1856.000000, 95.687680
1857.000000, 95.683060
1858.000000, 95.660950
1859.000000, 95.648200
1860.000000, 95.637440
1861.000000, 95.630770
1862.000000, 95.617130
1863.000000, 95.595820
1864.000000, 95.578480
1865.000000, 95.577510
1866.000000, 95.549060
1867.000000, 95.552240
1868.000000, 95.533490
1869.000000, 95.518750
1870.000000, 95.500020
1871.000000, 95.516810
1872.000000, 95.522670
1873.000000, 95.525250
1874.000000, 95.521720
1875.000000, 95.529690
1876.000000, 95.543010
1877.000000, 95.526190
1878.000000, 95.538800
1879.000000, 95.517140
1880.000000, 95.529190
1881.000000, 95.514760
1882.000000, 95.530350
1883.000000, 95.517000
1884.000000, 95.542080
1885.000000, 95.537270
1886.000000, 95.557080
1887.000000, 95.551210
1888.000000, 95.571420
1889.000000, 95.558810
1890.000000, 95.574520
1891.000000, 95.584020
1892.000000, 95.609650
1893.000000, 95.620160
1894.000000, 95.627790
1895.000000, 95.648790
1896.000000, 95.640500
1897.000000, 95.645430
1898.000000, 95.659620
1899.000000, 95.675470
1900.000000, 95.702380
1901.000000, 95.732800
1902.000000, 95.742850
1903.000000, 95.756650
1904.000000, 95.754010
1905.000000, 95.786780
1906.000000, 95.798940
1907.000000, 95.830190
1908.000000, 95.831910
1909.000000, 95.850270
1910.000000, 95.846880
1911.000000, 95.879350
1912.000000, 95.876930
1913.000000, 95.899050
1914.000000, 95.905720
1915.000000, 95.934310
1916.000000, 95.941420
1917.000000, 95.941640
1918.000000, 95.942280
1919.000000, 95.962810
1920.000000, 95.964260
1921.000000, 95.991370
1922.000000, 95.993710
1923.000000, 96.007680
1924.000000, 95.998660
1925.000000, 96.015530
1926.000000, 96.011750
1927.000000, 96.026470
1928.000000, 96.021010
1929.000000, 96.036740
1930.000000, 96.017910
1931.000000, 96.032790
1932.000000, 96.012760
1933.000000, 96.017460
1934.000000, 96.007080
1935.000000, 96.013750
1936.000000, 96.001290
1937.000000, 96.006000
1938.000000, 95.982540
1939.000000, 95.990410
1940.000000, 95.979400
1941.000000, 95.975320
1942.000000, 95.959250
1943.000000, 95.956570
1944.000000, 95.931050
1945.000000, 95.929820
1946.000000, 95.909710
1947.000000, 95.909610
1948.000000, 95.882220
1949.000000, 95.877630
1950.000000, 95.847260
1951.000000, 95.843570
1952.000000, 95.813330
1953.000000, 95.799650
1954.000000, 95.780910
1955.000000, 95.762580
1956.000000, 95.750100
1957.000000, 95.730930
1958.000000, 95.709280
1959.000000, 95.688560
1960.000000, 95.672900
1961.000000, 95.640260
1962.000000, 95.632140
1963.000000, 95.600720
1964.000000, 95.595600
1965.000000, 95.562970
1966.000000, 95.542820
1967.000000, 95.525100
1968.000000, 95.510990
1969.000000, 95.471960
1970.000000, 95.471660
1971.000000, 95.448650
1972.000000, 95.429990
1973.000000, 95.408110
1974.000000, 95.397730
1975.000000, 95.381550
1976.000000, 95.361230
1977.000000, 95.349550
1978.000000, 95.331130
1979.000000, 95.321010
1980.000000, 95.306400
1981.000000, 95.298400
1982.000000, 95.274710
1983.000000, 95.277620
1984.000000, 95.255440
1985.000000, 95.251750
1986.000000, 95.242850
1987.000000, 95.240740
1988.000000, 95.223220
1989.000000, 95.232080
1990.000000, 95.222310
1991.000000, 95.215900
1992.000000, 95.222730
1993.000000, 95.218750
1994.000000, 95.225210
1995.000000, 95.224170
1996.000000, 95.236170
1997.000000, 95.228740
1998.000000, 95.241290
1999.000000, 95.236720
2000.000000, 95.252110
2001.000000, 95.249630
2002.000000, 95.268500
2003.000000, 95.271580
2004.000000, 95.285300
2005.000000, 95.308360
2006.000000, 95.318630
2007.000000, 95.335590
2008.000000, 95.347470
2009.000000, 95.373740
2010.000000, 95.383720
2011.000000, 95.409550
2012.000000, 95.428120
2013.000000, 95.450200
2014.000000, 95.466800
2015.000000, 95.498260
2016.000000, 95.508270
2017.000000, 95.547810
2018.000000, 95.562080
2019.000000, 95.598450
2020.000000, 95.621200
2021.000000, 95.641120
2022.000000, 95.678280
2023.000000, 95.701580
2024.000000, 95.724820
2025.000000, 95.761380
2026.000000, 95.802190
2027.000000, 95.818890
2028.000000, 95.843250
2029.000000, 95.880200
2030.000000, 95.908230
2031.000000, 95.935940
2032.000000, 95.968930
2033.000000, 95.994640
2034.000000, 96.021850
2035.000000, 96.057090
2036.000000, 96.083530
2037.000000, 96.116850
2038.000000, 96.140260
2039.000000, 96.163960
2040.000000, 96.199820
2041.000000, 96.224950
2042.000000, 96.252350
2043.000000, 96.279730
2044.000000, 96.302690
2045.000000, 96.326160
2046.000000, 96.349070
2047.000000, 96.377680
2048.000000, 96.386870
2049.000000, 96.421200
2050.000000, 96.434880
2051.000000, 96.455440
2052.000000, 96.475060
2053.000000, 96.495080
2054.000000, 96.509350
2055.000000, 96.521590
2056.000000, 96.542320
2057.000000, 96.548730
2058.000000, 96.561860
2059.000000, 96.576290
2060.000000, 96.582890
2061.000000, 96.592420
2062.000000, 96.600610
2063.000000, 96.609260
2064.000000, 96.606860
2065.000000, 96.608380
2066.000000, 96.622120
2067.000000, 96.618230
2068.000000, 96.611850
2069.000000, 96.614890
2070.000000, 96.616270
2071.000000, 96.609510
2072.000000, 96.607140
2073.000000, 96.602120
2074.000000, 96.593830
2075.000000, 96.581990
2076.000000, 96.576410
2077.000000, 96.561580
2078.000000, 96.540460
2079.000000, 96.538100
2080.000000, 96.525370
2081.000000, 96.499460
2082.000000, 96.488740
2083.000000, 96.477600
2084.000000, 96.464230
2085.000000, 96.436050
2086.000000, 96.420890
2087.000000, 96.400600
2088.000000, 96.378770
2089.000000, 96.353150
2090.000000, 96.339710
2091.000000, 96.311100
2092.000000, 96.285280
2093.000000, 96.266670
2094.000000, 96.233490
2095.000000, 96.213220
2096.000000, 96.195240
2097.000000, 96.163990
2098.000000, 96.132420
2099.000000, 96.110220
2100.000000, 96.087020
2101.000000, 96.065760
2102.000000, 96.026120
2103.000000, 96.015860
2104.000000, 95.989240
2105.000000, 95.958850
2106.000000, 95.932350
2107.000000, 95.918180
2108.000000, 95.883140
2109.000000, 95.857060
2110.000000, 95.848780
2111.000000, 95.808610
2112.000000, 95.786250
2113.000000, 95.772020
2114.000000, 95.745450
2115.000000, 95.723510
2116.000000, 95.707700
2117.000000, 95.695430
2118.000000, 95.666790
2119.000000, 95.652210
2120.000000, 95.644720
2121.000000, 95.626160
2122.000000, 95.601590
2123.000000, 95.596300
2124.000000, 95.582570
2125.000000, 95.563900
2126.000000, 95.560920
2127.000000, 95.548280
2128.000000, 95.546480
2129.000000, 95.525580
2130.000000, 95.525900
2131.000000, 95.524060
2132.000000, 95.515360
2133.000000, 95.506930
2134.000000, 95.514150
2135.000000, 95.500790
2136.000000, 95.506230
2137.000000, 95.519450
2138.000000, 95.508710
2139.000000, 95.509360
2140.000000, 95.519730
2141.000000, 95.521860
2142.000000, 95.522610
2143.000000, 95.534910
2144.000000, 95.552380
2145.000000, 95.552120
2146.000000, 95.562620
2147.000000, 95.581150
2148.000000, 95.587740
2149.000000, 95.597700
2150.000000, 95.624910
2151.000000, 95.635160
2152.000000, 95.641800
2153.000000, 95.662290
2154.000000, 95.687930
2155.000000, 95.696460
2156.000000, 95.718460
2157.000000, 95.735220
2158.000000, 95.757280
2159.000000, 95.776870
2160.000000, 95.798610
2161.000000, 95.820380
2162.000000, 95.839120
2163.000000, 95.857530
2164.000000, 95.879840
2165.000000, 95.892030
2166.000000, 95.915840
2167.000000, 95.946030
2168.000000, 95.956650
2169.000000, 95.977660
2170.000000, 95.996250
2171.000000, 96.021740
2172.000000, 96.035930
2173.000000, 96.050570
2174.000000, 96.072010
2175.000000, 96.091230
2176.000000, 96.101070
2177.000000, 96.117940
2178.000000, 96.132390
2179.000000, 96.139680
2180.000000, 96.144280
2181.000000, 96.149260
2182.000000, 96.128730
2183.000000, 96.093400
2184.000000, 96.054830
2185.000000, 95.990930
2186.000000, 95.905610
2187.000000, 95.822180
2188.000000, 95.722510
2189.000000, 95.609890
2190.000000, 95.477100
2191.000000, 95.331880
2192.000000, 95.174670
2193.000000, 94.990730
2194.000000, 94.798730
2195.000000, 94.596510
2196.000000, 94.361780
2197.000000, 94.142940
2198.000000, 93.894620
2199.000000, 93.623330
2200.000000, 93.329080
2200.000000, 93.047790
2201.000000, 92.766510
2202.000000, 92.471020
2203.000000, 92.172440
2204.000000, 91.881850
2204.000000, 91.581970
2205.000000, 91.281280
2206.000000, 90.978000
2207.000000, 90.665410
2208.000000, 90.350630
2208.000000, 90.052940
2209.000000, 89.750760
2210.000000, 89.439370
2211.000000, 89.127480
2212.000000, 88.810600
2212.000000, 88.504510
2213.000000, 88.198930
2214.000000, 87.885940
2215.000000, 87.560060
2216.000000, 87.222670
2216.000000, 86.895090
2217.000000, 86.571200
2218.000000, 86.252020
2219.000000, 85.935430
2220.000000, 85.618150
2220.000000, 85.290560
2221.000000, 84.956780
2222.000000, 84.633290
2223.000000, 84.311100
2224.000000, 83.980420
2225.000000, 83.641230
2225.000000, 83.311850
2226.000000, 82.974460
2227.000000, 82.635080
2228.000000, 82.314590
2229.000000, 81.992910
2229.000000, 81.660120
2230.000000, 81.334640
2231.000000, 81.008250
2232.000000, 80.678270
2233.000000, 80.360680
2233.000000, 80.043000
2234.000000, 79.717410
2235.000000, 79.397220
2236.000000, 79.085040
2237.000000, 78.772550
2237.000000, 78.445370
2238.000000, 78.116480
2239.000000, 77.800000
2240.000000, 77.501810
2241.000000, 77.203630
2241.000000, 76.912740
2242.000000, 76.606560
2243.000000, 76.293370
2244.000000, 75.996990
2245.000000, 75.705600
2245.000000, 75.415610
2246.000000, 75.131830
2247.000000, 74.844240
2248.000000, 74.559560
2249.000000, 74.290270
2249.000000, 74.023190
2250.000000, 73.758700
2251.000000, 73.498920
2252.000000, 73.235930
2253.000000, 72.968350
2253.000000, 72.716960
2254.000000, 72.468680
2255.000000, 72.206890
2256.000000, 71.964210
2257.000000, 71.725020
2257.000000, 71.485030
2258.000000, 71.258350
2259.000000, 71.038160
2260.000000, 70.818280
2261.000000, 70.586090
2261.000000, 70.358010
2262.000000, 70.159220
2263.000000, 69.955740
2264.000000, 69.745050
2265.000000, 69.538470
2265.000000, 69.337280
2266.000000, 69.149400
2267.000000, 68.964210
2268.000000, 68.779730
2269.000000, 68.592240
2270.000000, 68.409850
2270.000000, 68.240570
2271.000000, 68.086080
2272.000000, 67.927300
2273.000000, 67.764410
2274.000000, 67.611030
2274.000000, 67.456440
2275.000000, 67.311760
2276.000000, 67.170770
2277.000000, 67.028890
2278.000000, 66.883700
2278.000000, 66.742120
2279.000000, 66.614630
2280.000000, 66.494050
2281.000000, 66.372560
2282.000000, 66.248970
2282.000000, 66.126990
2283.000000, 66.017500
2284.000000, 65.914320
2285.000000, 65.815330
2286.000000, 65.723750
2286.000000, 65.632360
2287.000000, 65.539280
2288.000000, 65.450490
2289.000000, 65.368210
2290.000000, 65.280120
2290.000000, 65.189540
2291.000000, 65.111950
2292.000000, 65.039970
2293.000000, 64.968780
2294.000000, 64.908190
2294.000000, 64.848810
2295.000000, 64.797920
2296.000000, 64.756840
2297.000000, 64.703950
2298.000000, 64.649470
2298.000000, 64.604980
2299.000000, 64.565400
2300.000000, 64.523710
2301.000000, 64.484930
2302.000000, 64.447840
2302.000000, 64.407560
2303.000000, 64.381170
2304.000000, 64.365390
2305.000000, 64.347900
2306.000000, 64.329510
2306.000000, 64.303430
2307.000000, 64.277840
2308.000000, 64.273660
2309.000000, 64.272070
2310.000000, 64.258490
2310.000000, 64.243800
2311.000000, 64.237520
2312.000000, 64.241330
2313.000000, 64.242950
2314.000000, 64.235360
2315.000000, 64.235680
2315.000000, 64.245490
2316.000000, 64.257110
2317.000000, 64.266020
2318.000000, 64.272830
2319.000000, 64.275350
2319.000000, 64.280760
2320.000000, 64.294780
2321.000000, 64.309290
2322.000000, 64.321910
2323.000000, 64.332620
2323.000000, 64.345540
2324.000000, 64.356050
2325.000000, 64.371370
2326.000000, 64.396380
2327.000000, 64.415100
2327.000000, 64.435510
2328.000000, 64.461230
2329.000000, 64.477740
2330.000000, 64.493050
2331.000000, 64.510870
2331.000000, 64.527380
2332.000000, 64.546000
2333.000000, 64.569710
2334.000000, 64.587930
2335.000000, 64.591640
2335.000000, 64.600460
2336.000000, 64.619670
2337.000000, 64.640990
2338.000000, 64.657900
2339.000000, 64.668920
2339.000000, 64.680430
2340.000000, 64.698050
2341.000000, 64.723460
2342.000000, 64.735370
2343.000000, 64.736590
2343.000000, 64.743000
2344.000000, 64.758220
2345.000000, 64.767930
2346.000000, 64.772250
2347.000000, 64.769660
2347.000000, 64.757780
2348.000000, 64.759190
2349.000000, 64.770610
2350.000000, 64.766820
2351.000000, 64.752540
2351.000000, 64.735250
2352.000000, 64.719070
2353.000000, 64.703180
2354.000000, 64.683890
2355.000000, 64.663810
2355.000000, 64.644620
2356.000000, 64.626740
2357.000000, 64.603250
2358.000000, 64.573370
2359.000000, 64.542580
2360.000000, 64.506100
2360.000000, 64.472010
2361.000000, 64.425030
2362.000000, 64.366460
2363.000000, 64.304680
2364.000000, 64.246600
2364.000000, 64.188020
2365.000000, 64.127550
2366.000000, 64.066270
2367.000000, 63.996790
2368.000000, 63.916110
2368.000000, 63.836240
2369.000000, 63.758760
2370.000000, 63.679680
2371.000000, 63.598500
2372.000000, 63.516330
2372.000000, 63.426750
2373.000000, 63.331070
2374.000000, 63.239900
2375.000000, 63.144020
2376.000000, 63.037140
2376.000000, 62.928560
2377.000000, 62.821890
2378.000000, 62.719110
2379.000000, 62.610230
2380.000000, 62.494150
2380.000000, 62.380480
2381.000000, 62.267300
2382.000000, 62.149920
2383.000000, 62.028640
2384.000000, 61.903170
2384.000000, 61.769290
2385.000000, 61.631910
2386.000000, 61.492830
2387.000000, 61.358260
2388.000000, 61.226980
2388.000000, 61.094500
2389.000000, 60.952620
2390.000000, 60.801650
2391.000000, 60.649670
2392.000000, 60.500790
2392.000000, 60.354710
2393.000000, 60.207240
2394.000000, 60.061760
2395.000000, 59.911380
2396.000000, 59.755700
2396.000000, 59.597230
2397.000000, 59.436950
2398.000000, 59.277770
2399.000000, 59.115390
2400.000000, 58.951920
2400.000000, 58.785840
2401.000000, 58.621460
2402.000000, 58.466180
2403.000000, 58.308810
2404.000000, 58.143330
2405.000000, 57.973050
2405.000000, 57.802670
2406.000000, 57.640700
2407.000000, 57.481020
2408.000000, 57.309840
2409.000000, 57.140660
2409.000000, 56.975990
2410.000000, 56.812810
2411.000000, 56.645530
2412.000000, 56.469450
2413.000000, 56.299880
2413.000000, 56.137800
2414.000000, 55.974720
2415.000000, 55.816250
2416.000000, 55.655770
2417.000000, 55.490790
2417.000000, 55.326210
2418.000000, 55.165840
2419.000000, 55.001660
2420.000000, 54.830180
2421.000000, 54.668200
2421.000000, 54.511430
2422.000000, 54.345150
2423.000000, 54.177170
2424.000000, 54.016890
2425.000000, 53.869420
2425.000000, 53.724740
2426.000000, 53.569760
2427.000000, 53.415580
2428.000000, 53.268010
2429.000000, 53.115930
2429.000000, 52.960550
2430.000000, 52.809970
2431.000000, 52.664000
2432.000000, 52.523720
2433.000000, 52.384240
2433.000000, 52.244460
2434.000000, 52.108490
2435.000000, 51.969410
2436.000000, 51.821630
2437.000000, 51.675950
2437.000000, 51.539680
2438.000000, 51.412900
2439.000000, 51.289120
2440.000000, 51.157040
2441.000000, 51.023270
2441.000000, 50.893890
2442.000000, 50.769910
2443.000000, 50.652730
2444.000000, 50.530960
2445.000000, 50.405280
2445.000000, 50.291100
2446.000000, 50.185320
2447.000000, 50.078350
2448.000000, 49.971970
2449.000000, 49.867190
2450.000000, 49.764410
2450.000000, 49.665240
2451.000000, 49.564160
2452.000000, 49.460680
2453.000000, 49.361000
2454.000000, 49.264230
2454.000000, 49.164850
2455.000000, 49.061770
2456.000000, 48.963300
2457.000000, 48.878920
2458.000000, 48.802140
2458.000000, 48.722960
2459.000000, 48.639990
2460.000000, 48.557610
2461.000000, 48.481930
2462.000000, 48.413750
2462.000000, 48.344980
2463.000000, 48.271400
2464.000000, 48.203520
2465.000000, 48.138040
2466.000000, 48.068570
2466.000000, 48.003290
2467.000000, 47.944610
2468.000000, 47.884930
2469.000000, 47.831560
2470.000000, 47.787380
2470.000000, 47.739800
2471.000000, 47.690320
2472.000000, 47.639350
2473.000000, 47.585770
2474.000000, 47.536090
2474.000000, 47.492410
2475.000000, 47.452340
2476.000000, 47.416060
2477.000000, 47.386180
2478.000000, 47.359100
2478.000000, 47.330730
2479.000000, 47.297650
2480.000000, 47.259470
2481.000000, 47.225990
2482.000000, 47.199720
2482.000000, 47.178540
2483.000000, 47.160960
2484.000000, 47.137580
2485.000000, 47.112310
2486.000000, 47.096730
2486.000000, 47.089150
2487.000000, 47.080570
2488.000000, 47.068700
2489.000000, 47.059720
2490.000000, 47.048640
2490.000000, 47.036260
2491.000000, 47.033290
2492.000000, 47.036710
2493.000000, 47.037430
2494.000000, 47.042550
2495.000000, 47.045380
2495.000000, 47.040800
2496.000000, 47.041620
2497.000000, 47.049850
2498.000000, 47.060370
2499.000000, 47.072090
2499.000000, 47.082410
2500.000000, 47.094940
2501.000000, 47.111160
2502.000000, 47.129880
2503.000000, 47.148300
2503.000000, 47.164430
2504.000000, 47.184850
2505.000000, 47.210070
2506.000000, 47.228990
2507.000000, 47.241820
2507.000000, 47.265640
2508.000000, 47.297360
2509.000000, 47.320880
2510.000000, 47.341210
2511.000000, 47.368430
2511.000000, 47.402750
2512.000000, 47.435370
2513.000000, 47.462800
2514.000000, 47.496120
2515.000000, 47.530840
2515.000000, 47.556660
2516.000000, 47.583290
2517.000000, 47.613810
2518.000000, 47.647530
2519.000000, 47.689350
2519.000000, 47.725080
2520.000000, 47.751900
2521.000000, 47.781820
2522.000000, 47.817940
2523.000000, 47.862670
2523.000000, 47.911790
2524.000000, 47.948810
2525.000000, 47.986430
2526.000000, 48.030360
2527.000000, 48.069480
2527.000000, 48.103400
2528.000000, 48.141720
2529.000000, 48.186150
2530.000000, 48.234070
2531.000000, 48.288390
2531.000000, 48.339810
2532.000000, 48.378640
2533.000000, 48.405160
2534.000000, 48.435880
2535.000000, 48.498600
2535.000000, 48.561830
2536.000000, 48.579050
2537.000000, 48.581770
2538.000000, 48.615600
2539.000000, 48.654520
2540.000000, 48.688940
2540.000000, 48.740660
2541.000000, 48.811890
2542.000000, 48.882510
2543.000000, 48.920230
2544.000000, 48.936950
2544.000000, 48.962880
2545.000000, 48.984200
2546.000000, 49.016920
2547.000000, 49.076040
2548.000000, 49.129570
2548.000000, 49.144290
2549.000000, 49.161610
2550.000000, 49.200330
2551.000000, 49.240360
2552.000000, 49.288880
2552.000000, 49.330900
2553.000000, 49.333520
2554.000000, 49.335650
2555.000000, 49.362270
2556.000000, 49.391490
2556.000000, 49.421310
2557.000000, 49.455340
2558.000000, 49.494160
2559.000000, 49.551180
2560.000000, 49.630100
2560.000000, 49.687130
2561.000000, 49.692350
2562.000000, 49.677670
2563.000000, 49.683190
2564.000000, 49.726520
2564.000000, 49.736140
2565.000000, 49.702060
2566.000000, 49.699580
2567.000000, 49.733710
2568.000000, 49.783930
2568.000000, 49.839750
2569.000000, 49.854070
2570.000000, 49.812400
2571.000000, 49.800220
2572.000000, 49.835240
2572.000000, 49.885960
2573.000000, 49.885690
2574.000000, 49.854210
2575.000000, 49.863130
2576.000000, 49.908750
2576.000000, 49.913080
2577.000000, 49.851700
2578.000000, 49.831920
2579.000000, 49.866050
2580.000000, 49.917770
2580.000000, 49.948490
2581.000000, 49.914910
2582.000000, 49.922740
2583.000000, 49.980360
2584.000000, 49.962880
2585.000000, 49.863600
2585.000000, 49.858130
2586.000000, 49.905150
2587.000000, 49.918570
2588.000000, 49.871590
2589.000000, 49.840820
2589.000000, 49.805040
2590.000000, 49.779560
2591.000000, 49.791280
2592.000000, 49.817910
2593.000000, 49.853130
2593.000000, 49.920250
2594.000000, 49.974570
2595.000000, 49.865300
2596.000000, 49.749820
2597.000000, 49.714240
2597.000000, 49.689260
2598.000000, 49.657090
2599.000000, 49.646710
2600.000000, 49.658030
2601.000000, 49.664950
2601.000000, 49.637180
2602.000000, 49.632200
2603.000000, 49.673020
2604.000000, 49.700740
2605.000000, 49.687170
2605.000000, 49.615090
2606.000000, 49.556510
2607.000000, 49.521630
2608.000000, 49.478960
2609.000000, 49.465680
2609.000000, 49.435800
2610.000000, 49.375020
2611.000000, 49.357450
2612.000000, 49.376070
2613.000000, 49.359790
2613.000000, 49.307910
2614.000000, 49.287840
2615.000000, 49.319360
2616.000000, 49.377680
2617.000000, 49.355900
2617.000000, 49.247730
2618.000000, 49.209450
2619.000000, 49.236970
2620.000000, 49.228600
2621.000000, 49.122820
2621.000000, 49.054040
2622.000000, 49.033260
2623.000000, 49.016890
2624.000000, 49.004510
2625.000000, 49.011530
2625.000000, 49.036950
2626.000000, 49.026380
2627.000000, 48.961900
2628.000000, 48.956920
2629.000000, 49.015940
2630.000000, 49.084770
2630.000000, 49.027390
2631.000000, 48.900810
2632.000000, 48.875730
2633.000000, 48.889660
2634.000000, 48.866580
2634.000000, 48.801200
2635.000000, 48.765020
2636.000000, 48.757350
2637.000000, 48.751270
2638.000000, 48.742390
2638.000000, 48.732710
2639.000000, 48.728740
2640.000000, 48.736360
2641.000000, 48.750180
2642.000000, 48.747600
2642.000000, 48.718330
2643.000000, 48.702150
2644.000000, 48.729970
2645.000000, 48.774290
2646.000000, 48.774920
2646.000000, 48.724240
2647.000000, 48.687160
2648.000000, 48.678880
2649.000000, 48.680410
2650.000000, 48.690130
2650.000000, 48.719850
2651.000000, 48.775270
2652.000000, 48.804300
2653.000000, 48.763020
2654.000000, 48.741740
2654.000000, 48.759560
2655.000000, 48.764790
2656.000000, 48.754810
2657.000000, 48.764230
2658.000000, 48.795050
2658.000000, 48.850280
2659.000000, 48.894500
2660.000000, 48.888620
2661.000000, 48.894350
2662.000000, 48.916070
2662.000000, 48.931390
2663.000000, 48.970510
2664.000000, 49.048240
2665.000000, 49.142460
2666.000000, 49.178880
2666.000000, 49.142800
2667.000000, 49.094230
2668.000000, 49.104650
2669.000000, 49.168170
2670.000000, 49.228690
2670.000000, 49.181420
2671.000000, 49.161140
2672.000000, 49.200360
2673.000000, 49.255380
2674.000000, 49.331110
2674.000000, 49.432030
2675.000000, 49.557850
2676.000000, 49.670170
2677.000000, 49.642800
2678.000000, 49.525120
2679.000000, 49.465140
2679.000000, 49.422960
2680.000000, 49.373890
2681.000000, 49.347810
2682.000000, 49.339730
2683.000000, 49.313050
2683.000000, 49.204880
2684.000000, 49.031900
2685.000000, 48.883020
2686.000000, 48.708740
2687.000000, 48.446170
2687.000000, 48.194590
2688.000000, 47.957410
2689.000000, 47.666030
2690.000000, 47.380960
2691.000000, 47.138280
2691.000000, 46.912600
2692.000000, 46.733920
2693.000000, 46.563150
2694.000000, 46.276070
2695.000000, 45.951590
2695.000000, 45.650710
2696.000000, 45.351240
2697.000000, 45.118560
2698.000000, 44.915080
2699.000000, 44.710700
2699.000000, 44.532930
2700.000000, 44.358950
2701.000000, 44.093870
2702.000000, 43.833100
2703.000000, 43.676820
2703.000000, 43.553440
2704.000000, 43.428760
2705.000000, 43.305290
2706.000000, 43.191910
2707.000000, 43.106430
2707.000000, 43.065850
2708.000000, 43.049680
2709.000000, 43.014300
2710.000000, 42.958320
2711.000000, 42.881740
2711.000000, 42.789270
2712.000000, 42.740890
2713.000000, 42.735610
2714.000000, 42.744230
2715.000000, 42.766260
2715.000000, 42.810980
2716.000000, 42.881500
2717.000000, 42.967520
2718.000000, 43.054550
2719.000000, 43.149270
2719.000000, 43.284890
2720.000000, 43.438110
2721.000000, 43.494940
2722.000000, 43.521160
2723.000000, 43.604780
2724.000000, 43.760400
2724.000000, 43.958530
2725.000000, 44.081050
2726.000000, 44.150270
2727.000000, 44.243790
2728.000000, 44.367120
2728.000000, 44.509840
2729.000000, 44.662460
2730.000000, 44.823180
2731.000000, 44.994310
2732.000000, 45.175130
2732.000000, 45.357550
2733.000000, 45.539570
2734.000000, 45.742700
2735.000000, 45.970420
2736.000000, 46.168740
2736.000000, 46.333260
2737.000000, 46.510890
2738.000000, 46.742310
2739.000000, 47.076830
2740.000000, 47.429450
2740.000000, 47.645480
2741.000000, 47.797800
2742.000000, 47.922320
2743.000000, 48.041650
2744.000000, 48.196370
2744.000000, 48.398790
2745.000000, 48.625210
2746.000000, 48.839640
2747.000000, 49.045460
2748.000000, 49.271080
2748.000000, 49.513300
2749.000000, 49.752330
2750.000000, 49.993050
2751.000000, 50.257970
2752.000000, 50.530490
2752.000000, 50.761920
2753.000000, 50.967040
2754.000000, 51.201860
2755.000000, 51.507780
2756.000000, 51.781410
2756.000000, 51.940330
2757.000000, 52.088950
2758.000000, 52.256870
2759.000000, 52.437700
2760.000000, 52.625420
2760.000000, 52.811540
2761.000000, 52.996660
2762.000000, 53.198590
2763.000000, 53.422210
2764.000000, 53.620330
2764.000000, 53.773350
2765.000000, 53.920980
2766.000000, 54.092800
2767.000000, 54.279820
2768.000000, 54.457540
2769.000000, 54.619170
2769.000000, 54.799190
2770.000000, 55.035810
2771.000000, 55.287730
2772.000000, 55.487060
2773.000000, 55.637880
2773.000000, 55.776600
2774.000000, 55.933120
2775.000000, 56.118350
2776.000000, 56.326070
2777.000000, 56.535790
2777.000000, 56.717210
2778.000000, 56.864340
2779.000000, 56.999060
2780.000000, 57.144280
2781.000000, 57.314800
2781.000000, 57.491130
2782.000000, 57.635450
2783.000000, 57.749270
2784.000000, 57.853900
2785.000000, 57.967720
2785.000000, 58.106240
2786.000000, 58.279060
2787.000000, 58.456890
2788.000000, 58.579610
2789.000000, 58.654230
2789.000000, 58.733350
2790.000000, 58.831980
2791.000000, 58.936000
2792.000000, 59.039520
2793.000000, 59.146540
2793.000000, 59.252070
2794.000000, 59.356890
2795.000000, 59.467410
2796.000000, 59.580730
2797.000000, 59.690560
2797.000000, 59.788480
2798.000000, 59.873500
2799.000000, 59.962320
2800.000000, 60.068550
2801.000000, 60.192170
2801.000000, 60.337190
2802.000000, 60.505510
2803.000000, 60.645240
2804.000000, 60.685660
2805.000000, 60.673980
2805.000000, 60.687800
2806.000000, 60.738330
2807.000000, 60.804650
2808.000000, 60.869470
2809.000000, 60.919190
2809.000000, 60.956220
2810.000000, 60.994840
2811.000000, 61.039460
2812.000000, 61.090280
2813.000000, 61.151310
2814.000000, 61.219330
2814.000000, 61.277450
2815.000000, 61.308670
2816.000000, 61.321700
2817.000000, 61.343820
2818.000000, 61.389040
2818.000000, 61.449360
2819.000000, 61.506590
2820.000000, 61.545010
2821.000000, 61.554930
2822.000000, 61.541450
2822.000000, 61.522080
2823.000000, 61.507100
2824.000000, 61.500620
2825.000000, 61.503450
2826.000000, 61.518170
2826.000000, 61.542490
2827.000000, 61.554210
2828.000000, 61.534240
2829.000000, 61.501660
2830.000000, 61.484180
2830.000000, 61.482500
2831.000000, 61.483730
2832.000000, 61.482350
2833.000000, 61.480170
2834.000000, 61.474890
2834.000000, 61.458320
2835.000000, 61.432140
2836.000000, 61.411260
2837.000000, 61.399680
2838.000000, 61.374910
2838.000000, 61.318130
2839.000000, 61.254150
2840.000000, 61.210470
2841.000000, 61.179600
2842.000000, 61.143020
2842.000000, 61.098340
2843.000000, 61.054860
2844.000000, 61.016990
2845.000000, 60.982910
2846.000000, 60.948230
2846.000000, 60.912050
2847.000000, 60.877480
2848.000000, 60.841700
2849.000000, 60.791820
2850.000000, 60.723640
2850.000000, 60.655670
2851.000000, 60.604590
2852.000000, 60.574310
2853.000000, 60.559330
2854.000000, 60.538860
2854.000000, 60.487480
2855.000000, 60.407800
2856.000000, 60.326120
2857.000000, 60.258950
2858.000000, 60.206970
2859.000000, 60.164490
2859.000000, 60.119010
2860.000000, 60.059940
2861.000000, 59.991460
2862.000000, 59.924880
2863.000000, 59.864000
2863.000000, 59.807030
2864.000000, 59.753650
2865.000000, 59.705670
2866.000000, 59.659000
2867.000000, 59.603920
2867.000000, 59.542440
2868.000000, 59.484560
2869.000000, 59.432390
2870.000000, 59.386110
2871.000000, 59.343830
2871.000000, 59.294750
2872.000000, 59.232780
2873.000000, 59.167700
2874.000000, 59.107520
2875.000000, 59.050740
2875.000000, 58.996870
2876.000000, 58.948190
2877.000000, 58.900710
2878.000000, 58.849130
2879.000000, 58.795760
2879.000000, 58.745680
2880.000000, 58.700600
2881.000000, 58.659120
2882.000000, 58.618950
2883.000000, 58.579070
2883.000000, 58.535290
2884.000000, 58.481510
2885.000000, 58.423140
2886.000000, 58.373860
2887.000000, 58.336580
2887.000000, 58.300600
2888.000000, 58.258130
2889.000000, 58.212450
2890.000000, 58.170270
2891.000000, 58.132790
2891.000000, 58.097220
2892.000000, 58.060240
2893.000000, 58.021160
2894.000000, 57.982480
2895.000000, 57.946510
2895.000000, 57.913830
2896.000000, 57.884350
2897.000000, 57.856970
2898.000000, 57.832900
2899.000000, 57.818820
2899.000000, 57.814440
2900.000000, 57.799660
2901.000000, 57.759190
2902.000000, 57.710810
2903.000000, 57.677530
2904.000000, 57.660650
2904.000000, 57.647480
2905.000000, 57.628700
2906.000000, 57.606820
2907.000000, 57.587450
2908.000000, 57.572470
2908.000000, 57.560790
2909.000000, 57.549710
2910.000000, 57.538240
2911.000000, 57.528360
2912.000000, 57.520480
2912.000000, 57.513200
2913.000000, 57.506230
2914.000000, 57.498650
2915.000000, 57.488770
2916.000000, 57.477790
2916.000000, 57.467920
2917.000000, 57.459140
2918.000000, 57.451660
2919.000000, 57.447180
2920.000000, 57.446810
2920.000000, 57.452230
2921.000000, 57.465850
2922.000000, 57.485470
2923.000000, 57.500900
2924.000000, 57.501420
2924.000000, 57.490240
2925.000000, 57.481360
2926.000000, 57.483990
2927.000000, 57.496810
2928.000000, 57.513430
2928.000000, 57.527750
2929.000000, 57.538080
2930.000000, 57.547900
2931.000000, 57.561520
2932.000000, 57.578340
2932.000000, 57.595970
2933.000000, 57.613090
2934.000000, 57.630210
2935.000000, 57.649630
2936.000000, 57.672460
2936.000000, 57.696280
2937.000000, 57.719000
2938.000000, 57.741420
2939.000000, 57.765450
2940.000000, 57.790470
2940.000000, 57.814290
2941.000000, 57.836710
2942.000000, 57.859240
2943.000000, 57.882760
2944.000000, 57.908980
2944.000000, 57.940300
2945.000000, 57.976730
2946.000000, 58.014550
2947.000000, 58.048470
2948.000000, 58.075800
2949.000000, 58.099220
2949.000000, 58.124740
2950.000000, 58.153360
2951.000000, 58.182290
2952.000000, 58.211710
2953.000000, 58.245330
2953.000000, 58.283950
2954.000000, 58.324480
2955.000000, 58.363900
2956.000000, 58.400920
2957.000000, 58.436640
2957.000000, 58.472370
2958.000000, 58.507990
2959.000000, 58.544810
2960.000000, 58.584930
2961.000000, 58.628560
2961.000000, 58.674080
2962.000000, 58.718300
2963.000000, 58.757620
2964.000000, 58.791950
2965.000000, 58.827170
2965.000000, 58.869990
2966.000000, 58.919610
2967.000000, 58.969840
2968.000000, 59.015560
2969.000000, 59.056280
2969.000000, 59.094100
2970.000000, 59.130330
2971.000000, 59.165250
2972.000000, 59.201770
2973.000000, 59.244290
2973.000000, 59.291420
2974.000000, 59.336940
2975.000000, 59.378160
2976.000000, 59.417180
2977.000000, 59.456410
2977.000000, 59.496630
2978.000000, 59.538850
2979.000000, 59.582670
2980.000000, 59.625100
2981.000000, 59.665020
2981.000000, 59.704940
2982.000000, 59.745960
2983.000000, 59.786890
2984.000000, 59.827210
2985.000000, 59.867130
2985.000000, 59.905750
2986.000000, 59.941480
2987.000000, 59.974900
2988.000000, 60.009920
2989.000000, 60.050350
2989.000000, 60.095870
2990.000000, 60.141190
2991.000000, 60.182210
2992.000000, 60.218940
2993.000000, 60.254060
2994.000000, 60.288780
2994.000000, 60.323700
2995.000000, 60.360930
2996.000000, 60.398750
2997.000000, 60.430870
2998.000000, 60.454190
2998.000000, 60.472420
2999.000000, 60.491440
3000.000000, 60.515060
3001.000000, 60.543380
3002.000000, 60.574010
3002.000000, 60.605130
3003.000000, 60.637250
3004.000000, 60.671270
3005.000000, 60.705900
3006.000000, 60.738420
3006.000000, 60.765840
3007.000000, 60.787260
3008.000000, 60.803990
3009.000000, 60.817710
3010.000000, 60.831130
3010.000000, 60.847250
3011.000000, 60.867480
3012.000000, 60.889600
3013.000000, 60.908820
3014.000000, 60.921940
3014.000000, 60.930670
3015.000000, 60.940390
3016.000000, 60.955410
3017.000000, 60.973730
3018.000000, 60.991160
3018.000000, 61.004680
3019.000000, 61.014200
3020.000000, 61.023020
3021.000000, 61.033350
3022.000000, 61.043170
3022.000000, 61.048290
3023.000000, 61.047510
3024.000000, 61.045040
3025.000000, 61.043160
3026.000000, 61.039480
3026.000000, 61.032700
3027.000000, 61.024530
3028.000000, 61.017250
3029.000000, 61.011270
3030.000000, 61.006000
3030.000000, 61.001620
3031.000000, 60.997540
3032.000000, 60.990260
3033.000000, 60.976690
3034.000000, 60.959510
3034.000000, 60.943630
3035.000000, 60.928750
3036.000000, 60.912480
3037.000000, 60.893000
3038.000000, 60.870020
3039.000000, 60.844640
3039.000000, 60.818270
3040.000000, 60.792090
3041.000000, 60.765610
3042.000000, 60.738730
3043.000000, 60.712860
3043.000000, 60.685880
3044.000000, 60.654200
3045.000000, 60.617820
3046.000000, 60.580850
3047.000000, 60.547070
3047.000000, 60.516690
3048.000000, 60.486110
3049.000000, 60.451940
3050.000000, 60.415860
3051.000000, 60.381780
3051.000000, 60.347000
3052.000000, 60.308830
3053.000000, 60.267550
3054.000000, 60.223570
3055.000000, 60.176490
3055.000000, 60.125720
3056.000000, 60.072040
3057.000000, 60.017060
3058.000000, 59.964480
3059.000000, 59.915610
3059.000000, 59.866930
3060.000000, 59.814750
3061.000000, 59.758170
3062.000000, 59.699400
3063.000000, 59.641620
3063.000000, 59.585940
3064.000000, 59.531260
3065.000000, 59.476490
3066.000000, 59.420110
3067.000000, 59.360130
3067.000000, 59.296950
3068.000000, 59.232480
3069.000000, 59.169000
3070.000000, 59.107920
3071.000000, 59.049950
3071.000000, 58.993770
3072.000000, 58.932790
3073.000000, 58.864810
3074.000000, 58.793940
3075.000000, 58.724260
3075.000000, 58.656680
3076.000000, 58.589900
3077.000000, 58.522930
3078.000000, 58.457350
3079.000000, 58.395770
3079.000000, 58.335590
3080.000000, 58.271520
3081.000000, 58.200940
3082.000000, 58.125960
3083.000000, 58.051080
3084.000000, 57.979210
3084.000000, 57.908930
3085.000000, 57.836450
3086.000000, 57.762670
3087.000000, 57.690700
3088.000000, 57.621220
3088.000000, 57.553040
3089.000000, 57.484260
3090.000000, 57.413890
3091.000000, 57.343110
3092.000000, 57.273830
3092.000000, 57.204450
3093.000000, 57.132280
3094.000000, 57.057300
3095.000000, 56.980720
3096.000000, 56.903840
3096.000000, 56.827470
3097.000000, 56.752390
3098.000000, 56.679010
3099.000000, 56.606530
3100.000000, 56.533960
3100.000000, 56.461280
3101.000000, 56.389100
3102.000000, 56.318420
3103.000000, 56.249650
3104.000000, 56.181570
3104.000000, 56.112190
3105.000000, 56.040610
3106.000000, 55.968140
3107.000000, 55.896760
3108.000000, 55.827780
3108.000000, 55.761000
3109.000000, 55.695430
3110.000000, 55.628050
3111.000000, 55.555070
3112.000000, 55.478700
3112.000000, 55.404120
3113.000000, 55.334940
3114.000000, 55.271360
3115.000000, 55.209190
3116.000000, 55.145010
3116.000000, 55.080630
3117.000000, 55.017150
3118.000000, 54.953580
3119.000000, 54.888600
3120.000000, 54.821320
3120.000000, 54.752940
3121.000000, 54.686870
3122.000000, 54.624990
3123.000000, 54.565510
3124.000000, 54.507230
3124.000000, 54.449360
3125.000000, 54.392180
3126.000000, 54.335000
3127.000000, 54.275220
3128.000000, 54.215650
3129.000000, 54.158070
3129.000000, 54.101690
3130.000000, 54.045110
3131.000000, 53.988040
3132.000000, 53.933160
3133.000000, 53.883580
3133.000000, 53.837500
3134.000000, 53.792230
3135.000000, 53.745850
3136.000000, 53.697370
3137.000000, 53.646690
3137.000000, 53.595420
3138.000000, 53.544940
3139.000000, 53.496060
3140.000000, 53.450080
3141.000000, 53.407510
3141.000000, 53.367630
3142.000000, 53.327350
3143.000000, 53.284370
3144.000000, 53.242600
3145.000000, 53.204520
3145.000000, 53.169240
3146.000000, 53.133660
3147.000000, 53.095090
3148.000000, 53.054810
3149.000000, 53.016330
3149.000000, 52.980850
3150.000000, 52.948880
3151.000000, 52.919900
3152.000000, 52.892520
3153.000000, 52.864750
3153.000000, 52.836070
3154.000000, 52.807290
3155.000000, 52.779510
3156.000000, 52.753440
3157.000000, 52.729460
3157.000000, 52.706680
3158.000000, 52.683700
3159.000000, 52.661830
3160.000000, 52.641950
3161.000000, 52.624270
3161.000000, 52.608290
3162.000000, 52.592420
3163.000000, 52.575640
3164.000000, 52.558460
3165.000000, 52.542080
3165.000000, 52.527510
3166.000000, 52.515630
3167.000000, 52.507250
3168.000000, 52.502070
3169.000000, 52.498100
3169.000000, 52.493620
3170.000000, 52.487640
3171.000000, 52.480660
3172.000000, 52.474690
3173.000000, 52.470110
3174.000000, 52.466530
3174.000000, 52.463850
3175.000000, 52.462280
3176.000000, 52.461700
3177.000000, 52.462320
3178.000000, 52.464240
3178.000000, 52.467670
3179.000000, 52.472490
3180.000000, 52.478410
3181.000000, 52.484630
3182.000000, 52.491660
3182.000000, 52.501780
3183.000000, 52.515400
3184.000000, 52.531820
3185.000000, 52.549350
3186.000000, 52.565270
3186.000000, 52.578690
3187.000000, 52.591310
3188.000000, 52.605340
3189.000000, 52.622660
3190.000000, 52.644680
3190.000000, 52.668800
3191.000000, 52.691030
3192.000000, 52.711850
3193.000000, 52.732970
3194.000000, 52.755600
3194.000000, 52.779820
3195.000000, 52.805540
3196.000000, 52.833260
3197.000000, 52.862790
3198.000000, 52.893410
3198.000000, 52.924430
3199.000000, 52.956950
3200.000000, 52.990880
3201.000000, 53.025200
3202.000000, 53.059920
3202.000000, 53.095340
3203.000000, 53.134870
3204.000000, 53.178290
3205.000000, 53.222210
3206.000000, 53.264230
3206.000000, 53.303260
3207.000000, 53.340680
3208.000000, 53.380900
3209.000000, 53.423720
3210.000000, 53.467850
3210.000000, 53.512270
3211.000000, 53.556390
3212.000000, 53.601010
3213.000000, 53.646440
3214.000000, 53.693860
3214.000000, 53.744280
3215.000000, 53.798000
3216.000000, 53.851630
3217.000000, 53.902950
3218.000000, 53.953070
3218.000000, 54.003690
3219.000000, 54.056520
3220.000000, 54.112340
3221.000000, 54.169160
3222.000000, 54.227080
3223.000000, 54.287010
3223.000000, 54.350030
3224.000000, 54.415850
3225.000000, 54.479470
3226.000000, 54.540000
3227.000000, 54.598520
3227.000000, 54.657540
3228.000000, 54.721460
3229.000000, 54.788490
3230.000000, 54.856610
3231.000000, 54.924330
3231.000000, 54.990750
3232.000000, 55.056280
3233.000000, 55.122600
3234.000000, 55.191020
3235.000000, 55.261550
3235.000000, 55.334170
3236.000000, 55.406990
3237.000000, 55.479410
3238.000000, 55.551840
3239.000000, 55.624360
3239.000000, 55.696880
3240.000000, 55.770300
3241.000000, 55.844930
3242.000000, 55.920650
3243.000000, 55.997470
3243.000000, 56.075290
3244.000000, 56.153820
3245.000000, 56.232440
3246.000000, 56.311960
3247.000000, 56.393080
3247.000000, 56.476910
3248.000000, 56.561630
3249.000000, 56.645250
3250.000000, 56.726970
3251.000000, 56.806800
3251.000000, 56.886120
3252.000000, 56.966540
3253.000000, 57.048260
3254.000000, 57.131590
3255.000000, 57.216610
3255.000000, 57.303430
3256.000000, 57.389450
3257.000000, 57.474580
3258.000000, 57.559500
3259.000000, 57.647020
3259.000000, 57.739440
3260.000000, 57.832870
3261.000000, 57.924990
3262.000000, 58.013910
3263.000000, 58.099530
3263.000000, 58.184060
3264.000000, 58.267980
3265.000000, 58.352100
3266.000000, 58.437820
3267.000000, 58.527250
3268.000000, 58.618670
3268.000000, 58.711690
3269.000000, 58.805910
3270.000000, 58.901140
3271.000000, 58.995560
3272.000000, 59.088080
3272.000000, 59.178500
3273.000000, 59.266930
3274.000000, 59.355250
3275.000000, 59.445070
3276.000000, 59.536300
3276.000000, 59.628520
3277.000000, 59.719740
3278.000000, 59.809560
3279.000000, 59.898990
3280.000000, 59.988610
3280.000000, 60.079130
3281.000000, 60.171450
3282.000000, 60.264980
3283.000000, 60.358200
3284.000000, 60.449720
3284.000000, 60.537640
3285.000000, 60.624770
3286.000000, 60.711690
3287.000000, 60.798910
3288.000000, 60.885930
3288.000000, 60.972460
3289.000000, 61.058480
3290.000000, 61.143900
3291.000000, 61.228820
3292.000000, 61.315150
3292.000000, 61.404670
3293.000000, 61.497090
3294.000000, 61.591410
3295.000000, 61.683740
3296.000000, 61.771860
3296.000000, 61.857480
3297.000000, 61.941400
3298.000000, 62.023830
3299.000000, 62.102450
3300.000000, 62.177970
3300.000000, 62.251490
3301.000000, 62.324820
3302.000000, 62.401840
3303.000000, 62.481060
3304.000000, 62.561080
3304.000000, 62.640410
3305.000000, 62.716730
3306.000000, 62.791650
3307.000000, 62.866170
3308.000000, 62.940700
3308.000000, 63.015820
3309.000000, 63.090440
3310.000000, 63.164960
3311.000000, 63.239990
3312.000000, 63.316710
3313.000000, 63.393730
3313.000000, 63.469050
3314.000000, 63.542080
3315.000000, 63.612600
3316.000000, 63.683420
3317.000000, 63.754850
3317.000000, 63.826370
3318.000000, 63.897190
3319.000000, 63.965310
3320.000000, 64.031640
3321.000000, 64.095960
3321.000000, 64.157880
3322.000000, 64.215100
3323.000000, 64.270830
3324.000000, 64.326350
3325.000000, 64.383170
3325.000000, 64.442390
3326.000000, 64.502520
3327.000000, 64.562840
3328.000000, 64.622560
3329.000000, 64.678180
3329.000000, 64.730610
3330.000000, 64.780230
3331.000000, 64.828050
3332.000000, 64.874870
3333.000000, 64.922600
3333.000000, 64.971720
3334.000000, 65.022440
3335.000000, 65.072560
3336.000000, 65.119990
3337.000000, 65.165410
3337.000000, 65.209630
3338.000000, 65.253450
3339.000000, 65.295280
3340.000000, 65.334600
3341.000000, 65.370620
3341.000000, 65.403440
3342.000000, 65.434970
3343.000000, 65.465290
3344.000000, 65.494610
3345.000000, 65.523230
3345.000000, 65.551760
3346.000000, 65.579980
3347.000000, 65.607400
3348.000000, 65.633720
3349.000000, 65.659850
3349.000000, 65.686070
3350.000000, 65.712490
3351.000000, 65.738410
3352.000000, 65.763840
3353.000000, 65.788860
3353.000000, 65.813180
3354.000000, 65.834900
3355.000000, 65.854630
3356.000000, 65.872350
3357.000000, 65.888370
3358.000000, 65.901600
3358.000000, 65.912020
3359.000000, 65.919840
3360.000000, 65.926160
3361.000000, 65.932690
3362.000000, 65.938510
3362.000000, 65.942930
3363.000000, 65.943450
3364.000000, 65.942080
3365.000000, 65.939200
3366.000000, 65.935220
3366.000000, 65.931840
3367.000000, 65.929670
3368.000000, 65.928690
3369.000000, 65.928810
3370.000000, 65.928330
3370.000000, 65.926960
3371.000000, 65.924580
3372.000000, 65.920300
3373.000000, 65.915020
3374.000000, 65.909550
3374.000000, 65.904470
3375.000000, 65.899790
3376.000000, 65.894110
3377.000000, 65.886840
3378.000000, 65.877060
3378.000000, 65.863380
3379.000000, 65.847200
3380.000000, 65.828430
3381.000000, 65.806750
3382.000000, 65.784270
3382.000000, 65.763090
3383.000000, 65.744220
3384.000000, 65.730440
3385.000000, 65.718060
3386.000000, 65.705180
3386.000000, 65.689810
3387.000000, 65.669530
3388.000000, 65.646750
3389.000000, 65.622170
3390.000000, 65.596700
3390.000000, 65.572520
3391.000000, 65.549340
3392.000000, 65.526960
3393.000000, 65.502890
3394.000000, 65.476210
3394.000000, 65.446730
3395.000000, 65.413850
3396.000000, 65.378380
3397.000000, 65.343000
3398.000000, 65.308320
3398.000000, 65.276150
3399.000000, 65.244770
3400.000000, 65.213090
3401.000000, 65.180510
3402.000000, 65.146340
3403.000000, 65.111960
3403.000000, 65.077580
3404.000000, 65.043700
3405.000000, 65.010130
3406.000000, 64.976050
3407.000000, 64.941270
3407.000000, 64.905690
3408.000000, 64.870920
3409.000000, 64.837040
3410.000000, 64.803660
3411.000000, 64.768180
3411.000000, 64.731110
3412.000000, 64.692630
3413.000000, 64.654050
3414.000000, 64.615870
3415.000000, 64.577700
3415.000000, 64.538720
3416.000000, 64.498640
3417.000000, 64.458360
3418.000000, 64.418090
3419.000000, 64.378710
3419.000000, 64.339730
3420.000000, 64.301150
3421.000000, 64.263280
3422.000000, 64.226900
3423.000000, 64.191120
3423.000000, 64.155740
3424.000000, 64.119970
3425.000000, 64.084290
3426.000000, 64.048610
3427.000000, 64.012430
3427.000000, 63.974260
3428.000000, 63.935280
3429.000000, 63.896100
3430.000000, 63.859020
3431.000000, 63.822350
3431.000000, 63.785670
3432.000000, 63.747390
3433.000000, 63.707210
3434.000000, 63.665740
3435.000000, 63.622660
3435.000000, 63.578280
3436.000000, 63.534000
3437.000000, 63.490030
3438.000000, 63.448350
3439.000000, 63.407570
3439.000000, 63.367000
3440.000000, 63.325320
3441.000000, 63.281740
3442.000000, 63.237560
3443.000000, 63.193290
3443.000000, 63.151510
3444.000000, 63.110730
3445.000000, 63.070650
3446.000000, 63.029780
3447.000000, 62.988000
3448.000000, 62.945620
3448.000000, 62.903140
3449.000000, 62.861770
3450.000000, 62.821390
3451.000000, 62.782310
3452.000000, 62.744530
3452.000000, 62.706360
3453.000000, 62.667580
3454.000000, 62.627000
3455.000000, 62.585620
3456.000000, 62.543950
3456.000000, 62.502370
3457.000000, 62.460490
3458.000000, 62.418610
3459.000000, 62.376540
3460.000000, 62.334960
3460.000000, 62.293880
3461.000000, 62.253600
3462.000000, 62.214730
3463.000000, 62.177050
3464.000000, 62.140270
3464.000000, 62.103590
3465.000000, 62.065720
3466.000000, 62.027640
3467.000000, 61.989560
3468.000000, 61.953380
3468.000000, 61.918110
3469.000000, 61.883630
3470.000000, 61.847950
3471.000000, 61.810770
3472.000000, 61.772400
3472.000000, 61.732720
3473.000000, 61.694040
3474.000000, 61.656360
3475.000000, 61.621290
3476.000000, 61.588310
3476.000000, 61.556030
3477.000000, 61.523850
3478.000000, 61.490380
3479.000000, 61.456100
3480.000000, 61.421020
3480.000000, 61.384850
3481.000000, 61.348370
3482.000000, 61.311890
3483.000000, 61.277910
3484.000000, 61.246740
3484.000000, 61.217660
3485.000000, 61.190680
3486.000000, 61.163500
3487.000000, 61.135930
3488.000000, 61.107150
3488.000000, 61.076570
3489.000000, 61.044790
3490.000000, 61.011520
3491.000000, 60.978940
3492.000000, 60.948060
3493.000000, 60.919580
3493.000000, 60.894510
3494.000000, 60.871130
3495.000000, 60.849150
3496.000000, 60.829070
3497.000000, 60.808200
3497.000000, 60.786520
3498.000000, 60.762040
3499.000000, 60.737960
3500.000000, 60.714490
3501.000000, 60.693710
3501.000000, 60.673830
3502.000000, 60.654450
3503.000000, 60.635180
3504.000000, 60.616300
3505.000000, 60.597720
3505.000000, 60.579340
3506.000000, 60.560870
3507.000000, 60.543190
3508.000000, 60.527210
3509.000000, 60.514230
3509.000000, 60.502360
3510.000000, 60.491180
3511.000000, 60.477300
3512.000000, 60.461720
3513.000000, 60.443950
3513.000000, 60.426270
3514.000000, 60.409790
3515.000000, 60.395110
3516.000000, 60.382440
3517.000000, 60.370860
3517.000000, 60.360780
3518.000000, 60.354600
3519.000000, 60.349930
3520.000000, 60.346750
3521.000000, 60.342570
3521.000000, 60.337200
3522.000000, 60.330620
3523.000000, 60.323640
3524.000000, 60.317260
3525.000000, 60.311590
3525.000000, 60.307210
3526.000000, 60.302630
3527.000000, 60.297950
3528.000000, 60.292280
3529.000000, 60.287300
3529.000000, 60.283020
3530.000000, 60.281740
3531.000000, 60.281670
3532.000000, 60.282690
3533.000000, 60.285210
3533.000000, 60.288530
3534.000000, 60.292660
3535.000000, 60.298280
3536.000000, 60.304500
3537.000000, 60.311320
3538.000000, 60.318650
3538.000000, 60.325670
3539.000000, 60.332590
3540.000000, 60.340010
3541.000000, 60.347840
3542.000000, 60.355860
3542.000000, 60.363180
3543.000000, 60.370800
3544.000000, 60.378830
3545.000000, 60.388950
3546.000000, 60.399770
3546.000000, 60.411190
3547.000000, 60.422820
3548.000000, 60.435840
3549.000000, 60.450360
3550.000000, 60.469380
3550.000000, 60.489310
3551.000000, 60.510330
3552.000000, 60.529550
3553.000000, 60.547870
3554.000000, 60.565000
3554.000000, 60.582520
3555.000000, 60.600940
3556.000000, 60.620460
3557.000000, 60.642190
3558.000000, 60.664710
3558.000000, 60.688330
3559.000000, 60.711750
3560.000000, 60.734780
3561.000000, 60.756800
3562.000000, 60.778320
3562.000000, 60.800050
3563.000000, 60.822670
3564.000000, 60.848090
3565.000000, 60.875010
3566.000000, 60.904740
3566.000000, 60.935160
3567.000000, 60.965580
3568.000000, 60.994700
3569.000000, 61.023230
3570.000000, 61.051650
3570.000000, 61.081770
3571.000000, 61.113590
3572.000000, 61.146620
3573.000000, 61.180340
3574.000000, 61.213160
3574.000000, 61.245280
3575.000000, 61.274910
3576.000000, 61.303930
3577.000000, 61.332450
3578.000000, 61.362170
3578.000000, 61.393400
3579.000000, 61.426620
3580.000000, 61.463040
3581.000000, 61.500760
3582.000000, 61.539790
3583.000000, 61.578510
3583.000000, 61.616630
3584.000000, 61.653050
3585.000000, 61.687980
3586.000000, 61.722000
3587.000000, 61.755520
3587.000000, 61.789140
3588.000000, 61.822870
3589.000000, 61.856490
3590.000000, 61.889710
3591.000000, 61.922730
3591.000000, 61.955960
3592.000000, 61.989780
3593.000000, 62.024400
3594.000000, 62.061520
3595.000000, 62.099550
3595.000000, 62.138770
3596.000000, 62.176590
3597.000000, 62.213310
3598.000000, 62.247340
3599.000000, 62.279960
3599.000000, 62.311780
3600.000000, 62.343700
3601.000000, 62.375930
3602.000000, 62.408550
3603.000000, 62.440870
3603.000000, 62.472400
3604.000000, 62.503020
3605.000000, 62.532540
3606.000000, 62.561960
3607.000000, 62.591490
3607.000000, 62.620410
3608.000000, 62.648730
3609.000000, 62.675250
3610.000000, 62.700780
3611.000000, 62.726100
3611.000000, 62.752820
3612.000000, 62.780340
3613.000000, 62.808570
3614.000000, 62.834290
3615.000000, 62.858210
3615.000000, 62.879530
3616.000000, 62.899160
3617.000000, 62.918580
3618.000000, 62.938600
3619.000000, 62.959720
3619.000000, 62.981250
3620.000000, 63.001970
3621.000000, 63.020490
3622.000000, 63.037110
3623.000000, 63.050040
3623.000000, 63.062560
3624.000000, 63.074780
3625.000000, 63.087800
3626.000000, 63.100730
3627.000000, 63.113150
3628.000000, 63.123770
3628.000000, 63.133290
3629.000000, 63.139820
3630.000000, 63.145040
3631.000000, 63.149060
3632.000000, 63.151780
3632.000000, 63.153910
3633.000000, 63.155130
3634.000000, 63.154450
3635.000000, 63.152670
3636.000000, 63.147700
3636.000000, 63.141220
3637.000000, 63.133640
3638.000000, 63.126060
3639.000000, 63.118090
3640.000000, 63.109610
3640.000000, 63.097530
3641.000000, 63.083550
3642.000000, 63.066280
3643.000000, 63.047800
3644.000000, 63.028620
3644.000000, 63.008550
3645.000000, 62.988170
3646.000000, 62.967490
3647.000000, 62.946410
3648.000000, 62.924940
3648.000000, 62.902260
3649.000000, 62.877680
3650.000000, 62.851900
3651.000000, 62.824130
3652.000000, 62.795550
3652.000000, 62.766170
3653.000000, 62.734290
3654.000000, 62.700820
3655.000000, 62.664340
3656.000000, 62.625460
3656.000000, 62.585280
3657.000000, 62.542410
3658.000000, 62.498830
3659.000000, 62.454250
3660.000000, 62.409070
3660.000000, 62.363600
3661.000000, 62.317320
3662.000000, 62.269540
3663.000000, 62.220760
3664.000000, 62.169090
3664.000000, 62.117010
3665.000000, 62.064330
3666.000000, 62.011250
3667.000000, 61.957680
3668.000000, 61.902100
3668.000000, 61.844120
3669.000000, 61.784440
3670.000000, 61.720970
3671.000000, 61.656390
3672.000000, 61.589910
3673.000000, 61.522430
3673.000000, 61.454460
3674.000000, 61.385880
3675.000000, 61.316900
3676.000000, 61.247420
3677.000000, 61.176750
3677.000000, 61.105370
3678.000000, 61.032390
3679.000000, 60.958010
3680.000000, 60.882740
3681.000000, 60.805260
3681.000000, 60.727180
3682.000000, 60.647900
3683.000000, 60.568030
3684.000000, 60.488050
3685.000000, 60.407870
3685.000000, 60.327700
3686.000000, 60.247520
3687.000000, 60.166640
3688.000000, 60.085260
3689.000000, 60.002490
3689.000000, 59.918610
3690.000000, 59.833930
3691.000000, 59.748650
3692.000000, 59.663280
3693.000000, 59.577600
3693.000000, 59.490720
3694.000000, 59.403140
3695.000000, 59.312770
3696.000000, 59.221490
3697.000000, 59.129010
3697.000000, 59.036330
3698.000000, 58.943860
3699.000000, 58.852380
3700.000000, 58.761200
3701.000000, 58.670420
3701.000000, 58.579050
3702.000000, 58.487170
3703.000000, 58.393690
3704.000000, 58.299910
3705.000000, 58.205840
3705.000000, 58.112060
3706.000000, 58.018180
3707.000000, 57.924000
3708.000000, 57.829130
3709.000000, 57.733950
3709.000000, 57.637870
3710.000000, 57.541590
3711.000000, 57.444820
3712.000000, 57.347940
3713.000000, 57.251060
3713.000000, 57.154680
3714.000000, 57.058410
3715.000000, 56.962530
3716.000000, 56.866650
3717.000000, 56.770770
3717.000000, 56.675400
3718.000000, 56.580420
3719.000000, 56.486140
3720.000000, 56.392760
3721.000000, 56.299890
3722.000000, 56.208710
3722.000000, 56.118030
3723.000000, 56.027950
3724.000000, 55.937080
3725.000000, 55.845700
3726.000000, 55.752520
3726.000000, 55.659250
3727.000000, 55.565770
3728.000000, 55.473290
3729.000000, 55.381210
3730.000000, 55.290340
3730.000000, 55.199960
3731.000000, 55.110180
3732.000000, 55.020700
3733.000000, 54.931530
3734.000000, 54.842450
3734.000000, 54.753370
3735.000000, 54.664190
3736.000000, 54.575320
3737.000000, 54.486440
3738.000000, 54.399460
3738.000000, 54.313680
3739.000000, 54.230410
3740.000000, 54.148430
3741.000000, 54.067250
3742.000000, 53.985270
3742.000000, 53.903200
3743.000000, 53.821120
3744.000000, 53.740040
3745.000000, 53.659660
3746.000000, 53.579490
3746.000000, 53.499210
3747.000000, 53.418330
3748.000000, 53.337450
3749.000000, 53.256780
3750.000000, 53.176700
3750.000000, 53.096820
3751.000000, 53.017640
3752.000000, 52.938770
3753.000000, 52.860390
3754.000000, 52.783210
3754.000000, 52.706730
3755.000000, 52.632660
3756.000000, 52.559780
3757.000000, 52.488600
3758.000000, 52.417920
3758.000000, 52.347550
3759.000000, 52.277170
3760.000000, 52.206890
3761.000000, 52.136810
3762.000000, 52.067540
3762.000000, 51.998660
3763.000000, 51.931480
3764.000000, 51.864700
3765.000000, 51.798430
3766.000000, 51.732150
3767.000000, 51.665870
3767.000000, 51.600500
3768.000000, 51.535520
3769.000000, 51.471840
3770.000000, 51.408260
3771.000000, 51.344590
3771.000000, 51.280810
3772.000000, 51.217130
3773.000000, 51.155350
3774.000000, 51.094380
3775.000000, 51.035100
3775.000000, 50.975820
3776.000000, 50.916540
3777.000000, 50.855770
3778.000000, 50.794690
3779.000000, 50.732910
3779.000000, 50.671930
3780.000000, 50.611860
3781.000000, 50.553980
3782.000000, 50.497000
3783.000000, 50.441720
3783.000000, 50.386050
3784.000000, 50.329670
3785.000000, 50.272090
3786.000000, 50.213710
3787.000000, 50.156840
3787.000000, 50.101060
3788.000000, 50.049480
3789.000000, 49.999400
3790.000000, 49.951030
3791.000000, 49.901550
3791.000000, 49.851570
3792.000000, 49.798490
3793.000000, 49.745120
3794.000000, 49.691440
3795.000000, 49.638860
3795.000000, 49.587180
3796.000000, 49.537010
3797.000000, 49.487130
3798.000000, 49.437650
3799.000000, 49.387970
3799.000000, 49.338000
3800.000000, 49.287520
3801.000000, 49.236740
3802.000000, 49.185760
3803.000000, 49.134990
3803.000000, 49.085510
3804.000000, 49.036930
3805.000000, 48.989450
3806.000000, 48.942280
3807.000000, 48.895100
3807.000000, 48.849400
3808.000000, 48.803600
3809.000000, 48.757300
3810.000000, 48.711400
3811.000000, 48.665800
3812.000000, 48.621500
3812.000000, 48.577600
3813.000000, 48.535100
3814.000000, 48.492700
3815.000000, 48.450700
3816.000000, 48.408400
3816.000000, 48.366000
3817.000000, 48.322500
3818.000000, 48.278700
3819.000000, 48.233800
3820.000000, 48.188900
3820.000000, 48.144600
3821.000000, 48.101300
3822.000000, 48.058900
3823.000000, 48.017400
3824.000000, 47.976300
3824.000000, 47.935700
3825.000000, 47.895100
3826.000000, 47.854700
3827.000000, 47.814200
3828.000000, 47.773500
3828.000000, 47.732400
3829.000000, 47.691100
3830.000000, 47.649300
3831.000000, 47.607300
3832.000000, 47.564700
3832.000000, 47.521900
3833.000000, 47.478700
3834.000000, 47.436400
3835.000000, 47.394700
3836.000000, 47.355900
3836.000000, 47.317600
3837.000000, 47.281200
3838.000000, 47.245000
3839.000000, 47.208900
3840.000000, 47.172600
3840.000000, 47.136100
3841.000000, 47.098800
3842.000000, 47.061200
3843.000000, 47.022000
3844.000000, 46.982500
3844.000000, 46.942100
3845.000000, 46.902200
3846.000000, 46.862900
3847.000000, 46.825900
3848.000000, 46.789800
3848.000000, 46.755800
3849.000000, 46.721900
3850.000000, 46.687700
3851.000000, 46.653000
3852.000000, 46.617500
3852.000000, 46.581700
3853.000000, 46.545700
3854.000000, 46.510400
3855.000000, 46.475300
3856.000000, 46.441600
3857.000000, 46.408100
3857.000000, 46.375400
3858.000000, 46.342500
3859.000000, 46.309500
3860.000000, 46.276600
3861.000000, 46.243700
3861.000000, 46.212300
3862.000000, 46.181300
3863.000000, 46.151700
3864.000000, 46.122100
3865.000000, 46.092700
3865.000000, 46.063100
3866.000000, 46.033300
3867.000000, 46.003400
3868.000000, 45.973400
3869.000000, 45.944100
3869.000000, 45.915000
3870.000000, 45.887400
3871.000000, 45.860500
3872.000000, 45.835000
3873.000000, 45.809800
3873.000000, 45.785000
3874.000000, 45.759200
3875.000000, 45.733100
3876.000000, 45.706300
3877.000000, 45.679500
3877.000000, 45.653500
3878.000000, 45.627700
3879.000000, 45.602500
3880.000000, 45.577500
3881.000000, 45.552800
3881.000000, 45.529100
3882.000000, 45.505800
3883.000000, 45.484300
3884.000000, 45.463200
3885.000000, 45.443400
3885.000000, 45.423700
3886.000000, 45.404100
3887.000000, 45.384300
3888.000000, 45.364100
3889.000000, 45.343900
3889.000000, 45.323600
3890.000000, 45.304800
3891.000000, 45.286400
3892.000000, 45.270000
3893.000000, 45.253700
3893.000000, 45.237600
3894.000000, 45.221200
3895.000000, 45.204300
3896.000000, 45.188300
3897.000000, 45.172900
3897.000000, 45.160200
3898.000000, 45.148500
3899.000000, 45.138800
3900.000000, 45.129100
3901.000000, 45.118500
3902.000000, 45.107300
3902.000000, 45.094700
3903.000000, 45.082000
3904.000000, 45.069000
3905.000000, 45.056500
3906.000000, 45.044200
3906.000000, 45.032600
3907.000000, 45.021100
3908.000000, 45.011300
3909.000000, 45.001900
3910.000000, 44.994600
3910.000000, 44.987600
3911.000000, 44.981500
3912.000000, 44.975200
3913.000000, 44.968600
3914.000000, 44.961500
3914.000000, 44.954100
3915.000000, 44.947100
3916.000000, 44.940100
3917.000000, 44.934300
3918.000000, 44.928600
3918.000000, 44.923300
3919.000000, 44.918000
3920.000000, 44.912700
3921.000000, 44.907800
3922.000000, 44.903400
3922.000000, 44.899300
3923.000000, 44.895500
3924.000000, 44.891600
3925.000000, 44.887600
3926.000000, 44.884600
3926.000000, 44.881900
3927.000000, 44.881400
3928.000000, 44.881200
3929.000000, 44.882000
3930.000000, 44.882700
3930.000000, 44.883300
3931.000000, 44.884000
3932.000000, 44.884800
3933.000000, 44.886100
3934.000000, 44.887600
3934.000000, 44.889500
3935.000000, 44.891500
3936.000000, 44.893100
3937.000000, 44.894600
3938.000000, 44.895900
3938.000000, 44.897300
3939.000000, 44.899200
3940.000000, 44.901700
3941.000000, 44.905300
3942.000000, 44.909500
3942.000000, 44.914700
3943.000000, 44.920700
3944.000000, 44.927100
3945.000000, 44.933400
3946.000000, 44.939700
3947.000000, 44.944500
3947.000000, 44.949100
3948.000000, 44.952500
3949.000000, 44.955900
3950.000000, 44.959600
3951.000000, 44.963400
3951.000000, 44.967500
3952.000000, 44.971500
3953.000000, 44.975400
3954.000000, 44.979600
3955.000000, 44.984100
3955.000000, 44.989300
3956.000000, 44.994900
3957.000000, 45.000800
3958.000000, 45.006800
3959.000000, 45.012100
3959.000000, 45.017300
3960.000000, 45.021600
3961.000000, 45.025800
3962.000000, 45.030200
3963.000000, 45.034900
3963.000000, 45.040800
3964.000000, 45.046900
3965.000000, 45.053700
3966.000000, 45.060100
3967.000000, 45.065800
3967.000000, 45.070600
3968.000000, 45.074600
3969.000000, 45.078400
3970.000000, 45.081900
3971.000000, 45.086300
3971.000000, 45.091000
3972.000000, 45.097200
3973.000000, 45.103700
3974.000000, 45.110900
3975.000000, 45.118000
3975.000000, 45.124400
3976.000000, 45.130400
3977.000000, 45.135000
3978.000000, 45.139200
3979.000000, 45.142100
3979.000000, 45.144500
3980.000000, 45.146200
3981.000000, 45.147800
3982.000000, 45.149500
3983.000000, 45.151200
3983.000000, 45.153000
3984.000000, 45.154500
3985.000000, 45.155900
3986.000000, 45.157700
3987.000000, 45.159700
3987.000000, 45.162200
3988.000000, 45.164700
3989.000000, 45.166000
3990.000000, 45.167100
3991.000000, 45.166200
3992.000000, 45.165100
3992.000000, 45.163200
3993.000000, 45.161200
3994.000000, 45.159000
3995.000000, 45.156500
3996.000000, 45.153600
3996.000000, 45.150400
3997.000000, 45.146800
3998.000000, 45.142900
3999.000000, 45.138700
4000.000000, 45.134100
4000.000000, 45.129300
4001.000000, 45.124400
4002.000000, 45.119300
4003.000000, 45.114400
4004.000000, 45.109500
4004.000000, 45.104200
4005.000000, 45.098900
4006.000000, 45.092500
4007.000000, 45.085900
4008.000000, 45.077600
4008.000000, 45.069200
4009.000000, 45.059600
4010.000000, 45.049900
4011.000000, 45.039700
4012.000000, 45.029400
4012.000000, 45.018500
4013.000000, 45.007200
4014.000000, 44.994700
4015.000000, 44.981800
4016.000000, 44.967900
4016.000000, 44.953900
4017.000000, 44.939600
4018.000000, 44.925300
4019.000000, 44.911000
4020.000000, 44.896400
4020.000000, 44.881400
4021.000000, 44.865200
4022.000000, 44.848000
4023.000000, 44.829500
4024.000000, 44.810200
4024.000000, 44.790300
4025.000000, 44.770200
4026.000000, 44.749600
4027.000000, 44.728800
4028.000000, 44.707000
4028.000000, 44.685000
4029.000000, 44.662600
4030.000000, 44.640100
4031.000000, 44.617400
4032.000000, 44.594800
4032.000000, 44.571200
4033.000000, 44.547500
4034.000000, 44.522300
4035.000000, 44.497200
4036.000000, 44.471100
4037.000000, 44.445000
4037.000000, 44.418600
4038.000000, 44.392000
4039.000000, 44.364400
4040.000000, 44.336400
4041.000000, 44.306500
4041.000000, 44.276200
4042.000000, 44.244800
4043.000000, 44.213300
4044.000000, 44.181500
4045.000000, 44.149500
4045.000000, 44.116700
4046.000000, 44.083500
4047.000000, 44.049100
4048.000000, 44.014300
4049.000000, 43.978600
4049.000000, 43.942900
4050.000000, 43.907000
4051.000000, 43.871000
4052.000000, 43.834900
4053.000000, 43.797900
4053.000000, 43.759900
4054.000000, 43.720300
4055.000000, 43.679000
4056.000000, 43.636600
4057.000000, 43.593200
4057.000000, 43.550100
4058.000000, 43.507500
4059.000000, 43.465600
4060.000000, 43.424300
4061.000000, 43.382500
4061.000000, 43.340300
4062.000000, 43.296700
4063.000000, 43.252100
4064.000000, 43.206600
4065.000000, 43.160400
4065.000000, 43.113800
4066.000000, 43.066900
4067.000000, 43.019200
4068.000000, 42.971000
4069.000000, 42.922000
4069.000000, 42.872700
4070.000000, 42.823500
4071.000000, 42.774400
4072.000000, 42.725600
4073.000000, 42.676900
4073.000000, 42.627800
4074.000000, 42.578600
4075.000000, 42.528500
4076.000000, 42.478100
4077.000000, 42.426400
4077.000000, 42.374200
4078.000000, 42.320800
4079.000000, 42.267000
4080.000000, 42.212800
4081.000000, 42.158300
4082.000000, 42.103600
4082.000000, 42.048700
4083.000000, 41.993200
4084.000000, 41.937500
4085.000000, 41.881600
4086.000000, 41.825500
4086.000000, 41.769200
4087.000000, 41.712800
4088.000000, 41.655700
4089.000000, 41.598400
4090.000000, 41.540400
4090.000000, 41.482100
4091.000000, 41.423400
4092.000000, 41.364600
4093.000000, 41.305100
4094.000000, 41.245400
4094.000000, 41.185100
4095.000000, 41.124500
4096.000000, 41.064000
4097.000000, 41.003600
4098.000000, 40.943700
4098.000000, 40.884200
4099.000000, 40.825000
4100.000000, 40.765900
4101.000000, 40.706500
4102.000000, 40.646900
4102.000000, 40.586600
4103.000000, 40.525800
4104.000000, 40.464900
4105.000000, 40.403800
4106.000000, 40.343100
4106.000000, 40.282800
4107.000000, 40.222500
4108.000000, 40.162400
4109.000000, 40.101400
4110.000000, 40.039700
4110.000000, 39.977200
4111.000000, 39.913700
4112.000000, 39.850000
4113.000000, 39.786000
4114.000000, 39.721900
4114.000000, 39.657600
4115.000000, 39.592900
4116.000000, 39.527700
4117.000000, 39.462700
4118.000000, 39.397800
4118.000000, 39.333700
4119.000000, 39.271200
4120.000000, 39.209200
4121.000000, 39.148400
4122.000000, 39.087200
4122.000000, 39.024600
4123.000000, 38.961400
4124.000000, 38.896200
4125.000000, 38.831000
4126.000000, 38.766100
4127.000000, 38.701500
4127.000000, 38.638800
4128.000000, 38.576200
4129.000000, 38.514400
4130.000000, 38.452600
4131.000000, 38.390300
4131.000000, 38.327900
4132.000000, 38.265200
4133.000000, 38.202600
4134.000000, 38.139900
4135.000000, 38.077300
4135.000000, 38.014600
4136.000000, 37.951800
4137.000000, 37.889500
4138.000000, 37.827400
4139.000000, 37.766000
4139.000000, 37.704800
4140.000000, 37.643800
4141.000000, 37.582800
4142.000000, 37.521600
4143.000000, 37.460200
4143.000000, 37.399200
4144.000000, 37.338600
4145.000000, 37.278600
4146.000000, 37.219200
4147.000000, 37.159700
4147.000000, 37.100000
4148.000000, 37.039800
4149.000000, 36.978600
4150.000000, 36.917100
4151.000000, 36.855200
4151.000000, 36.793500
4152.000000, 36.732700
4153.000000, 36.672300
4154.000000, 36.613400
4155.000000, 36.554700
4155.000000, 36.497000
4156.000000, 36.439300
4157.000000, 36.381700
4158.000000, 36.324000
4159.000000, 36.266300
4159.000000, 36.208600
4160.000000, 36.151100
4161.000000, 36.093600
4162.000000, 36.036200
4163.000000, 35.978700
4163.000000, 35.921100
4164.000000, 35.863500
4165.000000, 35.806700
4166.000000, 35.750300
4167.000000, 35.694700
4167.000000, 35.639700
4168.000000, 35.584600
4169.000000, 35.529200
4170.000000, 35.473500
4171.000000, 35.417500
4172.000000, 35.361600
4172.000000, 35.306200
4173.000000, 35.250900
4174.000000, 35.195800
4175.000000, 35.140800
4176.000000, 35.085700
4176.000000, 35.030800
4177.000000, 34.976800
4178.000000, 34.922900
4179.000000, 34.870500
4180.000000, 34.818200
4180.000000, 34.767000
4181.000000, 34.715900
4182.000000, 34.665400
4183.000000, 34.615100
4184.000000, 34.565100
4184.000000, 34.515500
4185.000000, 34.467400
4186.000000, 34.420500
4187.000000, 34.376500
4188.000000, 34.336000
4188.000000, 34.298100
4189.000000, 34.265100
4190.000000, 34.234300
4191.000000, 34.209600
4192.000000, 34.186600
4192.000000, 34.172900
4193.000000, 34.159600
4194.000000, 34.158400
4195.000000, 34.157200
4196.000000, 34.166000
4196.000000, 34.175600
4197.000000, 34.191700
4198.000000, 34.209400
4199.000000, 34.231200
4200.000000, 34.254800
4200.000000, 34.279900
4201.000000, 34.306200
4202.000000, 34.332500
4203.000000, 34.359100
4204.000000, 34.386300
4204.000000, 34.415100
4205.000000, 34.445200
4206.000000, 34.480100
4207.000000, 34.515700
4208.000000, 34.558000
4208.000000, 34.600300
4209.000000, 34.649800
4210.000000, 34.699500
4211.000000, 34.755500
4212.000000, 34.812700
4212.000000, 34.874600
4213.000000, 34.938200
4214.000000, 35.004200
4215.000000, 35.071800
4216.000000, 35.139200
4216.000000, 35.206200
4217.000000, 35.271600
4218.000000, 35.333800
4219.000000, 35.395000
4220.000000, 35.452500
4221.000000, 35.509900
4221.000000, 35.564900
4222.000000, 35.619900
4223.000000, 35.672300
4224.000000, 35.724400
4225.000000, 35.771700
4225.000000, 35.817500
4226.000000, 35.853500
4227.000000, 35.883800
4228.000000, 35.900300
4229.000000, 35.902100
4229.000000, 35.893400
4230.000000, 35.863900
4231.000000, 35.830100
4232.000000, 35.777600
4233.000000, 35.724700
4233.000000, 35.659800
4234.000000, 35.594800
4235.000000, 35.517000
4236.000000, 35.437600
4237.000000, 35.337200
4237.000000, 35.229200
4238.000000, 35.105400
4239.000000, 34.970200
4240.000000, 34.827500
4241.000000, 34.674600
4241.000000, 34.512400
4242.000000, 34.324500
4243.000000, 34.131200
4244.000000, 33.892100
4245.000000, 33.653200
4245.000000, 33.393300
4246.000000, 33.132400
4247.000000, 32.881200
4248.000000, 32.632700
4249.000000, 32.385600
4249.000000, 32.139500
4250.000000, 31.885100
4251.000000, 31.620600
4252.000000, 31.352900
4253.000000, 31.076500
4253.000000, 30.803000
4254.000000, 30.552400
4255.000000, 30.301900
4256.000000, 30.122400
4257.000000, 29.947600
4257.000000, 29.848100
4258.000000, 29.771900
4259.000000, 29.742200
4260.000000, 29.745100
4261.000000, 29.757300
4261.000000, 29.783000
4262.000000, 29.801500
4263.000000, 29.796200
4264.000000, 29.788600
4265.000000, 29.737900
4266.000000, 29.687300
4266.000000, 29.602400
4267.000000, 29.512300
4268.000000, 29.398500
4269.000000, 29.273600
4270.000000, 29.135000
4270.000000, 28.982300
4271.000000, 28.824400
4272.000000, 28.654600
4273.000000, 28.484700
4274.000000, 28.313900
4274.000000, 28.143300
4275.000000, 27.992700
4276.000000, 27.843900
4277.000000, 27.712100
4278.000000, 27.586700
4278.000000, 27.457800
4279.000000, 27.325800
4280.000000, 27.187600
4281.000000, 27.036900
4282.000000, 26.886800
4282.000000, 26.739300
4283.000000, 26.591800
4284.000000, 26.455400
4285.000000, 26.319700
4286.000000, 26.184600
4286.000000, 26.049700
4287.000000, 25.911700
4288.000000, 25.771000
4289.000000, 25.628800
4290.000000, 25.483100
4290.000000, 25.337000
4291.000000, 25.187400
4292.000000, 25.038000
4293.000000, 24.886100
4294.000000, 24.733900
4294.000000, 24.580000
4295.000000, 24.425400
4296.000000, 24.269100
4297.000000, 24.110900
4298.000000, 23.952900
4298.000000, 23.795200
4299.000000, 23.637700
4300.000000, 23.484000
4301.000000, 23.330400
4302.000000, 23.175500
4302.000000, 23.020400
4303.000000, 22.862000
4304.000000, 22.701400
4305.000000, 22.540800
4306.000000, 22.380400
4306.000000, 22.220400
4307.000000, 22.062300
4308.000000, 21.904300
4309.000000, 21.743100
4310.000000, 21.581800
4311.000000, 21.417200
4311.000000, 21.251400
4312.000000, 21.086700
4313.000000, 20.923200
4314.000000, 20.761400
4315.000000, 20.605000
4315.000000, 20.448700
4316.000000, 20.299500
4317.000000, 20.150400
4318.000000, 20.008800
4319.000000, 19.869500
4319.000000, 19.736100
4320.000000, 19.607700
4321.000000, 19.481000
4322.000000, 19.358000
4323.000000, 19.235000
4323.000000, 19.112500
4324.000000, 18.990000
4325.000000, 18.866800
4326.000000, 18.743500
4327.000000, 18.620300
4327.000000, 18.497100
4328.000000, 18.374300
4329.000000, 18.252600
4330.000000, 18.130900
4331.000000, 18.010000
4331.000000, 17.889100
4332.000000, 17.768000
4333.000000, 17.646900
4334.000000, 17.525700
4335.000000, 17.404600
4335.000000, 17.284200
4336.000000, 17.165300
4337.000000, 17.046900
4338.000000, 16.934800
4339.000000, 16.822800
4339.000000, 16.718100
4340.000000, 16.615400
4341.000000, 16.516500
4342.000000, 16.421000
4343.000000, 16.326300
4343.000000, 16.233900
4344.000000, 16.141600
4345.000000, 16.049100
4346.000000, 15.956700
4347.000000, 15.863600
4347.000000, 15.770400
4348.000000, 15.678400
4349.000000, 15.587800
4350.000000, 15.498300
4351.000000, 15.413100
4351.000000, 15.328000
4352.000000, 15.246500
4353.000000, 15.165300
4354.000000, 15.084900
4355.000000, 15.005000
4356.000000, 14.925300
4356.000000, 14.845700
4357.000000, 14.766400
4358.000000, 14.688300
4359.000000, 14.610200
4360.000000, 14.534200
4360.000000, 14.458600
4361.000000, 14.384500
4362.000000, 14.311600
4363.000000, 14.239600
4364.000000, 14.169800
4364.000000, 14.100000
4365.000000, 14.033800
4366.000000, 13.967700
4367.000000, 13.904100
4368.000000, 13.841600
4368.000000, 13.780100
4369.000000, 13.720200
4370.000000, 13.660500
4371.000000, 13.602400
4372.000000, 13.544200
4372.000000, 13.487700
4373.000000, 13.431500
4374.000000, 13.376900
4375.000000, 13.323500
4376.000000, 13.270900
4376.000000, 13.220800
4377.000000, 13.170700
4378.000000, 13.123800
4379.000000, 13.077300
4380.000000, 13.033200
4380.000000, 12.990800
4381.000000, 12.949700
4382.000000, 12.911300
4383.000000, 12.873000
4384.000000, 12.837700
4384.000000, 12.802400
4385.000000, 12.768500
4386.000000, 12.735200
4387.000000, 12.702400
4388.000000, 12.670300
4388.000000, 12.638400
4389.000000, 12.608000
4390.000000, 12.577600
4391.000000, 12.549000
4392.000000, 12.520800
4392.000000, 12.493500
4393.000000, 12.467100
4394.000000, 12.441000
4395.000000, 12.416300
4396.000000, 12.391500
4396.000000, 12.368700
4397.000000, 12.346300
4398.000000, 12.325300
4399.000000, 12.305500
4400.000000, 12.286000
4401.000000, 12.267600
4401.000000, 12.249100
4402.000000, 12.231400
4403.000000, 12.213700
4404.000000, 12.197100
4405.000000, 12.181400
4405.000000, 12.166300
4406.000000, 12.153800
4407.000000, 12.141300
4408.000000, 12.131700
4409.000000, 12.122700
4409.000000, 12.115100
4410.000000, 12.108800
4411.000000, 12.102900
4412.000000, 12.098400
4413.000000, 12.093800
4413.000000, 12.090200
4414.000000, 12.086800
4415.000000, 12.083700
4416.000000, 12.080800
4417.000000, 12.078100
4417.000000, 12.075900
4418.000000, 12.073700
4419.000000, 12.073100
4420.000000, 12.072900
4421.000000, 12.074500
4421.000000, 12.078000
4422.000000, 12.081800
4423.000000, 12.088200
4424.000000, 12.094600
4425.000000, 12.102000
4425.000000, 12.109600
4426.000000, 12.117800
4427.000000, 12.126700
4428.000000, 12.135900
4429.000000, 12.146800
4429.000000, 12.157600
4430.000000, 12.169900
4431.000000, 12.182500
4432.000000, 12.195700
4433.000000, 12.209700
4433.000000, 12.223700
4434.000000, 12.239400
4435.000000, 12.255200
4436.000000, 12.273000
4437.000000, 12.291900
4437.000000, 12.311800
4438.000000, 12.334200
4439.000000, 12.356600
4440.000000, 12.381400
4441.000000, 12.406200
4441.000000, 12.432200
4442.000000, 12.458800
4443.000000, 12.485900
4444.000000, 12.514300
4445.000000, 12.542600
4446.000000, 12.572100
4446.000000, 12.601700
4447.000000, 12.631900
4448.000000, 12.662600
4449.000000, 12.693500
4450.000000, 12.725600
4450.000000, 12.757700
4451.000000, 12.791400
4452.000000, 12.825700
4453.000000, 12.861100
4454.000000, 12.898600
4454.000000, 12.936000
4455.000000, 12.975600
4456.000000, 13.015300
4457.000000, 13.055200
4458.000000, 13.095300
4458.000000, 13.135400
4459.000000, 13.175800
4460.000000, 13.216100
4461.000000, 13.258200
4462.000000, 13.300600
4462.000000, 13.344200
4463.000000, 13.389200
4464.000000, 13.434200
4465.000000, 13.480600
4466.000000, 13.526900
4466.000000, 13.574300
4467.000000, 13.622300
4468.000000, 13.671100
4469.000000, 13.722300
4470.000000, 13.773600
4470.000000, 13.827400
4471.000000, 13.881700
4472.000000, 13.936400
4473.000000, 13.991500
4474.000000, 14.046500
4474.000000, 14.101400
4475.000000, 14.156200
4476.000000, 14.211400
4477.000000, 14.266800
4478.000000, 14.322500
4478.000000, 14.379400
4479.000000, 14.436200
4480.000000, 14.494200
4481.000000, 14.552500
4482.000000, 14.611300
4482.000000, 14.670500
4483.000000, 14.729800
4484.000000, 14.789700
4485.000000, 14.849600
4486.000000, 14.910100
4486.000000, 14.971000
4487.000000, 15.032100
4488.000000, 15.094700
4489.000000, 15.157200
4490.000000, 15.221300
4491.000000, 15.285800
4491.000000, 15.350900
4492.000000, 15.417100
4493.000000, 15.483200
4494.000000, 15.549800
4495.000000, 15.616400
4495.000000, 15.682900
4496.000000, 15.749100
4497.000000, 15.815300
4498.000000, 15.881200
4499.000000, 15.947100
4499.000000, 16.012900
4500.000000, 16.078600
4501.000000, 16.144400
4502.000000, 16.210200
4503.000000, 16.276000
4503.000000, 16.342100
4504.000000, 16.408300
4505.000000, 16.474800
4506.000000, 16.541700
4507.000000, 16.608500
4507.000000, 16.675800
4508.000000, 16.743200
4509.000000, 16.810800
4510.000000, 16.878500
4511.000000, 16.946300
4511.000000, 17.014000
4512.000000, 17.081700
4513.000000, 17.149000
4514.000000, 17.215900
4515.000000, 17.282700
4515.000000, 17.348300
4516.000000, 17.413900
4517.000000, 17.478800
4518.000000, 17.543400
4519.000000, 17.607800
4519.000000, 17.671700
4520.000000, 17.735600
4521.000000, 17.799000
4522.000000, 17.862300
4523.000000, 17.925400
4523.000000, 17.988400
4524.000000, 18.051300
4525.000000, 18.114100
4526.000000, 18.176700
4527.000000, 18.238900
4527.000000, 18.300400
4528.000000, 18.361800
4529.000000, 18.421300
4530.000000, 18.480700
4531.000000, 18.539300
4531.000000, 18.597200
4532.000000, 18.655000
4533.000000, 18.712400
4534.000000, 18.769800
4535.000000, 18.826700
4536.000000, 18.883300
4536.000000, 18.939600
4537.000000, 18.993900
4538.000000, 19.048200
4539.000000, 19.100700
4540.000000, 19.152000
4540.000000, 19.202900
4541.000000, 19.251600
4542.000000, 19.300300
4543.000000, 19.347300
4544.000000, 19.393600
4544.000000, 19.439500
4545.000000, 19.483800
4546.000000, 19.528100
4547.000000, 19.571100
4548.000000, 19.613700
4548.000000, 19.655700
4549.000000, 19.696300
4550.000000, 19.736900
4551.000000, 19.776000
4552.000000, 19.814500
4552.000000, 19.852600
4553.000000, 19.889200
4554.000000, 19.925900
4555.000000, 19.960700
4556.000000, 19.995000
4556.000000, 20.028400
4557.000000, 20.059800
4558.000000, 20.091300
4559.000000, 20.120600
4560.000000, 20.149500
4560.000000, 20.177600
4561.000000, 20.203900
4562.000000, 20.230300
4563.000000, 20.253900
4564.000000, 20.276900
4564.000000, 20.298600
4565.000000, 20.317900
4566.000000, 20.337100
4567.000000, 20.353900
4568.000000, 20.370100
4568.000000, 20.385600
4569.000000, 20.399700
4570.000000, 20.413700
4571.000000, 20.426000
4572.000000, 20.438000
4572.000000, 20.449300
4573.000000, 20.459200
4574.000000, 20.469000
4575.000000, 20.476800
4576.000000, 20.483900
4576.000000, 20.490100
4577.000000, 20.493700
4578.000000, 20.497300
4579.000000, 20.498400
4580.000000, 20.498800
4581.000000, 20.498600
4581.000000, 20.496800
4582.000000, 20.495000
4583.000000, 20.491700
4584.000000, 20.487900
4585.000000, 20.483400
4585.000000, 20.476500
4586.000000, 20.469500
4587.000000, 20.459700
4588.000000, 20.448600
4589.000000, 20.436900
4589.000000, 20.422100
4590.000000, 20.407200
4591.000000, 20.391100
4592.000000, 20.374200
4593.000000, 20.357100
4593.000000, 20.338200
4594.000000, 20.319300
4595.000000, 20.298500
4596.000000, 20.276100
4597.000000, 20.253700
4597.000000, 20.227400
4598.000000, 20.201200
4599.000000, 20.173800
4600.000000, 20.145100
4601.000000, 20.116500
4601.000000, 20.086600
4602.000000, 20.056800
4603.000000, 20.026100
4604.000000, 19.994300
4605.000000, 19.962500
4605.000000, 19.927800
4606.000000, 19.892700
4607.000000, 19.856400
4608.000000, 19.818000
4609.000000, 19.779500
4609.000000, 19.739100
4610.000000, 19.698200
4611.000000, 19.656800
4612.000000, 19.613700
4613.000000, 19.570700
4613.000000, 19.526200
4614.000000, 19.481100
4615.000000, 19.435700
4616.000000, 19.388700
4617.000000, 19.341700
4617.000000, 19.294000
4618.000000, 19.245700
4619.000000, 19.197500
4620.000000, 19.147600
4621.000000, 19.097800
4621.000000, 19.046800
4622.000000, 18.994100
4623.000000, 18.941500
4624.000000, 18.885800
4625.000000, 18.829700
4626.000000, 18.772800
4626.000000, 18.714100
4627.000000, 18.655500
4628.000000, 18.595900
4629.000000, 18.536000
4630.000000, 18.475900
4630.000000, 18.414600
4631.000000, 18.353400
4632.000000, 18.290800
4633.000000, 18.227400
4634.000000, 18.164000
4634.000000, 18.098300
4635.000000, 18.032600
4636.000000, 17.966100
4637.000000, 17.898500
4638.000000, 17.831000
4638.000000, 17.762200
4639.000000, 17.693400
4640.000000, 17.624100
4641.000000, 17.554000
4642.000000, 17.483900
4642.000000, 17.412600
4643.000000, 17.340800
4644.000000, 17.268800
4645.000000, 17.195400
4646.000000, 17.122100
4646.000000, 17.048100
4647.000000, 16.973700
4648.000000, 16.899200
4649.000000, 16.823600
4650.000000, 16.747800
4650.000000, 16.671600
4651.000000, 16.594400
4652.000000, 16.517200
4653.000000, 16.439100
4654.000000, 16.360700
4654.000000, 16.282100
4655.000000, 16.202100
4656.000000, 16.122200
4657.000000, 16.041000
4658.000000, 15.958800
4658.000000, 15.876600
4659.000000, 15.792600
4660.000000, 15.708400
4661.000000, 15.623700
4662.000000, 15.537900
4662.000000, 15.452200
4663.000000, 15.365600
4664.000000, 15.278800
4665.000000, 15.191900
4666.000000, 15.104400
4666.000000, 15.016900
4667.000000, 14.928900
4668.000000, 14.840500
4669.000000, 14.752100
4670.000000, 14.662600
4671.000000, 14.572900
4671.000000, 14.482800
4672.000000, 14.391500
4673.000000, 14.300300
4674.000000, 14.208200
4675.000000, 14.115500
4675.000000, 14.022900
4676.000000, 13.929200
4677.000000, 13.835600
4678.000000, 13.741700
4679.000000, 13.647300
4679.000000, 13.553000
4680.000000, 13.458300
4681.000000, 13.363400
4682.000000, 13.268400
4683.000000, 13.172700
4683.000000, 13.077100
4684.000000, 12.980500
4685.000000, 12.883000
4686.000000, 12.785600
4687.000000, 12.685900
4687.000000, 12.585800
4688.000000, 12.485500
4689.000000, 12.384200
4690.000000, 12.282800
4691.000000, 12.181700
4691.000000, 12.080600
4692.000000, 11.979600
4693.000000, 11.878100
4694.000000, 11.776600
4695.000000, 11.674400
4695.000000, 11.570700
4696.000000, 11.467000
4697.000000, 11.362000
4698.000000, 11.256300
4699.000000, 11.150700
4699.000000, 11.044600
4700.000000, 10.938600
4701.000000, 10.832400
4702.000000, 10.725900
4703.000000, 10.619500
4703.000000, 10.511900
4704.000000, 10.403900
4705.000000, 10.295700
4706.000000, 10.185900
4707.000000, 10.076100
4707.000000, 9.966110
4708.000000, 9.855830
4709.000000, 9.745580
4710.000000, 9.635370
4711.000000, 9.525190
4711.000000, 9.415010
4712.000000, 9.304240
4713.000000, 9.193510
4714.000000, 9.082270
4715.000000, 8.970280
4715.000000, 8.858330
4716.000000, 8.745630
4717.000000, 8.632690
4718.000000, 8.519760
4719.000000, 8.406600
4720.000000, 8.293480
4720.000000, 8.180410
4721.000000, 8.067380
4722.000000, 7.954390
4723.000000, 7.841250
4724.000000, 7.728090
4724.000000, 7.614950
4725.000000, 7.501460
4726.000000, 7.388020
4727.000000, 7.274560
4728.000000, 7.161060
4728.000000, 7.047590
4729.000000, 6.934230
4730.000000, 6.820940
4731.000000, 6.707680
4732.000000, 6.594640
4732.000000, 6.481630
4733.000000, 6.368800
4734.000000, 6.256330
4735.000000, 6.143900
4736.000000, 6.032080
4736.000000, 5.920650
4737.000000, 5.809260
4738.000000, 5.699030
4739.000000, 5.588930
4740.000000, 5.479210
4740.000000, 5.370640
4741.000000, 5.262110
4742.000000, 5.154590
4743.000000, 5.047950
4744.000000, 4.941350
4744.000000, 4.836510
4745.000000, 4.732050
4746.000000, 4.627890
4747.000000, 4.525460
4748.000000, 4.423060
4748.000000, 4.321500
4749.000000, 4.221040
4750.000000, 4.120620
4751.000000, 4.021950
4752.000000, 3.923980
4752.000000, 3.826070
4753.000000, 3.730990
4754.000000, 3.635930
4755.000000, 3.541680
4756.000000, 3.449270
4756.000000, 3.356890
4757.000000, 3.266090
4758.000000, 3.176430
4759.000000, 3.086790
4760.000000, 3.000130
4760.000000, 2.913950
4761.000000, 2.828340
4762.000000, 2.745890
4763.000000, 2.663470
4764.000000, 2.582610
4765.000000, 2.503820
4765.000000, 2.425050
4766.000000, 2.349070
4767.000000, 2.274270
4768.000000, 2.199490
4769.000000, 2.128770
4769.000000, 2.058160
4770.000000, 1.988430
4771.000000, 1.921310
4772.000000, 1.854210
4773.000000, 1.788640
4773.000000, 1.724520
4774.000000, 1.660430
4775.000000, 1.599510
4776.000000, 1.539510
4777.000000, 1.479780
4777.000000, 1.425580
4778.000000, 1.371400
4779.000000, 1.318880
4780.000000, 1.270150
4781.000000, 1.221440
4781.000000, 1.174700
4782.000000, 1.129510
4783.000000, 1.084340
4784.000000, 1.041700
4785.000000, 0.999650
4785.000000, 0.957850
4786.000000, 0.919140
4787.000000, 0.880450
4788.000000, 0.842390
4789.000000, 0.805680
4789.000000, 0.768980
4790.000000, 0.733190
4791.000000, 0.698090
4792.000000, 0.663010
4793.000000, 0.630640
4793.000000, 0.598900
4794.000000, 0.567410
4795.000000, 0.539850
4796.000000, 0.512310
4797.000000, 0.485820
4797.000000, 0.461840
4798.000000, 0.437870
4799.000000, 0.415490
4800.000000, 0.394500
4801.000000, 0.373520
4801.000000, 0.354330
4802.000000, 0.335670
4803.000000, 0.317020
4804.000000, 0.300230
4805.000000, 0.283450
4805.000000, 0.267110
4806.000000, 0.252260
4807.000000, 0.237410
4808.000000, 0.223280
4809.000000, 0.209990
4810.000000, 0.196710
4810.000000, 0.184280
4811.000000, 0.172240
4812.000000, 0.160210
4813.000000, 0.149910
4814.000000, 0.139790
4814.000000, 0.129920
4815.000000, 0.121720
4816.000000, 0.113520
4817.000000, 0.105560
4818.000000, 0.098040
4818.000000, 0.090530
4819.000000, 0.083280
4820.000000, 0.076230
4821.000000, 0.069180
4822.000000, 0.063270
4822.000000, 0.057700
4823.000000, 0.052140
4824.000000, 0.048150
4825.000000, 0.044200
4826.000000, 0.040360
4826.000000, 0.036990
4827.000000, 0.033620
4828.000000, 0.030220
4829.000000, 0.026770
4830.000000, 0.023320
4830.000000, 0.019990
4831.000000, 0.016730
4832.000000, 0.013470
4833.000000, 0.010680
4834.000000, 0.008020
4834.000000, 0.005360
4835.000000, 0.003500
4836.000000, 0.001650
4837.000000, 0.000121
4838.000000, 0.000076
4838.000000, 0.000030
4839.000000, 0.000001
4840.000000, 0.000001
4841.000000, 0.000001
4842.000000, 0.000052
4842.000000, 0.000144
4843.000000, 0.000235
4844.000000, 0.000191
4845.000000, 0.000099
4846.000000, 0.000008
4846.000000, 0.000001
4847.000000, 0.000001
4848.000000, 0.000001
4849.000000, 0.000001
4850.000000, 0.000001
4850.000000, 0.000001
4851.000000, 0.000001
4852.000000, 0.000001
4853.000000, 0.000001
4854.000000, 0.000001
4855.000000, 0.000001
4855.000000, 0.000001
4856.000000, 0.000001
4857.000000, 0.000001
4858.000000, 0.000001
4859.000000, 0.000001
4859.000000, 0.000001
4860.000000, 0.000001
4861.000000, 0.000001
4862.000000, 0.000001
4863.000000, 0.000001
4863.000000, 0.000001
4864.000000, 0.000001
4865.000000, 0.000001
4866.000000, 0.000001
4867.000000, 0.000001
4867.000000, 0.000001
4868.000000, 0.000001
4869.000000, 0.000001
4870.000000, 0.000001
4871.000000, 0.000001
4871.000000, 0.000001
4872.000000, 0.000001
4873.000000, 0.000001
4874.000000, 0.000001
4875.000000, 0.000001
4875.000000, 0.000001
4876.000000, 0.000001
4877.000000, 0.000001
4878.000000, 0.000001
4879.000000, 0.000001
4879.000000, 0.000001
4880.000000, 0.000001
4881.000000, 0.000001
4882.000000, 0.000001
4883.000000, 0.000001
4883.000000, 0.000001
4884.000000, 0.000001
4885.000000, 0.000001
4886.000000, 0.000001
4887.000000, 0.000001
4887.000000, 0.000001
4888.000000, 0.000001
4889.000000, 0.000001
4890.000000, 0.000001
4891.000000, 0.000001
4891.000000, 0.000001
4892.000000, 0.000001
4893.000000, 0.000001
4894.000000, 0.000001
4895.000000, 0.000001
4895.000000, 0.000001
4896.000000, 0.000001
4897.000000, 0.000001
4898.000000, 0.000001
4899.000000, 0.000001
4900.000000, 0.000001
4900.000000, 0.000001
4901.000000, 0.000001
4902.000000, 0.000001
4903.000000, 0.000001
4904.000000, 0.000001
4904.000000, 0.000001
4905.000000, 0.000001
4906.000000, 0.000001
4907.000000, 0.000001
4908.000000, 0.000001
4908.000000, 0.000001
4909.000000, 0.000001
4910.000000, 0.000001
4911.000000, 0.000001
4912.000000, 0.000001
4912.000000, 0.000001
4913.000000, 0.000001
4914.000000, 0.000001
4915.000000, 0.000001
4916.000000, 0.000001
4916.000000, 0.000001
4917.000000, 0.000001
4918.000000, 0.000001
4919.000000, 0.000001
4920.000000, 0.000001
4920.000000, 0.000001
4921.000000, 0.000001
4922.000000, 0.000001
4923.000000, 0.000001
4924.000000, 0.000001
4924.000000, 0.000001
4925.000000, 0.000001
4926.000000, 0.000001
4927.000000, 0.000001
4928.000000, 0.000001
4928.000000, 0.000001
4929.000000, 0.000001
4930.000000, 0.000001
4931.000000, 0.000001
4932.000000, 0.000001
4932.000000, 0.000001
4933.000000, 0.000001
4934.000000, 0.000001
4935.000000, 0.000001
4936.000000, 0.000001
4936.000000, 0.000001
4937.000000, 0.000001
4938.000000, 0.000001
4939.000000, 0.000001
4940.000000, 0.000001
4940.000000, 0.000001
4941.000000, 0.000001
4942.000000, 0.000001
4943.000000, 0.000001
4944.000000, 0.000001
4945.000000, 0.000001
4945.000000, 0.000001
4946.000000, 0.000001
4947.000000, 0.000001
4948.000000, 0.000001
4949.000000, 0.000001
4949.000000, 0.000001
4950.000000, 0.000001
4951.000000, 0.000001
4952.000000, 0.000001
4953.000000, 0.000001
4953.000000, 0.000001
4954.000000, 0.000001
4955.000000, 0.000001
4956.000000, 0.000001
4957.000000, 0.000001
4957.000000, 0.000001
4958.000000, 0.000001
4959.000000, 0.000001
4960.000000, 0.000001
4961.000000, 0.000001
4961.000000, 0.000001
4962.000000, 0.000001
4963.000000, 0.000001
4964.000000, 0.000001
4965.000000, 0.000001
4965.000000, 0.000001
4966.000000, 0.000001
4967.000000, 0.000001
4968.000000, 0.000001
4969.000000, 0.000001
4969.000000, 0.000001
4970.000000, 0.000001
4971.000000, 0.000001
4972.000000, 0.000001
4973.000000, 0.000001
4973.000000, 0.000001
4974.000000, 0.000001
4975.000000, 0.000001
4976.000000, 0.000001
4977.000000, 0.000001
4977.000000, 0.000001
4978.000000, 0.000001
4979.000000, 0.000001
4980.000000, 0.000001
4981.000000, 0.000001
4981.000000, 0.000001
4982.000000, 0.000001
4983.000000, 0.000001
4984.000000, 0.000001
4985.000000, 0.000001
4985.000000, 0.000001
4986.000000, 0.000001
4987.000000, 0.000001
4988.000000, 0.000001
4989.000000, 0.000001
4990.000000, 0.000001
4990.000000, 0.000001
4991.000000, 0.000001
4992.000000, 0.000001
4993.000000, 0.000001
4994.000000, 0.000001
4994.000000, 0.000001
4995.000000, 0.000001
4996.000000, 0.000001
4997.000000, 0.000001
4998.000000, 0.000001
4998.000000, 0.000001
4999.000000, 0.000001
5000.000000, 0.000001
