# Wavelength  (nm), Transmission (%)
269.000000, 0.005914
269.000000, 0.005861
270.000000, 0.005808
270.000000, 0.005756
270.000000, 0.005704
270.000000, 0.005652
270.000000, 0.005602
271.000000, 0.005551
271.000000, 0.005501
271.000000, 0.005452
271.000000, 0.005403
271.000000, 0.005354
272.000000, 0.005306
272.000000, 0.005258
272.000000, 0.005211
272.000000, 0.005166
272.000000, 0.005122
273.000000, 0.005079
273.000000, 0.005036
273.000000, 0.004993
273.000000, 0.004950
273.000000, 0.004908
274.000000, 0.004867
274.000000, 0.004825
274.000000, 0.004784
274.000000, 0.004743
274.000000, 0.004705
275.000000, 0.004667
275.000000, 0.004629
275.000000, 0.004592
275.000000, 0.004555
275.000000, 0.004518
276.000000, 0.004482
276.000000, 0.004445
276.000000, 0.004409
276.000000, 0.004374
276.000000, 0.004339
277.000000, 0.004304
277.000000, 0.004269
277.000000, 0.004192
277.000000, 0.004045
277.000000, 0.003903
278.000000, 0.003766
278.000000, 0.003634
278.000000, 0.003507
278.000000, 0.003384
278.000000, 0.003265
279.000000, 0.003150
279.000000, 0.003040
279.000000, 0.002933
279.000000, 0.002830
279.000000, 0.002731
280.000000, 0.002635
280.000000, 0.002543
280.000000, 0.002453
280.000000, 0.002367
280.000000, 0.002284
281.000000, 0.002204
281.000000, 0.002127
281.000000, 0.001981
281.000000, 0.001754
281.000000, 0.001553
282.000000, 0.001376
282.000000, 0.001218
282.000000, 0.001079
282.000000, 0.000955
282.000000, 0.000846
283.000000, 0.000749
283.000000, 0.000663
283.000000, 0.000587
283.000000, 0.000520
283.000000, 0.000461
284.000000, 0.000408
284.000000, 0.000361
284.000000, 0.000320
284.000000, 0.000283
284.000000, 0.000251
285.000000, 0.000222
285.000000, 0.000197
285.000000, 0.000185
285.000000, 0.000187
285.000000, 0.000188
286.000000, 0.000190
286.000000, 0.000191
286.000000, 0.000193
286.000000, 0.000195
286.000000, 0.000196
287.000000, 0.000198
287.000000, 0.000200
287.000000, 0.000201
287.000000, 0.000203
287.000000, 0.000205
288.000000, 0.000206
288.000000, 0.000208
288.000000, 0.000210
288.000000, 0.000211
288.000000, 0.000213
289.000000, 0.000215
289.000000, 0.000217
289.000000, 0.000226
289.000000, 0.000243
289.000000, 0.000261
290.000000, 0.000280
290.000000, 0.000300
290.000000, 0.000322
290.000000, 0.000346
290.000000, 0.000371
291.000000, 0.000399
291.000000, 0.000428
291.000000, 0.000459
291.000000, 0.000493
291.000000, 0.000529
292.000000, 0.000568
292.000000, 0.000610
292.000000, 0.000655
292.000000, 0.000703
292.000000, 0.000754
293.000000, 0.000810
293.000000, 0.000869
293.000000, 0.000860
293.000000, 0.000807
293.000000, 0.000758
294.000000, 0.000712
294.000000, 0.000668
294.000000, 0.000627
294.000000, 0.000589
294.000000, 0.000574
295.000000, 0.000559
295.000000, 0.000544
295.000000, 0.000522
295.000000, 0.000501
295.000000, 0.000481
296.000000, 0.000462
296.000000, 0.000443
296.000000, 0.000425
296.000000, 0.000408
296.000000, 0.000392
297.000000, 0.000376
297.000000, 0.000361
297.000000, 0.000346
297.000000, 0.000332
297.000000, 0.000319
298.000000, 0.000306
298.000000, 0.000294
298.000000, 0.000282
298.000000, 0.000271
298.000000, 0.000260
299.000000, 0.000249
299.000000, 0.000239
299.000000, 0.000278
299.000000, 0.000357
299.000000, 0.000258
300.000000, 0.000187
300.000000, 0.000135
300.000000, 0.000098
300.000000, 0.000071
300.000000, 0.000051
301.000000, 0.000037
301.000000, 0.000027
301.000000, 0.000019
301.000000, 0.000024
301.000000, 0.000031
302.000000, 0.000039
302.000000, 0.000050
302.000000, 0.000064
302.000000, 0.000081
302.000000, 0.000103
303.000000, 0.000132
303.000000, 0.000168
303.000000, 0.000214
303.000000, 0.000185
303.000000, 0.000141
304.000000, 0.000108
304.000000, 0.000082
304.000000, 0.000063
304.000000, 0.000048
304.000000, 0.000036
305.000000, 0.000028
305.000000, 0.000021
305.000000, 0.000016
305.000000, 0.000017
305.000000, 0.000021
306.000000, 0.000027
306.000000, 0.000034
306.000000, 0.000044
306.000000, 0.000056
306.000000, 0.000072
307.000000, 0.000091
307.000000, 0.000117
307.000000, 0.000149
307.000000, 0.000182
307.000000, 0.000208
308.000000, 0.000238
308.000000, 0.000272
308.000000, 0.000311
308.000000, 0.000355
308.000000, 0.000405
309.000000, 0.000463
309.000000, 0.000529
309.000000, 0.000604
309.000000, 0.000691
309.000000, 0.000800
310.000000, 0.000926
310.000000, 0.001071
310.000000, 0.001240
310.000000, 0.001434
310.000000, 0.001659
311.000000, 0.001920
311.000000, 0.002222
311.000000, 0.002571
311.000000, 0.002697
311.000000, 0.002815
312.000000, 0.002939
312.000000, 0.003067
312.000000, 0.003202
312.000000, 0.003342
312.000000, 0.003488
313.000000, 0.003641
313.000000, 0.003801
313.000000, 0.003967
313.000000, 0.003691
313.000000, 0.003314
314.000000, 0.002976
314.000000, 0.002673
314.000000, 0.002400
314.000000, 0.002155
314.000000, 0.001935
315.000000, 0.001738
315.000000, 0.001561
315.000000, 0.001402
315.000000, 0.001279
315.000000, 0.001180
316.000000, 0.001088
316.000000, 0.001004
316.000000, 0.000926
316.000000, 0.000854
316.000000, 0.000788
317.000000, 0.000727
317.000000, 0.000671
317.000000, 0.000619
317.000000, 0.000644
317.000000, 0.000796
318.000000, 0.000985
318.000000, 0.001218
318.000000, 0.001507
318.000000, 0.001864
318.000000, 0.002306
319.000000, 0.002852
319.000000, 0.003528
319.000000, 0.004364
319.000000, 0.005302
319.000000, 0.005644
320.000000, 0.006008
320.000000, 0.006396
320.000000, 0.006809
320.000000, 0.007249
320.000000, 0.007717
321.000000, 0.008215
321.000000, 0.008745
321.000000, 0.009310
321.000000, 0.008542
321.000000, 0.007744
322.000000, 0.007021
322.000000, 0.006365
322.000000, 0.005770
322.000000, 0.005231
322.000000, 0.004742
323.000000, 0.004299
323.000000, 0.003897
323.000000, 0.003533
323.000000, 0.003121
323.000000, 0.002734
324.000000, 0.002394
324.000000, 0.002097
324.000000, 0.001837
324.000000, 0.001608
324.000000, 0.001409
325.000000, 0.001234
325.000000, 0.001081
325.000000, 0.000946
325.000000, 0.000864
325.000000, 0.000814
326.000000, 0.000766
326.000000, 0.000721
326.000000, 0.000679
326.000000, 0.000639
326.000000, 0.000602
327.000000, 0.000567
327.000000, 0.000534
327.000000, 0.000502
327.000000, 0.000478
327.000000, 0.000463
328.000000, 0.000448
328.000000, 0.000433
328.000000, 0.000419
328.000000, 0.000405
328.000000, 0.000392
329.000000, 0.000379
329.000000, 0.000367
329.000000, 0.000355
329.000000, 0.000345
329.000000, 0.000351
330.000000, 0.000356
330.000000, 0.000361
330.000000, 0.000367
330.000000, 0.000372
330.000000, 0.000378
331.000000, 0.000384
331.000000, 0.000389
331.000000, 0.000395
331.000000, 0.000401
331.000000, 0.000406
332.000000, 0.000412
332.000000, 0.000418
332.000000, 0.000424
332.000000, 0.000430
332.000000, 0.000435
333.000000, 0.000442
333.000000, 0.000448
333.000000, 0.000454
333.000000, 0.000418
333.000000, 0.000372
334.000000, 0.000331
334.000000, 0.000295
334.000000, 0.000262
334.000000, 0.000233
334.000000, 0.000208
335.000000, 0.000185
335.000000, 0.000165
335.000000, 0.000147
335.000000, 0.000128
335.000000, 0.000111
336.000000, 0.000096
336.000000, 0.000083
336.000000, 0.000072
336.000000, 0.000062
336.000000, 0.000054
337.000000, 0.000047
337.000000, 0.000040
337.000000, 0.000035
337.000000, 0.000032
337.000000, 0.000031
338.000000, 0.000030
338.000000, 0.000029
338.000000, 0.000028
338.000000, 0.000027
338.000000, 0.000026
339.000000, 0.000025
339.000000, 0.000024
339.000000, 0.000023
339.000000, 0.000022
339.000000, 0.000018
340.000000, 0.000015
340.000000, 0.000012
340.000000, 0.000010
340.000000, 0.000008
340.000000, 0.000007
341.000000, 0.000006
341.000000, 0.000005
341.000000, 0.000004
341.000000, 0.000005
341.000000, 0.000006
342.000000, 0.000007
342.000000, 0.000008
342.000000, 0.000010
342.000000, 0.000013
342.000000, 0.000016
343.000000, 0.000019
343.000000, 0.000024
343.000000, 0.000029
343.000000, 0.000031
343.000000, 0.000030
344.000000, 0.000030
344.000000, 0.000029
344.000000, 0.000029
344.000000, 0.000028
344.000000, 0.000028
345.000000, 0.000027
345.000000, 0.000027
345.000000, 0.000026
345.000000, 0.000026
345.000000, 0.000027
346.000000, 0.000027
346.000000, 0.000028
346.000000, 0.000028
346.000000, 0.000029
346.000000, 0.000030
347.000000, 0.000030
347.000000, 0.000031
347.000000, 0.000032
347.000000, 0.000033
347.000000, 0.000034
348.000000, 0.000036
348.000000, 0.000038
348.000000, 0.000041
348.000000, 0.000043
348.000000, 0.000045
349.000000, 0.000048
349.000000, 0.000051
349.000000, 0.000053
349.000000, 0.000056
349.000000, 0.000055
350.000000, 0.000054
350.000000, 0.000054
350.000000, 0.000053
350.000000, 0.000052
350.000000, 0.000051
351.000000, 0.000051
351.000000, 0.000050
351.000000, 0.000049
351.000000, 0.000051
351.000000, 0.000054
352.000000, 0.000056
352.000000, 0.000059
352.000000, 0.000062
352.000000, 0.000065
352.000000, 0.000068
353.000000, 0.000072
353.000000, 0.000075
353.000000, 0.000079
353.000000, 0.000079
353.000000, 0.000077
354.000000, 0.000075
354.000000, 0.000074
354.000000, 0.000072
354.000000, 0.000070
354.000000, 0.000069
355.000000, 0.000067
355.000000, 0.000066
355.000000, 0.000064
355.000000, 0.000079
355.000000, 0.000117
356.000000, 0.000172
356.000000, 0.000254
356.000000, 0.000374
356.000000, 0.000551
356.000000, 0.000812
357.000000, 0.001195
357.000000, 0.001761
357.000000, 0.002594
357.000000, 0.002778
357.000000, 0.001898
358.000000, 0.001296
358.000000, 0.000885
358.000000, 0.000605
358.000000, 0.000413
358.000000, 0.000282
359.000000, 0.000193
359.000000, 0.000132
359.000000, 0.000090
359.000000, 0.000065
359.000000, 0.000069
360.000000, 0.000074
360.000000, 0.000079
360.000000, 0.000084
360.000000, 0.000090
360.000000, 0.000095
361.000000, 0.000102
361.000000, 0.000108
361.000000, 0.000116
361.000000, 0.000085
361.000000, 0.000060
362.000000, 0.000042
362.000000, 0.000030
362.000000, 0.000021
362.000000, 0.000015
362.000000, 0.000010
363.000000, 0.000007
363.000000, 0.000005
363.000000, 0.000004
363.000000, 0.000004
363.000000, 0.000004
364.000000, 0.000005
364.000000, 0.000006
364.000000, 0.000006
364.000000, 0.000007
364.000000, 0.000008
365.000000, 0.000010
365.000000, 0.000011
365.000000, 0.000012
365.000000, 0.000013
365.000000, 0.000012
366.000000, 0.000011
366.000000, 0.000010
366.000000, 0.000010
366.000000, 0.000009
366.000000, 0.000008
367.000000, 0.000008
367.000000, 0.000007
367.000000, 0.000007
367.000000, 0.000006
367.000000, 0.000007
368.000000, 0.000007
368.000000, 0.000007
368.000000, 0.000007
368.000000, 0.000007
368.000000, 0.000007
369.000000, 0.000007
369.000000, 0.000008
369.000000, 0.000008
369.000000, 0.000008
369.000000, 0.000010
370.000000, 0.000011
370.000000, 0.000014
370.000000, 0.000016
370.000000, 0.000019
370.000000, 0.000023
371.000000, 0.000027
371.000000, 0.000032
371.000000, 0.000039
371.000000, 0.000039
371.000000, 0.000039
372.000000, 0.000038
372.000000, 0.000038
372.000000, 0.000037
372.000000, 0.000037
372.000000, 0.000036
373.000000, 0.000036
373.000000, 0.000035
373.000000, 0.000035
373.000000, 0.000036
373.000000, 0.000037
374.000000, 0.000038
374.000000, 0.000040
374.000000, 0.000041
374.000000, 0.000043
374.000000, 0.000044
375.000000, 0.000046
375.000000, 0.000048
375.000000, 0.000049
375.000000, 0.000057
375.000000, 0.000071
376.000000, 0.000089
376.000000, 0.000112
376.000000, 0.000139
376.000000, 0.000174
376.000000, 0.000218
377.000000, 0.000272
377.000000, 0.000340
377.000000, 0.000425
377.000000, 0.000443
377.000000, 0.000365
378.000000, 0.000301
378.000000, 0.000249
378.000000, 0.000205
378.000000, 0.000169
378.000000, 0.000140
379.000000, 0.000115
379.000000, 0.000095
379.000000, 0.000079
379.000000, 0.000066
379.000000, 0.000060
380.000000, 0.000054
380.000000, 0.000049
380.000000, 0.000045
380.000000, 0.000041
380.000000, 0.000037
381.000000, 0.000034
381.000000, 0.000031
381.000000, 0.000028
381.000000, 0.000027
381.000000, 0.000027
382.000000, 0.000027
382.000000, 0.000027
382.000000, 0.000027
382.000000, 0.000026
382.000000, 0.000026
383.000000, 0.000026
383.000000, 0.000026
383.000000, 0.000026
383.000000, 0.000026
383.000000, 0.000027
384.000000, 0.000027
384.000000, 0.000027
384.000000, 0.000028
384.000000, 0.000028
384.000000, 0.000029
385.000000, 0.000029
385.000000, 0.000030
385.000000, 0.000031
385.000000, 0.000032
385.000000, 0.000033
386.000000, 0.000035
386.000000, 0.000036
386.000000, 0.000038
386.000000, 0.000040
386.000000, 0.000042
387.000000, 0.000044
387.000000, 0.000046
387.000000, 0.000048
387.000000, 0.000049
387.000000, 0.000049
388.000000, 0.000048
388.000000, 0.000048
388.000000, 0.000047
388.000000, 0.000047
388.000000, 0.000046
389.000000, 0.000046
389.000000, 0.000046
389.000000, 0.000045
389.000000, 0.000045
389.000000, 0.000044
390.000000, 0.000044
390.000000, 0.000043
390.000000, 0.000043
390.000000, 0.000042
390.000000, 0.000042
391.000000, 0.000041
391.000000, 0.000041
391.000000, 0.000041
391.000000, 0.000038
391.000000, 0.000035
392.000000, 0.000032
392.000000, 0.000029
392.000000, 0.000027
392.000000, 0.000025
392.000000, 0.000023
393.000000, 0.000021
393.000000, 0.000019
393.000000, 0.000018
393.000000, 0.000019
393.000000, 0.000022
394.000000, 0.000025
394.000000, 0.000028
394.000000, 0.000032
394.000000, 0.000036
394.000000, 0.000041
395.000000, 0.000047
395.000000, 0.000054
395.000000, 0.000061
395.000000, 0.000066
395.000000, 0.000070
396.000000, 0.000073
396.000000, 0.000077
396.000000, 0.000081
396.000000, 0.000085
396.000000, 0.000089
397.000000, 0.000094
397.000000, 0.000099
397.000000, 0.000104
397.000000, 0.000104
397.000000, 0.000098
398.000000, 0.000092
398.000000, 0.000087
398.000000, 0.000082
398.000000, 0.000077
398.000000, 0.000073
399.000000, 0.000069
399.000000, 0.000065
399.000000, 0.000061
399.000000, 0.000058
399.000000, 0.000055
400.000000, 0.000052
400.000000, 0.000049
400.000000, 0.000046
400.000000, 0.000044
400.000000, 0.000042
401.000000, 0.000039
401.000000, 0.000037
401.000000, 0.000035
401.000000, 0.000036
401.000000, 0.000037
402.000000, 0.000038
402.000000, 0.000038
402.000000, 0.000039
402.000000, 0.000040
402.000000, 0.000042
403.000000, 0.000043
403.000000, 0.000044
403.000000, 0.000045
403.000000, 0.000047
403.000000, 0.000049
404.000000, 0.000052
404.000000, 0.000055
404.000000, 0.000058
404.000000, 0.000061
404.000000, 0.000064
405.000000, 0.000068
405.000000, 0.000072
405.000000, 0.000076
405.000000, 0.000080
405.000000, 0.000085
406.000000, 0.000090
406.000000, 0.000096
406.000000, 0.000102
406.000000, 0.000108
406.000000, 0.000114
407.000000, 0.000121
407.000000, 0.000129
407.000000, 0.000137
407.000000, 0.000142
407.000000, 0.000144
408.000000, 0.000146
408.000000, 0.000148
408.000000, 0.000150
408.000000, 0.000152
408.000000, 0.000154
409.000000, 0.000156
409.000000, 0.000158
409.000000, 0.000160
409.000000, 0.000161
409.000000, 0.000155
410.000000, 0.000150
410.000000, 0.000144
410.000000, 0.000139
410.000000, 0.000134
410.000000, 0.000129
411.000000, 0.000125
411.000000, 0.000120
411.000000, 0.000116
411.000000, 0.000118
411.000000, 0.000122
412.000000, 0.000125
412.000000, 0.000129
412.000000, 0.000133
412.000000, 0.000137
412.000000, 0.000141
413.000000, 0.000145
413.000000, 0.000150
413.000000, 0.000154
413.000000, 0.000157
413.000000, 0.000158
414.000000, 0.000159
414.000000, 0.000160
414.000000, 0.000161
414.000000, 0.000162
414.000000, 0.000164
415.000000, 0.000165
415.000000, 0.000166
415.000000, 0.000167
415.000000, 0.000171
415.000000, 0.000176
416.000000, 0.000181
416.000000, 0.000186
416.000000, 0.000191
416.000000, 0.000197
416.000000, 0.000203
417.000000, 0.000209
417.000000, 0.000215
417.000000, 0.000221
417.000000, 0.000227
417.000000, 0.000232
418.000000, 0.000237
418.000000, 0.000242
418.000000, 0.000247
418.000000, 0.000253
418.000000, 0.000258
419.000000, 0.000264
419.000000, 0.000270
419.000000, 0.000276
419.000000, 0.000279
419.000000, 0.000271
420.000000, 0.000264
420.000000, 0.000256
420.000000, 0.000249
420.000000, 0.000242
420.000000, 0.000235
421.000000, 0.000229
421.000000, 0.000222
421.000000, 0.000216
421.000000, 0.000219
421.000000, 0.000223
422.000000, 0.000228
422.000000, 0.000233
422.000000, 0.000237
422.000000, 0.000242
422.000000, 0.000247
423.000000, 0.000253
423.000000, 0.000258
423.000000, 0.000263
423.000000, 0.000268
423.000000, 0.000272
424.000000, 0.000276
424.000000, 0.000280
424.000000, 0.000285
424.000000, 0.000289
424.000000, 0.000293
425.000000, 0.000298
425.000000, 0.000303
425.000000, 0.000307
425.000000, 0.000313
425.000000, 0.000319
426.000000, 0.000325
426.000000, 0.000332
426.000000, 0.000338
426.000000, 0.000345
426.000000, 0.000352
427.000000, 0.000359
427.000000, 0.000366
427.000000, 0.000373
427.000000, 0.000378
427.000000, 0.000380
428.000000, 0.000382
428.000000, 0.000384
428.000000, 0.000387
428.000000, 0.000389
428.000000, 0.000391
429.000000, 0.000393
429.000000, 0.000396
429.000000, 0.000398
429.000000, 0.000398
429.000000, 0.000388
430.000000, 0.000379
430.000000, 0.000369
430.000000, 0.000360
430.000000, 0.000352
430.000000, 0.000343
431.000000, 0.000335
431.000000, 0.000327
431.000000, 0.000319
431.000000, 0.000321
431.000000, 0.000325
432.000000, 0.000330
432.000000, 0.000335
432.000000, 0.000339
432.000000, 0.000344
432.000000, 0.000349
433.000000, 0.000354
433.000000, 0.000359
433.000000, 0.000364
433.000000, 0.000371
433.000000, 0.000379
434.000000, 0.000387
434.000000, 0.000395
434.000000, 0.000404
434.000000, 0.000412
434.000000, 0.000421
435.000000, 0.000430
435.000000, 0.000440
435.000000, 0.000449
435.000000, 0.000459
435.000000, 0.000469
436.000000, 0.000480
436.000000, 0.000491
436.000000, 0.000502
436.000000, 0.000513
436.000000, 0.000525
437.000000, 0.000537
437.000000, 0.000549
437.000000, 0.000562
437.000000, 0.000567
437.000000, 0.000566
438.000000, 0.000564
438.000000, 0.000563
438.000000, 0.000562
438.000000, 0.000560
438.000000, 0.000559
439.000000, 0.000557
439.000000, 0.000556
439.000000, 0.000554
439.000000, 0.000552
439.000000, 0.000543
440.000000, 0.000535
440.000000, 0.000527
440.000000, 0.000519
440.000000, 0.000511
440.000000, 0.000503
441.000000, 0.000496
441.000000, 0.000488
441.000000, 0.000481
441.000000, 0.000485
441.000000, 0.000492
442.000000, 0.000499
442.000000, 0.000506
442.000000, 0.000514
442.000000, 0.000521
442.000000, 0.000529
443.000000, 0.000536
443.000000, 0.000544
443.000000, 0.000552
443.000000, 0.000562
443.000000, 0.000573
444.000000, 0.000584
444.000000, 0.000595
444.000000, 0.000607
444.000000, 0.000618
444.000000, 0.000630
445.000000, 0.000643
445.000000, 0.000655
445.000000, 0.000668
445.000000, 0.000681
445.000000, 0.000694
446.000000, 0.000708
446.000000, 0.000722
446.000000, 0.000737
446.000000, 0.000751
446.000000, 0.000766
447.000000, 0.000782
447.000000, 0.000797
447.000000, 0.000813
447.000000, 0.000827
447.000000, 0.000840
448.000000, 0.000852
448.000000, 0.000865
448.000000, 0.000878
448.000000, 0.000892
448.000000, 0.000905
449.000000, 0.000919
449.000000, 0.000932
449.000000, 0.000947
449.000000, 0.000098
449.000000, 0.000011
450.000000, 0.000012
450.000000, 0.000012
450.000000, 0.000006
450.000000, 0.000003
450.000000, 0.000004
451.000000, 0.000009
451.000000, 0.000014
451.000000, 0.000011
451.000000, 0.000009
451.000000, 0.000008
452.000000, 0.000007
452.000000, 0.000005
452.000000, 0.000003
452.000000, 0.000003
452.000000, 0.000007
453.000000, 0.000018
453.000000, 0.000017
453.000000, 0.000011
453.000000, 0.000008
453.000000, 0.000005
454.000000, 0.000005
454.000000, 0.000011
454.000000, 0.000024
454.000000, 0.000016
454.000000, 0.000005
455.000000, 0.000002
455.000000, 0.000003
455.000000, 0.000004
455.000000, 0.000005
455.000000, 0.000006
456.000000, 0.000006
456.000000, 0.000005
456.000000, 0.000004
456.000000, 0.000003
456.000000, 0.000002
457.000000, 0.000003
457.000000, 0.000006
457.000000, 0.000008
457.000000, 0.000004
457.000000, 0.000002
458.000000, 0.000002
458.000000, 0.000002
458.000000, 0.000004
458.000000, 0.000009
458.000000, 0.000017
459.000000, 0.000009
459.000000, 0.000005
459.000000, 0.000006
459.000000, 0.000010
459.000000, 0.000011
460.000000, 0.000008
460.000000, 0.000006
460.000000, 0.000004
460.000000, 0.000002
460.000000, 0.000002
461.000000, 0.000004
461.000000, 0.000007
461.000000, 0.000010
461.000000, 0.000014
461.000000, 0.000007
462.000000, 0.000003
462.000000, 0.000002
462.000000, 0.000003
462.000000, 0.000003
462.000000, 0.000003
463.000000, 0.000002
463.000000, 0.000003
463.000000, 0.000006
463.000000, 0.000011
463.000000, 0.000012
464.000000, 0.000013
464.000000, 0.000013
464.000000, 0.000014
464.000000, 0.000013
464.000000, 0.000011
465.000000, 0.000009
465.000000, 0.000006
465.000000, 0.000004
465.000000, 0.000003
465.000000, 0.000002
466.000000, 0.000002
466.000000, 0.000002
466.000000, 0.000002
466.000000, 0.000004
466.000000, 0.000009
467.000000, 0.000006
467.000000, 0.000003
467.000000, 0.000002
467.000000, 0.000005
467.000000, 0.000012
468.000000, 0.000007
468.000000, 0.000002
468.000000, 0.000003
468.000000, 0.000006
468.000000, 0.000011
469.000000, 0.000009
469.000000, 0.000007
469.000000, 0.000007
469.000000, 0.000007
469.000000, 0.000006
470.000000, 0.000006
470.000000, 0.000005
470.000000, 0.000011
470.000000, 0.000024
470.000000, 0.000023
471.000000, 0.000009
471.000000, 0.000005
471.000000, 0.000006
471.000000, 0.000008
471.000000, 0.000005
472.000000, 0.000002
472.000000, 0.000002
472.000000, 0.000006
472.000000, 0.000010
472.000000, 0.000007
473.000000, 0.000005
473.000000, 0.000007
473.000000, 0.000012
473.000000, 0.000013
473.000000, 0.000004
474.000000, 0.000002
474.000000, 0.000003
474.000000, 0.000006
474.000000, 0.000007
474.000000, 0.000007
475.000000, 0.000006
475.000000, 0.000009
475.000000, 0.000012
475.000000, 0.000013
475.000000, 0.000013
476.000000, 0.000011
476.000000, 0.000008
476.000000, 0.000006
476.000000, 0.000003
476.000000, 0.000002
477.000000, 0.000002
477.000000, 0.000003
477.000000, 0.000004
477.000000, 0.000006
477.000000, 0.000009
478.000000, 0.000007
478.000000, 0.000006
478.000000, 0.000003
478.000000, 0.000002
478.000000, 0.000002
479.000000, 0.000003
479.000000, 0.000007
479.000000, 0.000008
479.000000, 0.000008
479.000000, 0.000005
480.000000, 0.000002
480.000000, 0.000002
480.000000, 0.000005
480.000000, 0.000013
480.000000, 0.000017
481.000000, 0.000019
481.000000, 0.000017
481.000000, 0.000014
481.000000, 0.000012
481.000000, 0.000011
482.000000, 0.000010
482.000000, 0.000005
482.000000, 0.000002
482.000000, 0.000002
482.000000, 0.000005
483.000000, 0.000012
483.000000, 0.000012
483.000000, 0.000012
483.000000, 0.000011
483.000000, 0.000010
484.000000, 0.000008
484.000000, 0.000006
484.000000, 0.000005
484.000000, 0.000005
484.000000, 0.000005
485.000000, 0.000007
485.000000, 0.000012
485.000000, 0.000016
485.000000, 0.000014
485.000000, 0.000011
486.000000, 0.000012
486.000000, 0.000013
486.000000, 0.000012
486.000000, 0.000008
486.000000, 0.000006
487.000000, 0.000007
487.000000, 0.000007
487.000000, 0.000004
487.000000, 0.000002
487.000000, 0.000002
488.000000, 0.000006
488.000000, 0.000016
488.000000, 0.000013
488.000000, 0.000010
488.000000, 0.000005
489.000000, 0.000002
489.000000, 0.000001
489.000000, 0.000005
489.000000, 0.000012
489.000000, 0.000009
490.000000, 0.000006
490.000000, 0.000007
490.000000, 0.000009
490.000000, 0.000012
490.000000, 0.000013
491.000000, 0.000014
491.000000, 0.000011
491.000000, 0.000009
491.000000, 0.000008
491.000000, 0.000009
492.000000, 0.000010
492.000000, 0.000010
492.000000, 0.000011
492.000000, 0.000010
492.000000, 0.000008
493.000000, 0.000008
493.000000, 0.000008
493.000000, 0.000008
493.000000, 0.000009
493.000000, 0.000009
494.000000, 0.000008
494.000000, 0.000007
494.000000, 0.000006
494.000000, 0.000006
494.000000, 0.000006
495.000000, 0.000008
495.000000, 0.000010
495.000000, 0.000013
495.000000, 0.000017
495.000000, 0.000021
496.000000, 0.000020
496.000000, 0.000019
496.000000, 0.000021
496.000000, 0.000025
496.000000, 0.000030
497.000000, 0.000035
497.000000, 0.000041
497.000000, 0.000049
497.000000, 0.000057
497.000000, 0.000070
498.000000, 0.000089
498.000000, 0.000118
498.000000, 0.000162
498.000000, 0.000224
498.000000, 0.000340
499.000000, 0.000515
499.000000, 0.000771
499.000000, 0.001140
499.000000, 0.001708
499.000000, 0.002684
500.000000, 0.004234
500.000000, 0.006911
500.000000, 0.011279
500.000000, 0.020688
500.000000, 0.037944
501.000000, 0.064633
501.000000, 0.113000
501.000000, 0.204000
501.000000, 0.387000
501.000000, 0.764000
502.000000, 1.597000
502.000000, 3.550000
502.000000, 7.651000
502.000000, 18.085000
502.000000, 39.414000
503.000000, 65.390000
503.000000, 78.549000
503.000000, 79.088000
503.000000, 77.144000
503.000000, 77.093000
504.000000, 78.545000
504.000000, 80.864000
504.000000, 82.999000
504.000000, 84.718000
504.000000, 85.783000
505.000000, 86.167000
505.000000, 86.171000
505.000000, 86.173000
505.000000, 86.259000
505.000000, 86.594000
506.000000, 87.056000
506.000000, 87.759000
506.000000, 88.590000
506.000000, 89.426000
506.000000, 90.319000
507.000000, 91.170000
507.000000, 91.869000
507.000000, 92.342000
507.000000, 92.692000
507.000000, 92.914000
508.000000, 92.915000
508.000000, 92.847000
508.000000, 92.845000
508.000000, 92.848000
508.000000, 92.902000
509.000000, 92.972000
509.000000, 93.195000
509.000000, 93.494000
509.000000, 93.757000
509.000000, 94.148000
510.000000, 94.489000
510.000000, 94.848000
510.000000, 95.102000
510.000000, 95.288000
510.000000, 95.424000
511.000000, 95.453000
511.000000, 95.354000
511.000000, 95.244000
511.000000, 95.171000
511.000000, 95.044000
512.000000, 94.929000
512.000000, 95.009000
512.000000, 95.020000
512.000000, 95.105000
512.000000, 95.225000
513.000000, 95.340000
513.000000, 95.468000
513.000000, 95.680000
513.000000, 95.574000
513.000000, 95.499000
514.000000, 95.334000
514.000000, 95.123000
514.000000, 94.849000
514.000000, 94.434000
514.000000, 94.012000
515.000000, 93.513000
515.000000, 93.099000
515.000000, 92.721000
515.000000, 92.500000
515.000000, 92.302000
516.000000, 92.345000
516.000000, 92.411000
516.000000, 92.596000
516.000000, 92.811000
516.000000, 93.206000
517.000000, 93.621000
517.000000, 94.047000
517.000000, 94.504000
517.000000, 94.935000
517.000000, 95.272000
518.000000, 95.521000
518.000000, 95.630000
518.000000, 95.744000
518.000000, 95.687000
518.000000, 95.604000
519.000000, 95.483000
519.000000, 95.278000
519.000000, 95.016000
519.000000, 94.763000
519.000000, 94.642000
520.000000, 94.523000
520.000000, 94.457000
520.000000, 94.461000
520.000000, 94.563000
520.000000, 94.652000
521.000000, 94.851000
521.000000, 95.049000
521.000000, 95.259000
521.000000, 95.457000
521.000000, 95.615000
522.000000, 95.726000
522.000000, 95.800000
522.000000, 95.747000
522.000000, 95.734000
522.000000, 95.594000
523.000000, 95.398000
523.000000, 95.175000
523.000000, 94.945000
523.000000, 94.676000
523.000000, 94.411000
524.000000, 94.207000
524.000000, 93.977000
524.000000, 93.832000
524.000000, 93.768000
524.000000, 93.718000
525.000000, 93.759000
525.000000, 93.812000
525.000000, 93.952000
525.000000, 94.127000
525.000000, 94.273000
526.000000, 94.453000
526.000000, 94.655000
526.000000, 94.910000
526.000000, 95.070000
526.000000, 95.237000
527.000000, 95.379000
527.000000, 95.505000
527.000000, 95.569000
527.000000, 95.644000
527.000000, 95.692000
528.000000, 95.717000
528.000000, 95.723000
528.000000, 95.778000
528.000000, 95.760000
528.000000, 95.767000
529.000000, 95.787000
529.000000, 95.813000
529.000000, 95.715000
529.000000, 95.697000
529.000000, 95.688000
530.000000, 95.642000
530.000000, 95.545000
530.000000, 95.483000
530.000000, 95.398000
530.000000, 95.273000
531.000000, 95.113000
531.000000, 94.962000
531.000000, 94.848000
531.000000, 94.686000
531.000000, 94.547000
532.000000, 94.486000
532.000000, 94.378000
532.000000, 94.332000
532.000000, 94.309000
532.000000, 94.326000
533.000000, 94.338000
533.000000, 94.396000
533.000000, 94.513000
533.000000, 94.587000
533.000000, 94.669000
534.000000, 94.777000
534.000000, 94.920000
534.000000, 95.016000
534.000000, 95.132000
534.000000, 95.164000
535.000000, 95.250000
535.000000, 95.323000
535.000000, 95.391000
535.000000, 95.430000
535.000000, 95.472000
536.000000, 95.517000
536.000000, 95.598000
536.000000, 95.588000
536.000000, 95.621000
536.000000, 95.685000
537.000000, 95.661000
537.000000, 95.602000
537.000000, 95.537000
537.000000, 95.467000
537.000000, 95.281000
538.000000, 95.039000
538.000000, 94.777000
538.000000, 94.498000
538.000000, 94.178000
538.000000, 93.844000
539.000000, 93.527000
539.000000, 93.190000
539.000000, 92.963000
539.000000, 92.832000
539.000000, 92.744000
540.000000, 92.714000
540.000000, 92.850000
540.000000, 93.127000
540.000000, 93.426000
540.000000, 93.799000
541.000000, 94.287000
541.000000, 94.664000
541.000000, 95.000000
541.000000, 95.236000
541.000000, 95.328000
542.000000, 95.227000
542.000000, 95.005000
542.000000, 94.527000
542.000000, 93.906000
542.000000, 93.143000
543.000000, 92.340000
543.000000, 91.526000
543.000000, 90.786000
543.000000, 90.120000
543.000000, 89.513000
544.000000, 89.152000
544.000000, 88.880000
544.000000, 88.639000
544.000000, 88.415000
544.000000, 87.890000
545.000000, 87.046000
545.000000, 85.649000
545.000000, 83.598000
545.000000, 80.952000
545.000000, 77.772000
546.000000, 74.285000
546.000000, 71.286000
546.000000, 68.034000
546.000000, 65.428000
546.000000, 63.662000
547.000000, 62.916000
547.000000, 63.314000
547.000000, 64.549000
547.000000, 65.569000
547.000000, 64.766000
548.000000, 59.065000
548.000000, 47.374000
548.000000, 33.256000
548.000000, 21.170000
548.000000, 12.900000
549.000000, 7.971000
549.000000, 4.890000
549.000000, 3.066000
549.000000, 1.988000
549.000000, 1.316000
550.000000, 0.894000
550.000000, 0.620000
550.000000, 0.472000
550.000000, 0.337000
550.000000, 0.244000
551.000000, 0.180000
551.000000, 0.135000
551.000000, 0.102000
551.000000, 0.078139
551.000000, 0.057086
552.000000, 0.044545
552.000000, 0.035068
552.000000, 0.027734
552.000000, 0.022272
552.000000, 0.017926
553.000000, 0.014729
553.000000, 0.012120
553.000000, 0.010381
553.000000, 0.008614
553.000000, 0.007172
554.000000, 0.005986
554.000000, 0.005015
554.000000, 0.004300
554.000000, 0.003668
554.000000, 0.003160
555.000000, 0.002723
555.000000, 0.002361
555.000000, 0.002055
555.000000, 0.001791
555.000000, 0.001572
556.000000, 0.001381
556.000000, 0.001223
556.000000, 0.001082
556.000000, 0.000962
556.000000, 0.000858
557.000000, 0.000765
557.000000, 0.000690
557.000000, 0.000622
557.000000, 0.000567
557.000000, 0.000516
558.000000, 0.000472
558.000000, 0.000436
558.000000, 0.000402
558.000000, 0.000369
558.000000, 0.000340
559.000000, 0.000317
559.000000, 0.000295
559.000000, 0.000278
559.000000, 0.000265
559.000000, 0.000252
560.000000, 0.000234
560.000000, 0.000216
560.000000, 0.000208
560.000000, 0.000201
560.000000, 0.000192
561.000000, 0.000180
561.000000, 0.000170
561.000000, 0.000164
561.000000, 0.000159
561.000000, 0.000155
562.000000, 0.000151
562.000000, 0.000148
562.000000, 0.000146
562.000000, 0.000144
562.000000, 0.000142
563.000000, 0.000140
563.000000, 0.000139
563.000000, 0.000139
563.000000, 0.000138
563.000000, 0.000137
564.000000, 0.000136
564.000000, 0.000135
564.000000, 0.000135
564.000000, 0.000137
564.000000, 0.000139
565.000000, 0.000142
565.000000, 0.000144
565.000000, 0.000147
565.000000, 0.000154
565.000000, 0.000163
566.000000, 0.000168
566.000000, 0.000173
566.000000, 0.000177
566.000000, 0.000180
566.000000, 0.000183
567.000000, 0.000191
567.000000, 0.000200
567.000000, 0.000210
567.000000, 0.000220
567.000000, 0.000231
568.000000, 0.000239
568.000000, 0.000247
568.000000, 0.000254
568.000000, 0.000260
568.000000, 0.000266
569.000000, 0.000271
569.000000, 0.000276
569.000000, 0.000279
569.000000, 0.000281
569.000000, 0.000279
570.000000, 0.000273
570.000000, 0.000268
570.000000, 0.000262
570.000000, 0.000257
570.000000, 0.000250
571.000000, 0.000243
571.000000, 0.000235
571.000000, 0.000226
571.000000, 0.000217
571.000000, 0.000209
572.000000, 0.000201
572.000000, 0.000192
572.000000, 0.000183
572.000000, 0.000175
572.000000, 0.000166
573.000000, 0.000162
573.000000, 0.000161
573.000000, 0.000160
573.000000, 0.000155
573.000000, 0.000149
574.000000, 0.000143
574.000000, 0.000137
574.000000, 0.000135
574.000000, 0.000137
574.000000, 0.000139
575.000000, 0.000140
575.000000, 0.000140
575.000000, 0.000141
575.000000, 0.000140
575.000000, 0.000141
576.000000, 0.000143
576.000000, 0.000146
576.000000, 0.000147
576.000000, 0.000149
576.000000, 0.000151
577.000000, 0.000153
577.000000, 0.000155
577.000000, 0.000155
577.000000, 0.000156
577.000000, 0.000162
578.000000, 0.000170
578.000000, 0.000178
578.000000, 0.000184
578.000000, 0.000190
578.000000, 0.000196
579.000000, 0.000200
579.000000, 0.000204
579.000000, 0.000201
579.000000, 0.000194
579.000000, 0.000194
580.000000, 0.000196
580.000000, 0.000197
580.000000, 0.000199
580.000000, 0.000200
580.000000, 0.000202
581.000000, 0.000203
581.000000, 0.000205
581.000000, 0.000207
581.000000, 0.000208
581.000000, 0.000205
582.000000, 0.000201
582.000000, 0.000197
582.000000, 0.000194
582.000000, 0.000190
582.000000, 0.000186
583.000000, 0.000183
583.000000, 0.000179
583.000000, 0.000176
583.000000, 0.000173
583.000000, 0.000170
584.000000, 0.000167
584.000000, 0.000164
584.000000, 0.000161
584.000000, 0.000158
584.000000, 0.000155
585.000000, 0.000152
585.000000, 0.000150
585.000000, 0.000147
585.000000, 0.000144
585.000000, 0.000144
586.000000, 0.000145
586.000000, 0.000146
586.000000, 0.000147
586.000000, 0.000148
586.000000, 0.000149
587.000000, 0.000150
587.000000, 0.000151
587.000000, 0.000152
587.000000, 0.000152
587.000000, 0.000154
588.000000, 0.000156
588.000000, 0.000158
588.000000, 0.000160
588.000000, 0.000162
588.000000, 0.000163
589.000000, 0.000165
589.000000, 0.000167
589.000000, 0.000169
589.000000, 0.000171
589.000000, 0.000176
590.000000, 0.000181
590.000000, 0.000187
590.000000, 0.000192
590.000000, 0.000198
590.000000, 0.000204
591.000000, 0.000210
591.000000, 0.000216
591.000000, 0.000223
591.000000, 0.000229
591.000000, 0.000230
592.000000, 0.000229
592.000000, 0.000228
592.000000, 0.000227
592.000000, 0.000227
592.000000, 0.000226
593.000000, 0.000225
593.000000, 0.000224
593.000000, 0.000223
593.000000, 0.000223
593.000000, 0.000220
594.000000, 0.000217
594.000000, 0.000214
594.000000, 0.000211
594.000000, 0.000208
594.000000, 0.000205
595.000000, 0.000202
595.000000, 0.000199
595.000000, 0.000196
595.000000, 0.000193
595.000000, 0.000192
596.000000, 0.000190
596.000000, 0.000189
596.000000, 0.000187
596.000000, 0.000186
596.000000, 0.000184
597.000000, 0.000183
597.000000, 0.000181
597.000000, 0.000180
597.000000, 0.000179
597.000000, 0.000177
598.000000, 0.000174
598.000000, 0.000172
598.000000, 0.000170
598.000000, 0.000168
598.000000, 0.000166
599.000000, 0.000164
599.000000, 0.000162
599.000000, 0.000160
599.000000, 0.000158
599.000000, 0.000160
600.000000, 0.000161
600.000000, 0.000163
600.000000, 0.000164
600.000000, 0.000166
600.000000, 0.000167
601.000000, 0.000169
601.000000, 0.000170
601.000000, 0.000172
601.000000, 0.000173
601.000000, 0.000172
602.000000, 0.000171
602.000000, 0.000169
602.000000, 0.000168
602.000000, 0.000166
602.000000, 0.000165
603.000000, 0.000164
603.000000, 0.000162
603.000000, 0.000161
603.000000, 0.000160
603.000000, 0.000160
604.000000, 0.000162
604.000000, 0.000163
604.000000, 0.000164
604.000000, 0.000166
604.000000, 0.000167
605.000000, 0.000168
605.000000, 0.000170
605.000000, 0.000171
605.000000, 0.000172
605.000000, 0.000175
606.000000, 0.000178
606.000000, 0.000182
606.000000, 0.000185
606.000000, 0.000188
606.000000, 0.000191
607.000000, 0.000195
607.000000, 0.000198
607.000000, 0.000202
607.000000, 0.000205
607.000000, 0.000190
608.000000, 0.000172
608.000000, 0.000156
608.000000, 0.000141
608.000000, 0.000128
608.000000, 0.000116
609.000000, 0.000105
609.000000, 0.000095
609.000000, 0.000086
609.000000, 0.000078
609.000000, 0.000070
610.000000, 0.000063
610.000000, 0.000057
610.000000, 0.000051
610.000000, 0.000046
610.000000, 0.000042
611.000000, 0.000037
611.000000, 0.000034
611.000000, 0.000030
611.000000, 0.000027
611.000000, 0.000026
612.000000, 0.000024
612.000000, 0.000023
612.000000, 0.000022
612.000000, 0.000021
612.000000, 0.000020
613.000000, 0.000019
613.000000, 0.000018
613.000000, 0.000017
613.000000, 0.000016
613.000000, 0.000015
614.000000, 0.000014
614.000000, 0.000014
614.000000, 0.000013
614.000000, 0.000012
614.000000, 0.000012
615.000000, 0.000011
615.000000, 0.000011
615.000000, 0.000010
615.000000, 0.000010
615.000000, 0.000010
616.000000, 0.000010
616.000000, 0.000010
616.000000, 0.000010
616.000000, 0.000011
616.000000, 0.000011
617.000000, 0.000011
617.000000, 0.000011
617.000000, 0.000012
617.000000, 0.000012
617.000000, 0.000012
618.000000, 0.000012
618.000000, 0.000012
618.000000, 0.000012
618.000000, 0.000012
618.000000, 0.000011
619.000000, 0.000011
619.000000, 0.000011
619.000000, 0.000011
619.000000, 0.000011
619.000000, 0.000011
620.000000, 0.000010
620.000000, 0.000010
620.000000, 0.000010
620.000000, 0.000009
620.000000, 0.000009
621.000000, 0.000009
621.000000, 0.000008
621.000000, 0.000008
621.000000, 0.000008
621.000000, 0.000008
622.000000, 0.000008
622.000000, 0.000008
622.000000, 0.000009
622.000000, 0.000009
622.000000, 0.000009
623.000000, 0.000009
623.000000, 0.000010
623.000000, 0.000010
623.000000, 0.000010
623.000000, 0.000010
624.000000, 0.000010
624.000000, 0.000010
624.000000, 0.000011
624.000000, 0.000011
624.000000, 0.000011
625.000000, 0.000011
625.000000, 0.000011
625.000000, 0.000011
625.000000, 0.000011
625.000000, 0.000012
626.000000, 0.000012
626.000000, 0.000012
626.000000, 0.000012
626.000000, 0.000013
626.000000, 0.000013
627.000000, 0.000013
627.000000, 0.000014
627.000000, 0.000014
627.000000, 0.000014
627.000000, 0.000015
628.000000, 0.000015
628.000000, 0.000015
628.000000, 0.000015
628.000000, 0.000015
628.000000, 0.000016
629.000000, 0.000016
629.000000, 0.000016
629.000000, 0.000016
629.000000, 0.000016
629.000000, 0.000017
630.000000, 0.000017
630.000000, 0.000017
630.000000, 0.000017
630.000000, 0.000018
630.000000, 0.000018
631.000000, 0.000018
631.000000, 0.000019
631.000000, 0.000019
631.000000, 0.000019
631.000000, 0.000020
632.000000, 0.000021
632.000000, 0.000022
632.000000, 0.000022
632.000000, 0.000023
632.000000, 0.000024
633.000000, 0.000025
633.000000, 0.000026
633.000000, 0.000027
633.000000, 0.000028
633.000000, 0.000030
634.000000, 0.000033
634.000000, 0.000036
634.000000, 0.000039
634.000000, 0.000042
634.000000, 0.000046
635.000000, 0.000049
635.000000, 0.000054
635.000000, 0.000058
635.000000, 0.000063
635.000000, 0.000069
636.000000, 0.000076
636.000000, 0.000083
636.000000, 0.000091
636.000000, 0.000100
636.000000, 0.000109
637.000000, 0.000120
637.000000, 0.000131
637.000000, 0.000144
637.000000, 0.000158
637.000000, 0.000153
638.000000, 0.000145
638.000000, 0.000138
638.000000, 0.000131
638.000000, 0.000124
638.000000, 0.000118
639.000000, 0.000112
639.000000, 0.000106
639.000000, 0.000101
639.000000, 0.000096
639.000000, 0.000092
640.000000, 0.000089
640.000000, 0.000086
640.000000, 0.000083
640.000000, 0.000080
640.000000, 0.000078
641.000000, 0.000075
641.000000, 0.000073
641.000000, 0.000070
641.000000, 0.000068
641.000000, 0.000068
642.000000, 0.000069
642.000000, 0.000070
642.000000, 0.000071
642.000000, 0.000072
642.000000, 0.000073
643.000000, 0.000075
643.000000, 0.000076
643.000000, 0.000077
643.000000, 0.000078
643.000000, 0.000077
644.000000, 0.000076
644.000000, 0.000074
644.000000, 0.000073
644.000000, 0.000071
644.000000, 0.000070
645.000000, 0.000068
645.000000, 0.000067
645.000000, 0.000066
645.000000, 0.000064
645.000000, 0.000061
646.000000, 0.000057
646.000000, 0.000054
646.000000, 0.000051
646.000000, 0.000048
646.000000, 0.000045
647.000000, 0.000042
647.000000, 0.000040
647.000000, 0.000037
647.000000, 0.000035
647.000000, 0.000032
648.000000, 0.000030
648.000000, 0.000028
648.000000, 0.000026
648.000000, 0.000024
648.000000, 0.000022
649.000000, 0.000021
649.000000, 0.000019
649.000000, 0.000018
649.000000, 0.000017
649.000000, 0.000016
650.000000, 0.000016
650.000000, 0.000016
650.000000, 0.000015
650.000000, 0.000015
650.000000, 0.000015
651.000000, 0.000014
651.000000, 0.000014
651.000000, 0.000014
651.000000, 0.000014
651.000000, 0.000014
652.000000, 0.000014
652.000000, 0.000014
652.000000, 0.000014
652.000000, 0.000014
652.000000, 0.000014
653.000000, 0.000015
653.000000, 0.000015
653.000000, 0.000015
653.000000, 0.000015
653.000000, 0.000015
654.000000, 0.000015
654.000000, 0.000015
654.000000, 0.000014
654.000000, 0.000014
654.000000, 0.000014
655.000000, 0.000014
655.000000, 0.000014
655.000000, 0.000014
655.000000, 0.000013
655.000000, 0.000014
656.000000, 0.000014
656.000000, 0.000014
656.000000, 0.000014
656.000000, 0.000014
656.000000, 0.000014
657.000000, 0.000014
657.000000, 0.000014
657.000000, 0.000015
657.000000, 0.000015
657.000000, 0.000014
658.000000, 0.000013
658.000000, 0.000013
658.000000, 0.000012
658.000000, 0.000011
658.000000, 0.000011
659.000000, 0.000010
659.000000, 0.000010
659.000000, 0.000009
659.000000, 0.000009
659.000000, 0.000009
660.000000, 0.000008
660.000000, 0.000008
660.000000, 0.000008
660.000000, 0.000008
660.000000, 0.000008
661.000000, 0.000008
661.000000, 0.000008
661.000000, 0.000008
661.000000, 0.000007
661.000000, 0.000007
662.000000, 0.000007
662.000000, 0.000008
662.000000, 0.000008
662.000000, 0.000008
662.000000, 0.000008
663.000000, 0.000008
663.000000, 0.000008
663.000000, 0.000008
663.000000, 0.000008
663.000000, 0.000007
664.000000, 0.000006
664.000000, 0.000005
664.000000, 0.000004
664.000000, 0.000003
664.000000, 0.000003
665.000000, 0.000002
665.000000, 0.000002
665.000000, 0.000002
665.000000, 0.000001
665.000000, 0.000002
666.000000, 0.000002
666.000000, 0.000002
666.000000, 0.000003
666.000000, 0.000003
666.000000, 0.000004
667.000000, 0.000004
667.000000, 0.000005
667.000000, 0.000006
667.000000, 0.000007
667.000000, 0.000007
668.000000, 0.000007
668.000000, 0.000007
668.000000, 0.000007
668.000000, 0.000006
668.000000, 0.000006
669.000000, 0.000006
669.000000, 0.000006
669.000000, 0.000006
669.000000, 0.000005
669.000000, 0.000006
670.000000, 0.000006
670.000000, 0.000006
670.000000, 0.000006
670.000000, 0.000006
670.000000, 0.000006
671.000000, 0.000006
671.000000, 0.000006
671.000000, 0.000006
671.000000, 0.000006
671.000000, 0.000007
672.000000, 0.000008
672.000000, 0.000009
672.000000, 0.000010
672.000000, 0.000011
672.000000, 0.000013
673.000000, 0.000015
673.000000, 0.000016
673.000000, 0.000018
673.000000, 0.000021
673.000000, 0.000022
674.000000, 0.000023
674.000000, 0.000024
674.000000, 0.000025
674.000000, 0.000026
674.000000, 0.000027
675.000000, 0.000028
675.000000, 0.000030
675.000000, 0.000031
675.000000, 0.000032
675.000000, 0.000034
676.000000, 0.000035
676.000000, 0.000037
676.000000, 0.000038
676.000000, 0.000040
676.000000, 0.000042
677.000000, 0.000043
677.000000, 0.000045
677.000000, 0.000047
677.000000, 0.000049
677.000000, 0.000051
678.000000, 0.000053
678.000000, 0.000055
678.000000, 0.000057
678.000000, 0.000059
678.000000, 0.000061
679.000000, 0.000064
679.000000, 0.000066
679.000000, 0.000069
679.000000, 0.000071
679.000000, 0.000075
680.000000, 0.000080
680.000000, 0.000085
680.000000, 0.000090
680.000000, 0.000096
680.000000, 0.000101
681.000000, 0.000108
681.000000, 0.000114
681.000000, 0.000121
681.000000, 0.000129
681.000000, 0.000131
682.000000, 0.000130
682.000000, 0.000130
682.000000, 0.000129
682.000000, 0.000129
682.000000, 0.000128
683.000000, 0.000128
683.000000, 0.000127
683.000000, 0.000127
683.000000, 0.000127
683.000000, 0.000125
684.000000, 0.000122
684.000000, 0.000120
684.000000, 0.000117
684.000000, 0.000115
684.000000, 0.000113
685.000000, 0.000111
685.000000, 0.000109
685.000000, 0.000107
685.000000, 0.000104
685.000000, 0.000101
686.000000, 0.000098
686.000000, 0.000094
686.000000, 0.000091
686.000000, 0.000088
686.000000, 0.000085
687.000000, 0.000082
687.000000, 0.000079
687.000000, 0.000077
687.000000, 0.000074
687.000000, 0.000072
688.000000, 0.000069
688.000000, 0.000067
688.000000, 0.000065
688.000000, 0.000063
688.000000, 0.000061
689.000000, 0.000059
689.000000, 0.000057
689.000000, 0.000055
689.000000, 0.000053
689.000000, 0.000053
690.000000, 0.000052
690.000000, 0.000051
690.000000, 0.000051
690.000000, 0.000050
690.000000, 0.000049
691.000000, 0.000049
691.000000, 0.000048
691.000000, 0.000048
691.000000, 0.000047
691.000000, 0.000048
692.000000, 0.000050
692.000000, 0.000051
692.000000, 0.000053
692.000000, 0.000055
692.000000, 0.000057
693.000000, 0.000059
693.000000, 0.000061
693.000000, 0.000063
693.000000, 0.000066
693.000000, 0.000068
694.000000, 0.000070
694.000000, 0.000072
694.000000, 0.000075
694.000000, 0.000077
694.000000, 0.000080
695.000000, 0.000082
695.000000, 0.000085
695.000000, 0.000088
695.000000, 0.000091
695.000000, 0.000093
696.000000, 0.000095
696.000000, 0.000097
696.000000, 0.000100
696.000000, 0.000102
696.000000, 0.000104
697.000000, 0.000106
697.000000, 0.000109
697.000000, 0.000111
697.000000, 0.000114
697.000000, 0.000114
698.000000, 0.000114
698.000000, 0.000114
698.000000, 0.000114
698.000000, 0.000114
698.000000, 0.000114
699.000000, 0.000114
699.000000, 0.000114
699.000000, 0.000114
699.000000, 0.000114
699.000000, 0.000114
700.000000, 0.000113
700.000000, 0.000113
700.000000, 0.000112
700.000000, 0.000111
700.000000, 0.000111
701.000000, 0.000110
701.000000, 0.000110
701.000000, 0.000109
701.000000, 0.000109
701.000000, 0.000109
702.000000, 0.000110
702.000000, 0.000111
702.000000, 0.000112
702.000000, 0.000113
702.000000, 0.000114
703.000000, 0.000115
703.000000, 0.000116
703.000000, 0.000117
703.000000, 0.000118
703.000000, 0.000120
704.000000, 0.000121
704.000000, 0.000123
704.000000, 0.000125
704.000000, 0.000126
704.000000, 0.000128
705.000000, 0.000130
705.000000, 0.000132
705.000000, 0.000134
705.000000, 0.000136
705.000000, 0.000137
706.000000, 0.000139
706.000000, 0.000141
706.000000, 0.000143
706.000000, 0.000145
706.000000, 0.000148
707.000000, 0.000150
707.000000, 0.000152
707.000000, 0.000154
707.000000, 0.000156
707.000000, 0.000153
708.000000, 0.000149
708.000000, 0.000146
708.000000, 0.000142
708.000000, 0.000139
708.000000, 0.000136
709.000000, 0.000132
709.000000, 0.000129
709.000000, 0.000126
709.000000, 0.000123
709.000000, 0.000121
710.000000, 0.000120
710.000000, 0.000119
710.000000, 0.000117
710.000000, 0.000116
710.000000, 0.000114
711.000000, 0.000113
711.000000, 0.000111
711.000000, 0.000110
711.000000, 0.000109
711.000000, 0.000106
712.000000, 0.000103
712.000000, 0.000100
712.000000, 0.000097
712.000000, 0.000094
712.000000, 0.000092
713.000000, 0.000089
713.000000, 0.000087
713.000000, 0.000084
713.000000, 0.000082
713.000000, 0.000081
714.000000, 0.000081
714.000000, 0.000081
714.000000, 0.000081
714.000000, 0.000081
714.000000, 0.000081
715.000000, 0.000081
715.000000, 0.000081
715.000000, 0.000080
715.000000, 0.000080
715.000000, 0.000081
716.000000, 0.000082
716.000000, 0.000083
716.000000, 0.000084
716.000000, 0.000085
716.000000, 0.000086
717.000000, 0.000088
717.000000, 0.000089
717.000000, 0.000090
717.000000, 0.000091
717.000000, 0.000092
718.000000, 0.000094
718.000000, 0.000095
718.000000, 0.000096
718.000000, 0.000098
718.000000, 0.000099
719.000000, 0.000101
719.000000, 0.000102
719.000000, 0.000104
719.000000, 0.000105
719.000000, 0.000110
720.000000, 0.000116
720.000000, 0.000122
720.000000, 0.000128
720.000000, 0.000135
720.000000, 0.000142
721.000000, 0.000149
721.000000, 0.000157
721.000000, 0.000165
721.000000, 0.000174
721.000000, 0.000178
722.000000, 0.000180
722.000000, 0.000182
722.000000, 0.000184
722.000000, 0.000187
722.000000, 0.000189
723.000000, 0.000191
723.000000, 0.000194
723.000000, 0.000196
723.000000, 0.000198
723.000000, 0.000197
724.000000, 0.000194
724.000000, 0.000191
724.000000, 0.000188
724.000000, 0.000185
724.000000, 0.000183
725.000000, 0.000180
725.000000, 0.000177
725.000000, 0.000175
725.000000, 0.000172
725.000000, 0.000168
726.000000, 0.000163
726.000000, 0.000158
726.000000, 0.000153
726.000000, 0.000149
726.000000, 0.000144
727.000000, 0.000140
727.000000, 0.000136
727.000000, 0.000132
727.000000, 0.000128
727.000000, 0.000124
728.000000, 0.000121
728.000000, 0.000117
728.000000, 0.000114
728.000000, 0.000110
728.000000, 0.000107
729.000000, 0.000104
729.000000, 0.000101
729.000000, 0.000098
729.000000, 0.000095
729.000000, 0.000094
730.000000, 0.000094
730.000000, 0.000093
730.000000, 0.000093
730.000000, 0.000092
730.000000, 0.000092
731.000000, 0.000091
731.000000, 0.000091
731.000000, 0.000090
731.000000, 0.000089
731.000000, 0.000089
732.000000, 0.000089
732.000000, 0.000088
732.000000, 0.000088
732.000000, 0.000087
732.000000, 0.000087
733.000000, 0.000086
733.000000, 0.000086
733.000000, 0.000086
733.000000, 0.000085
733.000000, 0.000085
734.000000, 0.000084
734.000000, 0.000084
734.000000, 0.000083
734.000000, 0.000082
734.000000, 0.000082
735.000000, 0.000081
735.000000, 0.000081
735.000000, 0.000080
735.000000, 0.000080
735.000000, 0.000079
736.000000, 0.000079
736.000000, 0.000078
736.000000, 0.000077
736.000000, 0.000077
736.000000, 0.000076
737.000000, 0.000075
737.000000, 0.000075
737.000000, 0.000074
737.000000, 0.000073
737.000000, 0.000071
738.000000, 0.000070
738.000000, 0.000068
738.000000, 0.000066
738.000000, 0.000064
738.000000, 0.000062
739.000000, 0.000061
739.000000, 0.000059
739.000000, 0.000058
739.000000, 0.000056
739.000000, 0.000056
740.000000, 0.000056
740.000000, 0.000056
740.000000, 0.000057
740.000000, 0.000057
740.000000, 0.000057
741.000000, 0.000057
741.000000, 0.000058
741.000000, 0.000058
741.000000, 0.000058
741.000000, 0.000058
742.000000, 0.000058
742.000000, 0.000058
742.000000, 0.000058
742.000000, 0.000058
742.000000, 0.000058
743.000000, 0.000058
743.000000, 0.000058
743.000000, 0.000057
743.000000, 0.000057
743.000000, 0.000058
744.000000, 0.000058
744.000000, 0.000058
744.000000, 0.000059
744.000000, 0.000059
744.000000, 0.000060
745.000000, 0.000060
745.000000, 0.000061
745.000000, 0.000061
745.000000, 0.000061
745.000000, 0.000062
746.000000, 0.000063
746.000000, 0.000064
746.000000, 0.000064
746.000000, 0.000065
746.000000, 0.000066
747.000000, 0.000067
747.000000, 0.000067
747.000000, 0.000068
747.000000, 0.000069
747.000000, 0.000071
748.000000, 0.000073
748.000000, 0.000075
748.000000, 0.000077
748.000000, 0.000079
748.000000, 0.000082
749.000000, 0.000084
749.000000, 0.000086
749.000000, 0.000089
749.000000, 0.000091
749.000000, 0.000096
750.000000, 0.000102
750.000000, 0.000107
750.000000, 0.000114
750.000000, 0.000120
750.000000, 0.000127
751.000000, 0.000134
751.000000, 0.000142
751.000000, 0.000150
751.000000, 0.000158
751.000000, 0.000167
752.000000, 0.000176
752.000000, 0.000185
752.000000, 0.000195
752.000000, 0.000205
752.000000, 0.000216
753.000000, 0.000228
753.000000, 0.000240
753.000000, 0.000253
753.000000, 0.000266
753.000000, 0.000285
754.000000, 0.000307
754.000000, 0.000330
754.000000, 0.000356
754.000000, 0.000383
754.000000, 0.000412
755.000000, 0.000444
755.000000, 0.000478
755.000000, 0.000514
755.000000, 0.000554
755.000000, 0.000610
756.000000, 0.000675
756.000000, 0.000746
756.000000, 0.000825
756.000000, 0.000913
756.000000, 0.001009
757.000000, 0.001116
757.000000, 0.001234
757.000000, 0.001364
757.000000, 0.001509
757.000000, 0.001644
758.000000, 0.001792
758.000000, 0.001952
758.000000, 0.002127
758.000000, 0.002318
758.000000, 0.002525
759.000000, 0.002751
759.000000, 0.002998
759.000000, 0.003266
759.000000, 0.003561
759.000000, 0.003987
760.000000, 0.004464
760.000000, 0.004998
760.000000, 0.005437
760.000000, 0.005738
760.000000, 0.006056
761.000000, 0.006391
761.000000, 0.006744
761.000000, 0.007118
761.000000, 0.007489
761.000000, 0.007821
762.000000, 0.008169
762.000000, 0.008531
762.000000, 0.008910
762.000000, 0.009306
762.000000, 0.009732
763.000000, 0.010309
763.000000, 0.010921
763.000000, 0.011568
763.000000, 0.012255
763.000000, 0.012981
764.000000, 0.013751
764.000000, 0.014903
764.000000, 0.016192
764.000000, 0.017593
764.000000, 0.019114
765.000000, 0.020768
765.000000, 0.022564
765.000000, 0.023485
765.000000, 0.024018
765.000000, 0.024563
766.000000, 0.025121
766.000000, 0.025691
766.000000, 0.026275
766.000000, 0.024983
766.000000, 0.022210
767.000000, 0.019745
767.000000, 0.017554
767.000000, 0.015605
767.000000, 0.013873
767.000000, 0.012211
768.000000, 0.010534
768.000000, 0.009087
768.000000, 0.007838
768.000000, 0.006761
768.000000, 0.005833
769.000000, 0.005028
769.000000, 0.004320
769.000000, 0.003711
769.000000, 0.003189
769.000000, 0.002906
770.000000, 0.002690
770.000000, 0.002489
770.000000, 0.002303
770.000000, 0.002131
770.000000, 0.001973
771.000000, 0.001826
771.000000, 0.001689
771.000000, 0.001563
771.000000, 0.001447
771.000000, 0.001355
772.000000, 0.001277
772.000000, 0.001203
772.000000, 0.001133
772.000000, 0.001067
772.000000, 0.001005
773.000000, 0.000947
773.000000, 0.000892
773.000000, 0.000840
773.000000, 0.000792
773.000000, 0.000760
774.000000, 0.000733
774.000000, 0.000708
774.000000, 0.000683
774.000000, 0.000659
774.000000, 0.000636
775.000000, 0.000614
775.000000, 0.000593
775.000000, 0.000572
775.000000, 0.000552
775.000000, 0.000541
776.000000, 0.000531
776.000000, 0.000522
776.000000, 0.000513
776.000000, 0.000503
776.000000, 0.000494
777.000000, 0.000485
777.000000, 0.000477
777.000000, 0.000468
777.000000, 0.000460
777.000000, 0.000456
778.000000, 0.000453
778.000000, 0.000450
778.000000, 0.000447
778.000000, 0.000444
778.000000, 0.000440
779.000000, 0.000437
779.000000, 0.000434
779.000000, 0.000431
779.000000, 0.000428
779.000000, 0.000432
780.000000, 0.000437
780.000000, 0.000443
780.000000, 0.000448
780.000000, 0.000453
780.000000, 0.000459
781.000000, 0.000465
781.000000, 0.000470
781.000000, 0.000476
781.000000, 0.000482
781.000000, 0.000492
782.000000, 0.000506
782.000000, 0.000520
782.000000, 0.000534
782.000000, 0.000548
782.000000, 0.000563
783.000000, 0.000579
783.000000, 0.000594
783.000000, 0.000611
783.000000, 0.000627
783.000000, 0.000626
784.000000, 0.000620
784.000000, 0.000614
784.000000, 0.000608
784.000000, 0.000601
784.000000, 0.000623
785.000000, 0.000670
785.000000, 0.000721
785.000000, 0.000775
785.000000, 0.000834
785.000000, 0.000857
786.000000, 0.000875
786.000000, 0.000893
786.000000, 0.000912
786.000000, 0.000931
786.000000, 0.000962
787.000000, 0.001000
787.000000, 0.001040
787.000000, 0.001082
787.000000, 0.001126
787.000000, 0.001149
788.000000, 0.001173
788.000000, 0.001197
788.000000, 0.001221
788.000000, 0.001246
788.000000, 0.001269
789.000000, 0.001291
789.000000, 0.001314
789.000000, 0.001337
789.000000, 0.001359
789.000000, 0.001374
790.000000, 0.001388
790.000000, 0.001403
790.000000, 0.001417
790.000000, 0.001432
790.000000, 0.001437
791.000000, 0.001440
791.000000, 0.001443
791.000000, 0.001446
791.000000, 0.001449
791.000000, 0.001452
792.000000, 0.001456
792.000000, 0.001459
792.000000, 0.001462
792.000000, 0.001465
792.000000, 0.001453
793.000000, 0.001441
793.000000, 0.001428
793.000000, 0.001416
793.000000, 0.001404
793.000000, 0.001392
794.000000, 0.001381
794.000000, 0.001369
794.000000, 0.001357
794.000000, 0.001345
794.000000, 0.001323
795.000000, 0.001301
795.000000, 0.001280
795.000000, 0.001259
795.000000, 0.001239
795.000000, 0.001232
796.000000, 0.001244
796.000000, 0.001257
796.000000, 0.001270
796.000000, 0.001283
796.000000, 0.001297
797.000000, 0.001310
797.000000, 0.001324
797.000000, 0.001337
797.000000, 0.001351
797.000000, 0.001362
798.000000, 0.001370
798.000000, 0.001378
798.000000, 0.001386
798.000000, 0.001395
798.000000, 0.001403
799.000000, 0.001411
799.000000, 0.001420
799.000000, 0.001428
799.000000, 0.001437
799.000000, 0.001455
800.000000, 0.001480
800.000000, 0.001505
800.000000, 0.001530
800.000000, 0.001556
800.000000, 0.001583
801.000000, 0.001610
801.000000, 0.001637
801.000000, 0.001665
801.000000, 0.001693
801.000000, 0.001733
802.000000, 0.001779
802.000000, 0.001825
802.000000, 0.001873
802.000000, 0.001922
802.000000, 0.001973
803.000000, 0.002025
803.000000, 0.002078
803.000000, 0.002132
803.000000, 0.002188
803.000000, 0.002253
804.000000, 0.002321
804.000000, 0.002391
804.000000, 0.002463
804.000000, 0.002537
804.000000, 0.002614
805.000000, 0.002693
805.000000, 0.002774
805.000000, 0.002892
805.000000, 0.003014
805.000000, 0.003105
806.000000, 0.003256
806.000000, 0.003465
806.000000, 0.003578
806.000000, 0.003697
806.000000, 0.003866
807.000000, 0.004072
807.000000, 0.004310
807.000000, 0.004498
807.000000, 0.004687
807.000000, 0.004871
808.000000, 0.005154
808.000000, 0.005504
808.000000, 0.005810
808.000000, 0.006133
808.000000, 0.006475
809.000000, 0.006886
809.000000, 0.007339
809.000000, 0.007761
809.000000, 0.008216
809.000000, 0.008709
810.000000, 0.009244
810.000000, 0.009824
810.000000, 0.010497
810.000000, 0.011274
810.000000, 0.012173
811.000000, 0.013079
811.000000, 0.014033
811.000000, 0.015027
811.000000, 0.016159
811.000000, 0.017432
812.000000, 0.018866
812.000000, 0.020421
812.000000, 0.022099
812.000000, 0.023975
812.000000, 0.026049
813.000000, 0.028280
813.000000, 0.030806
813.000000, 0.033784
813.000000, 0.037055
813.000000, 0.040647
814.000000, 0.044642
814.000000, 0.049015
814.000000, 0.053791
814.000000, 0.059446
814.000000, 0.063731
815.000000, 0.068326
815.000000, 0.073252
815.000000, 0.080390
815.000000, 0.089352
815.000000, 0.098730
816.000000, 0.109000
816.000000, 0.122000
816.000000, 0.138000
816.000000, 0.154000
816.000000, 0.174000
817.000000, 0.197000
817.000000, 0.222000
817.000000, 0.252000
817.000000, 0.288000
817.000000, 0.330000
818.000000, 0.378000
818.000000, 0.437000
818.000000, 0.507000
818.000000, 0.591000
818.000000, 0.693000
819.000000, 0.815000
819.000000, 0.968000
819.000000, 1.155000
819.000000, 1.393000
819.000000, 1.690000
820.000000, 2.077000
820.000000, 2.578000
820.000000, 3.237000
820.000000, 4.101000
820.000000, 5.251000
821.000000, 6.721000
821.000000, 8.534000
821.000000, 10.493000
821.000000, 12.197000
821.000000, 13.036000
822.000000, 12.701000
822.000000, 11.404000
822.000000, 9.652000
822.000000, 7.956000
822.000000, 6.468000
823.000000, 5.286000
823.000000, 4.352000
823.000000, 3.632000
823.000000, 3.056000
823.000000, 2.608000
824.000000, 2.243000
824.000000, 1.950000
824.000000, 1.708000
824.000000, 1.509000
824.000000, 1.368000
825.000000, 1.241000
825.000000, 1.125000
825.000000, 1.022000
825.000000, 0.931000
825.000000, 0.854000
826.000000, 0.785000
826.000000, 0.726000
826.000000, 0.674000
826.000000, 0.630000
826.000000, 0.586000
827.000000, 0.550000
827.000000, 0.518000
827.000000, 0.487000
827.000000, 0.461000
827.000000, 0.436000
828.000000, 0.415000
828.000000, 0.395000
828.000000, 0.378000
828.000000, 0.362000
828.000000, 0.347000
829.000000, 0.332000
829.000000, 0.321000
829.000000, 0.308000
829.000000, 0.299000
829.000000, 0.290000
830.000000, 0.282000
830.000000, 0.272000
830.000000, 0.265000
830.000000, 0.260000
830.000000, 0.254000
831.000000, 0.249000
831.000000, 0.243000
831.000000, 0.239000
831.000000, 0.235000
831.000000, 0.232000
832.000000, 0.229000
832.000000, 0.226000
832.000000, 0.224000
832.000000, 0.222000
832.000000, 0.221000
833.000000, 0.218000
833.000000, 0.218000
833.000000, 0.217000
833.000000, 0.217000
833.000000, 0.216000
834.000000, 0.216000
834.000000, 0.217000
834.000000, 0.219000
834.000000, 0.218000
834.000000, 0.219000
835.000000, 0.221000
835.000000, 0.222000
835.000000, 0.224000
835.000000, 0.227000
835.000000, 0.230000
836.000000, 0.233000
836.000000, 0.236000
836.000000, 0.241000
836.000000, 0.245000
836.000000, 0.250000
837.000000, 0.254000
837.000000, 0.260000
837.000000, 0.266000
837.000000, 0.273000
837.000000, 0.280000
838.000000, 0.286000
838.000000, 0.294000
838.000000, 0.304000
838.000000, 0.311000
838.000000, 0.322000
839.000000, 0.332000
839.000000, 0.344000
839.000000, 0.357000
839.000000, 0.370000
839.000000, 0.383000
840.000000, 0.398000
840.000000, 0.414000
840.000000, 0.433000
840.000000, 0.452000
840.000000, 0.472000
841.000000, 0.494000
841.000000, 0.516000
841.000000, 0.543000
841.000000, 0.570000
841.000000, 0.599000
842.000000, 0.632000
842.000000, 0.666000
842.000000, 0.706000
842.000000, 0.746000
842.000000, 0.790000
843.000000, 0.842000
843.000000, 0.894000
843.000000, 0.954000
843.000000, 1.016000
843.000000, 1.086000
844.000000, 1.165000
844.000000, 1.245000
844.000000, 1.344000
844.000000, 1.440000
844.000000, 1.561000
845.000000, 1.691000
845.000000, 1.833000
845.000000, 1.992000
845.000000, 2.160000
845.000000, 2.348000
846.000000, 2.557000
846.000000, 2.797000
846.000000, 3.065000
846.000000, 3.363000
846.000000, 3.696000
847.000000, 4.078000
847.000000, 4.512000
847.000000, 5.006000
847.000000, 5.561000
847.000000, 6.205000
848.000000, 6.940000
848.000000, 7.781000
848.000000, 8.748000
848.000000, 9.867000
848.000000, 11.166000
849.000000, 12.666000
849.000000, 14.413000
849.000000, 16.431000
849.000000, 18.779000
849.000000, 21.534000
850.000000, 24.684000
850.000000, 28.341000
850.000000, 32.520000
850.000000, 37.303000
850.000000, 42.709000
851.000000, 48.625000
851.000000, 55.021000
851.000000, 61.694000
851.000000, 68.522000
851.000000, 75.018000
852.000000, 80.921000
852.000000, 85.748000
852.000000, 89.364000
852.000000, 91.505000
852.000000, 92.238000
853.000000, 91.680000
853.000000, 89.985000
853.000000, 87.472000
853.000000, 84.383000
853.000000, 80.991000
854.000000, 77.381000
854.000000, 73.796000
854.000000, 70.344000
854.000000, 66.995000
854.000000, 63.436000
855.000000, 60.065000
855.000000, 56.874000
855.000000, 54.105000
855.000000, 51.751000
855.000000, 49.593000
856.000000, 47.595000
856.000000, 45.731000
856.000000, 43.950000
856.000000, 42.303000
856.000000, 40.738000
857.000000, 39.279000
857.000000, 37.931000
857.000000, 36.636000
857.000000, 35.369000
857.000000, 34.201000
858.000000, 33.056000
858.000000, 32.015000
858.000000, 31.013000
858.000000, 30.083000
858.000000, 29.173000
859.000000, 28.285000
859.000000, 27.458000
859.000000, 26.628000
859.000000, 25.898000
859.000000, 25.180000
860.000000, 24.511000
860.000000, 23.863000
860.000000, 23.239000
860.000000, 22.655000
860.000000, 22.093000
861.000000, 21.589000
861.000000, 21.108000
861.000000, 20.653000
861.000000, 20.219000
861.000000, 19.792000
862.000000, 19.417000
862.000000, 19.059000
862.000000, 18.736000
862.000000, 18.446000
862.000000, 18.167000
863.000000, 17.928000
863.000000, 17.688000
863.000000, 17.472000
863.000000, 17.278000
863.000000, 17.121000
864.000000, 16.989000
864.000000, 16.870000
864.000000, 16.775000
864.000000, 16.715000
864.000000, 16.694000
865.000000, 16.674000
865.000000, 16.653000
865.000000, 16.683000
865.000000, 16.726000
865.000000, 16.776000
866.000000, 16.876000
866.000000, 16.988000
866.000000, 17.144000
866.000000, 17.318000
866.000000, 17.532000
867.000000, 17.764000
867.000000, 18.029000
867.000000, 18.310000
867.000000, 18.631000
867.000000, 18.977000
868.000000, 19.363000
868.000000, 19.800000
868.000000, 20.273000
868.000000, 20.802000
868.000000, 21.367000
869.000000, 21.993000
869.000000, 22.655000
869.000000, 23.369000
869.000000, 24.143000
869.000000, 24.972000
870.000000, 25.875000
870.000000, 26.870000
870.000000, 27.962000
870.000000, 29.114000
870.000000, 30.398000
871.000000, 31.731000
871.000000, 33.155000
871.000000, 34.702000
871.000000, 36.372000
871.000000, 38.165000
872.000000, 40.076000
872.000000, 42.169000
872.000000, 44.358000
872.000000, 46.738000
872.000000, 49.206000
873.000000, 51.850000
873.000000, 54.610000
873.000000, 57.493000
873.000000, 60.438000
873.000000, 63.516000
874.000000, 66.647000
874.000000, 69.797000
874.000000, 72.908000
874.000000, 75.978000
874.000000, 78.794000
875.000000, 81.714000
875.000000, 84.743000
875.000000, 87.191000
875.000000, 88.797000
875.000000, 89.985000
876.000000, 90.733000
876.000000, 91.019000
876.000000, 90.840000
876.000000, 90.258000
876.000000, 89.242000
877.000000, 87.934000
877.000000, 86.276000
877.000000, 84.395000
877.000000, 82.306000
877.000000, 80.125000
878.000000, 77.814000
878.000000, 75.507000
878.000000, 73.182000
878.000000, 70.883000
878.000000, 68.607000
879.000000, 66.432000
879.000000, 64.318000
879.000000, 62.339000
879.000000, 60.415000
879.000000, 58.627000
880.000000, 56.849000
880.000000, 55.238000
880.000000, 53.715000
880.000000, 52.341000
880.000000, 51.013000
881.000000, 49.808000
881.000000, 48.688000
881.000000, 47.683000
881.000000, 46.741000
881.000000, 45.900000
882.000000, 45.138000
882.000000, 44.466000
882.000000, 43.851000
882.000000, 43.324000
882.000000, 42.844000
883.000000, 42.446000
883.000000, 42.055000
883.000000, 41.749000
883.000000, 41.485000
883.000000, 41.340000
884.000000, 41.184000
884.000000, 41.136000
884.000000, 41.128000
884.000000, 41.185000
884.000000, 41.352000
885.000000, 41.519000
885.000000, 41.687000
885.000000, 41.976000
885.000000, 42.298000
885.000000, 42.683000
886.000000, 43.121000
886.000000, 43.605000
886.000000, 44.112000
886.000000, 44.714000
886.000000, 45.349000
887.000000, 46.060000
887.000000, 46.795000
887.000000, 47.638000
887.000000, 48.506000
887.000000, 49.464000
888.000000, 50.449000
888.000000, 51.529000
888.000000, 52.624000
888.000000, 53.850000
888.000000, 55.073000
889.000000, 56.409000
889.000000, 57.785000
889.000000, 59.213000
889.000000, 60.706000
889.000000, 62.285000
890.000000, 63.844000
890.000000, 65.482000
890.000000, 67.164000
890.000000, 68.859000
890.000000, 70.608000
891.000000, 72.363000
891.000000, 74.161000
891.000000, 75.885000
891.000000, 77.629000
891.000000, 79.341000
892.000000, 81.028000
892.000000, 82.669000
892.000000, 84.198000
892.000000, 85.638000
892.000000, 87.013000
893.000000, 88.246000
893.000000, 89.363000
893.000000, 90.367000
893.000000, 91.212000
893.000000, 91.915000
894.000000, 92.451000
894.000000, 92.837000
894.000000, 93.049000
894.000000, 93.100000
894.000000, 92.781000
895.000000, 92.464000
895.000000, 92.147000
895.000000, 91.630000
895.000000, 90.918000
895.000000, 90.105000
896.000000, 89.182000
896.000000, 88.168000
896.000000, 87.096000
896.000000, 85.887000
896.000000, 84.724000
897.000000, 83.466000
897.000000, 82.158000
897.000000, 80.840000
897.000000, 79.553000
897.000000, 78.212000
898.000000, 76.851000
898.000000, 75.550000
898.000000, 74.207000
898.000000, 72.941000
898.000000, 71.650000
899.000000, 70.430000
899.000000, 69.176000
899.000000, 67.962000
899.000000, 66.846000
899.000000, 65.736000
900.000000, 64.602000
900.000000, 63.497000
900.000000, 62.479000
900.000000, 61.420000
900.000000, 60.466000
901.000000, 59.509000
901.000000, 58.607000
901.000000, 57.715000
901.000000, 56.843000
901.000000, 56.010000
902.000000, 55.153000
902.000000, 54.392000
902.000000, 53.600000
902.000000, 52.867000
902.000000, 52.122000
903.000000, 51.396000
903.000000, 50.709000
903.000000, 49.983000
903.000000, 49.320000
903.000000, 48.621000
904.000000, 48.016000
904.000000, 47.363000
904.000000, 46.747000
904.000000, 46.144000
904.000000, 45.489000
905.000000, 44.843000
905.000000, 44.206000
905.000000, 43.705000
905.000000, 43.084000
905.000000, 42.563000
906.000000, 41.964000
906.000000, 41.425000
906.000000, 40.880000
906.000000, 40.333000
906.000000, 39.778000
907.000000, 39.231000
907.000000, 38.710000
907.000000, 38.170000
907.000000, 37.655000
907.000000, 37.145000
908.000000, 36.591000
908.000000, 36.154000
908.000000, 35.627000
908.000000, 35.163000
908.000000, 34.652000
909.000000, 34.190000
909.000000, 33.727000
909.000000, 33.248000
909.000000, 32.828000
909.000000, 32.370000
910.000000, 31.921000
910.000000, 31.510000
910.000000, 31.083000
910.000000, 30.678000
910.000000, 30.260000
911.000000, 29.889000
911.000000, 29.523000
911.000000, 29.151000
911.000000, 28.789000
911.000000, 28.411000
912.000000, 28.091000
912.000000, 27.710000
912.000000, 27.371000
912.000000, 27.064000
912.000000, 26.720000
913.000000, 26.414000
913.000000, 26.110000
913.000000, 25.802000
913.000000, 25.549000
913.000000, 25.264000
914.000000, 25.035000
914.000000, 24.782000
914.000000, 24.549000
914.000000, 24.343000
914.000000, 24.142000
915.000000, 23.942000
915.000000, 23.744000
915.000000, 23.514000
915.000000, 23.352000
915.000000, 23.157000
916.000000, 23.024000
916.000000, 22.899000
916.000000, 22.741000
916.000000, 22.640000
916.000000, 22.486000
917.000000, 22.405000
917.000000, 22.301000
917.000000, 22.179000
917.000000, 22.128000
917.000000, 22.031000
918.000000, 21.960000
918.000000, 21.923000
918.000000, 21.845000
918.000000, 21.836000
918.000000, 21.828000
919.000000, 21.793000
919.000000, 21.809000
919.000000, 21.823000
919.000000, 21.856000
919.000000, 21.914000
920.000000, 21.902000
920.000000, 21.958000
920.000000, 22.008000
920.000000, 22.050000
920.000000, 22.138000
921.000000, 22.187000
921.000000, 22.279000
921.000000, 22.395000
921.000000, 22.505000
921.000000, 22.654000
922.000000, 22.818000
922.000000, 22.946000
922.000000, 23.147000
922.000000, 23.302000
922.000000, 23.466000
923.000000, 23.644000
923.000000, 23.811000
923.000000, 24.025000
923.000000, 24.243000
923.000000, 24.457000
924.000000, 24.736000
924.000000, 24.976000
924.000000, 25.251000
924.000000, 25.570000
924.000000, 25.861000
925.000000, 26.155000
925.000000, 26.452000
925.000000, 26.781000
925.000000, 27.117000
925.000000, 27.523000
926.000000, 27.844000
926.000000, 28.232000
926.000000, 28.642000
926.000000, 29.021000
926.000000, 29.461000
927.000000, 29.894000
927.000000, 30.345000
927.000000, 30.848000
927.000000, 31.358000
927.000000, 31.852000
928.000000, 32.424000
928.000000, 32.917000
928.000000, 33.433000
928.000000, 33.989000
928.000000, 34.577000
929.000000, 35.188000
929.000000, 35.861000
929.000000, 36.489000
929.000000, 37.191000
929.000000, 37.941000
930.000000, 38.566000
930.000000, 39.368000
930.000000, 39.920000
930.000000, 40.649000
930.000000, 41.501000
931.000000, 42.262000
931.000000, 42.893000
931.000000, 43.847000
931.000000, 44.789000
931.000000, 45.634000
932.000000, 46.357000
932.000000, 47.272000
932.000000, 48.112000
932.000000, 49.187000
932.000000, 49.879000
933.000000, 50.759000
933.000000, 51.955000
933.000000, 52.734000
933.000000, 54.057000
933.000000, 54.795000
934.000000, 55.398000
934.000000, 56.425000
934.000000, 57.515000
934.000000, 58.641000
934.000000, 59.509000
935.000000, 60.389000
935.000000, 61.282000
935.000000, 62.087000
935.000000, 63.161000
935.000000, 64.209000
936.000000, 65.093000
936.000000, 66.034000
936.000000, 67.003000
936.000000, 67.594000
936.000000, 68.560000
937.000000, 69.524000
937.000000, 70.209000
937.000000, 71.255000
937.000000, 71.904000
937.000000, 72.756000
938.000000, 73.605000
938.000000, 74.224000
938.000000, 74.969000
938.000000, 75.697000
938.000000, 76.413000
939.000000, 77.052000
939.000000, 77.707000
939.000000, 78.359000
939.000000, 78.908000
939.000000, 79.497000
940.000000, 79.993000
940.000000, 80.457000
940.000000, 80.990000
940.000000, 81.431000
940.000000, 81.886000
941.000000, 82.298000
941.000000, 82.601000
941.000000, 82.979000
941.000000, 83.244000
941.000000, 83.603000
942.000000, 84.129000
942.000000, 84.047000
942.000000, 84.275000
942.000000, 84.516000
942.000000, 84.707000
943.000000, 84.943000
943.000000, 85.078000
943.000000, 85.411000
943.000000, 85.129000
943.000000, 85.262000
944.000000, 85.331000
944.000000, 85.340000
944.000000, 85.389000
944.000000, 85.448000
944.000000, 85.394000
945.000000, 85.340000
945.000000, 85.286000
945.000000, 85.198000
945.000000, 85.194000
945.000000, 85.178000
946.000000, 85.045000
946.000000, 84.889000
946.000000, 84.784000
946.000000, 84.714000
946.000000, 84.577000
947.000000, 84.448000
947.000000, 84.356000
947.000000, 84.083000
947.000000, 83.826000
947.000000, 83.825000
948.000000, 83.697000
948.000000, 83.480000
948.000000, 83.333000
948.000000, 83.159000
948.000000, 82.900000
949.000000, 82.758000
949.000000, 82.607000
949.000000, 82.472000
949.000000, 82.305000
949.000000, 82.198000
950.000000, 81.923000
950.000000, 81.630000
950.000000, 81.506000
950.000000, 81.363000
950.000000, 81.163000
951.000000, 80.965000
951.000000, 80.793000
951.000000, 80.633000
951.000000, 80.377000
951.000000, 80.293000
952.000000, 80.181000
952.000000, 79.933000
952.000000, 79.720000
952.000000, 79.578000
952.000000, 79.394000
953.000000, 79.197000
953.000000, 79.110000
953.000000, 78.964000
953.000000, 78.673000
953.000000, 78.470000
954.000000, 78.424000
954.000000, 78.275000
954.000000, 78.094000
954.000000, 77.955000
954.000000, 77.850000
955.000000, 77.745000
955.000000, 77.641000
955.000000, 77.340000
955.000000, 77.163000
955.000000, 77.082000
956.000000, 76.952000
956.000000, 76.865000
956.000000, 76.690000
956.000000, 76.570000
956.000000, 76.424000
957.000000, 76.365000
957.000000, 76.295000
957.000000, 76.069000
957.000000, 75.953000
957.000000, 76.000000
958.000000, 75.951000
958.000000, 75.791000
958.000000, 75.697000
958.000000, 75.603000
958.000000, 75.527000
959.000000, 75.481000
959.000000, 75.461000
959.000000, 75.485000
959.000000, 75.403000
959.000000, 75.272000
960.000000, 75.299000
960.000000, 75.322000
960.000000, 75.215000
960.000000, 75.158000
960.000000, 75.171000
961.000000, 75.260000
961.000000, 75.195000
961.000000, 75.271000
961.000000, 75.267000
961.000000, 75.321000
962.000000, 75.298000
962.000000, 75.426000
962.000000, 75.532000
962.000000, 75.440000
962.000000, 75.392000
963.000000, 75.480000
963.000000, 75.678000
963.000000, 75.684000
963.000000, 75.660000
963.000000, 75.724000
964.000000, 75.900000
964.000000, 76.022000
964.000000, 76.013000
964.000000, 76.100000
964.000000, 76.220000
965.000000, 76.340000
965.000000, 76.461000
965.000000, 76.441000
965.000000, 76.627000
965.000000, 76.888000
966.000000, 76.902000
966.000000, 76.926000
966.000000, 77.075000
966.000000, 77.334000
966.000000, 77.528000
967.000000, 77.580000
967.000000, 77.700000
967.000000, 77.885000
967.000000, 78.098000
967.000000, 78.221000
968.000000, 78.392000
968.000000, 78.531000
968.000000, 78.747000
968.000000, 78.937000
968.000000, 79.177000
969.000000, 79.365000
969.000000, 79.554000
969.000000, 79.765000
969.000000, 80.018000
969.000000, 80.351000
970.000000, 80.451000
970.000000, 80.580000
970.000000, 80.911000
970.000000, 81.200000
970.000000, 81.401000
971.000000, 81.532000
971.000000, 81.804000
971.000000, 82.142000
971.000000, 82.439000
971.000000, 82.552000
972.000000, 82.776000
972.000000, 83.167000
972.000000, 83.542000
972.000000, 83.707000
972.000000, 83.804000
973.000000, 84.122000
973.000000, 84.509000
973.000000, 84.719000
973.000000, 84.891000
973.000000, 85.154000
974.000000, 85.498000
974.000000, 85.734000
974.000000, 85.861000
974.000000, 86.038000
974.000000, 86.286000
975.000000, 86.535000
975.000000, 86.784000
975.000000, 87.095000
975.000000, 87.297000
975.000000, 87.447000
976.000000, 87.696000
976.000000, 88.045000
976.000000, 88.244000
976.000000, 88.427000
976.000000, 88.623000
977.000000, 88.895000
977.000000, 89.139000
977.000000, 89.264000
977.000000, 89.350000
977.000000, 89.646000
978.000000, 89.862000
978.000000, 90.024000
978.000000, 90.173000
978.000000, 90.365000
978.000000, 90.539000
979.000000, 90.712000
979.000000, 90.847000
979.000000, 91.048000
979.000000, 91.277000
979.000000, 91.397000
980.000000, 91.494000
980.000000, 91.614000
980.000000, 91.739000
980.000000, 91.886000
980.000000, 92.038000
981.000000, 92.156000
981.000000, 92.277000
981.000000, 92.405000
981.000000, 92.528000
981.000000, 92.616000
982.000000, 92.729000
982.000000, 92.792000
982.000000, 92.839000
982.000000, 92.965000
982.000000, 93.080000
983.000000, 93.124000
983.000000, 93.145000
983.000000, 93.203000
983.000000, 93.309000
983.000000, 93.357000
984.000000, 93.299000
984.000000, 93.428000
984.000000, 93.520000
984.000000, 93.553000
984.000000, 93.570000
985.000000, 93.587000
985.000000, 93.603000
985.000000, 93.641000
985.000000, 93.702000
985.000000, 93.728000
986.000000, 93.718000
986.000000, 93.792000
986.000000, 93.829000
986.000000, 93.822000
986.000000, 93.794000
987.000000, 93.843000
987.000000, 93.938000
987.000000, 93.879000
987.000000, 93.906000
987.000000, 93.914000
988.000000, 93.909000
988.000000, 93.917000
988.000000, 93.933000
988.000000, 93.950000
988.000000, 93.971000
989.000000, 93.927000
989.000000, 93.961000
989.000000, 94.056000
989.000000, 94.044000
989.000000, 94.017000
990.000000, 94.041000
990.000000, 94.097000
990.000000, 94.053000
990.000000, 94.096000
990.000000, 94.083000
991.000000, 94.059000
991.000000, 94.025000
991.000000, 94.048000
991.000000, 94.043000
991.000000, 93.999000
992.000000, 93.963000
992.000000, 93.978000
992.000000, 93.971000
992.000000, 93.924000
992.000000, 93.895000
993.000000, 93.837000
993.000000, 93.754000
993.000000, 93.710000
993.000000, 93.615000
993.000000, 93.602000
994.000000, 93.464000
994.000000, 93.373000
994.000000, 93.274000
994.000000, 93.143000
994.000000, 92.939000
995.000000, 92.736000
995.000000, 92.532000
995.000000, 92.408000
995.000000, 92.301000
995.000000, 92.091000
996.000000, 91.911000
996.000000, 91.765000
996.000000, 91.592000
996.000000, 91.390000
996.000000, 91.135000
997.000000, 90.911000
997.000000, 90.634000
997.000000, 90.417000
997.000000, 90.234000
997.000000, 89.918000
998.000000, 89.593000
998.000000, 89.316000
998.000000, 89.008000
998.000000, 88.678000
998.000000, 88.402000
999.000000, 88.115000
999.000000, 87.671000
999.000000, 87.277000
999.000000, 87.011000
999.000000, 86.714000
1000.000000, 86.278000
1000.000000, 85.950000
1000.000000, 85.513000
1000.000000, 85.008000
1000.000000, 84.689000
1001.000000, 84.370000
1001.000000, 83.961000
1001.000000, 83.513000
1001.000000, 83.089000
1001.000000, 82.648000
1002.000000, 82.133000
1002.000000, 81.815000
1002.000000, 81.481000
1002.000000, 80.951000
1002.000000, 80.501000
1003.000000, 80.060000
1003.000000, 79.530000
1003.000000, 79.173000
1003.000000, 78.891000
1003.000000, 78.371000
1004.000000, 77.929000
1004.000000, 77.573000
1004.000000, 77.092000
1004.000000, 76.607000
1004.000000, 78.026000
1005.000000, 77.574000
1005.000000, 77.170000
1005.000000, 76.701000
1005.000000, 76.314000
1005.000000, 76.029000
1006.000000, 75.657000
1006.000000, 75.256000
1006.000000, 74.870000
1006.000000, 74.481000
1006.000000, 74.066000
1007.000000, 73.757000
1007.000000, 73.577000
1007.000000, 73.164000
1007.000000, 72.764000
1007.000000, 72.503000
1008.000000, 72.181000
1008.000000, 71.886000
1008.000000, 71.697000
1008.000000, 71.486000
1008.000000, 71.206000
1009.000000, 70.966000
1009.000000, 70.694000
1009.000000, 70.428000
1009.000000, 70.301000
1009.000000, 70.195000
1010.000000, 69.995000
1010.000000, 69.848000
1010.000000, 69.709000
1010.000000, 69.528000
1010.000000, 69.417000
1011.000000, 69.382000
1011.000000, 69.321000
1011.000000, 69.217000
1011.000000, 69.202000
1011.000000, 69.068000
1012.000000, 68.976000
1012.000000, 69.064000
1012.000000, 69.095000
1012.000000, 69.158000
1012.000000, 69.215000
1013.000000, 69.223000
1013.000000, 69.244000
1013.000000, 69.302000
1013.000000, 69.415000
1013.000000, 69.531000
1014.000000, 69.681000
1014.000000, 69.913000
1014.000000, 69.995000
1014.000000, 70.160000
1014.000000, 70.356000
1015.000000, 70.466000
1015.000000, 70.744000
1015.000000, 71.029000
1015.000000, 71.233000
1015.000000, 71.516000
1016.000000, 71.798000
1016.000000, 72.021000
1016.000000, 72.207000
1016.000000, 72.637000
1016.000000, 72.947000
1017.000000, 73.394000
1017.000000, 73.860000
1017.000000, 74.125000
1017.000000, 74.462000
1017.000000, 74.916000
1018.000000, 75.266000
1018.000000, 75.702000
1018.000000, 76.202000
1018.000000, 76.665000
1018.000000, 77.129000
1019.000000, 77.616000
1019.000000, 78.021000
1019.000000, 78.474000
1019.000000, 79.034000
1019.000000, 79.471000
1020.000000, 80.133000
1020.000000, 80.698000
1020.000000, 81.146000
1020.000000, 81.739000
1020.000000, 82.206000
1021.000000, 82.684000
1021.000000, 83.272000
1021.000000, 83.870000
1021.000000, 84.335000
1021.000000, 84.877000
1022.000000, 85.507000
1022.000000, 86.061000
1022.000000, 86.619000
1022.000000, 87.083000
1022.000000, 87.616000
1023.000000, 88.190000
1023.000000, 88.658000
1023.000000, 89.200000
1023.000000, 89.663000
1023.000000, 90.193000
1024.000000, 90.672000
1024.000000, 91.131000
1024.000000, 91.541000
1024.000000, 91.959000
1024.000000, 92.389000
1025.000000, 92.688000
1025.000000, 93.112000
1025.000000, 93.505000
1025.000000, 93.750000
1025.000000, 94.087000
1026.000000, 94.447000
1026.000000, 94.654000
1026.000000, 94.950000
1026.000000, 95.149000
1026.000000, 95.321000
1027.000000, 95.459000
1027.000000, 95.666000
1027.000000, 95.817000
1027.000000, 95.926000
1027.000000, 95.967000
1028.000000, 96.106000
1028.000000, 96.136000
1028.000000, 96.142000
1028.000000, 96.109000
1028.000000, 96.049000
1029.000000, 96.009000
1029.000000, 95.913000
1029.000000, 95.831000
1029.000000, 95.802000
1029.000000, 95.615000
1030.000000, 95.446000
1030.000000, 95.434000
1030.000000, 95.239000
1030.000000, 94.946000
1030.000000, 94.797000
1031.000000, 94.559000
1031.000000, 94.345000
1031.000000, 94.112000
1031.000000, 93.815000
1031.000000, 93.625000
1032.000000, 93.448000
1032.000000, 93.133000
1032.000000, 92.915000
1032.000000, 92.642000
1032.000000, 92.512000
1033.000000, 92.267000
1033.000000, 91.860000
1033.000000, 91.606000
1033.000000, 91.363000
1033.000000, 91.037000
1034.000000, 90.880000
1034.000000, 90.559000
1034.000000, 90.389000
1034.000000, 90.281000
1034.000000, 90.005000
1035.000000, 89.832000
1035.000000, 89.583000
1035.000000, 89.344000
1035.000000, 89.201000
1035.000000, 88.976000
1036.000000, 88.724000
1036.000000, 88.625000
1036.000000, 88.437000
1036.000000, 88.375000
1036.000000, 88.297000
1037.000000, 88.140000
1037.000000, 88.022000
1037.000000, 87.944000
1037.000000, 87.838000
1037.000000, 87.765000
1038.000000, 87.711000
1038.000000, 87.668000
1038.000000, 87.621000
1038.000000, 87.473000
1038.000000, 87.593000
1039.000000, 87.578000
1039.000000, 87.563000
1039.000000, 87.647000
1039.000000, 87.623000
1039.000000, 87.617000
1040.000000, 87.689000
1040.000000, 87.727000
1040.000000, 87.721000
1040.000000, 87.731000
1040.000000, 87.798000
1041.000000, 87.867000
1041.000000, 87.917000
1041.000000, 87.979000
1041.000000, 87.974000
1041.000000, 87.999000
1042.000000, 88.057000
1042.000000, 87.982000
1042.000000, 88.033000
1042.000000, 88.017000
1042.000000, 87.881000
1043.000000, 88.034000
1043.000000, 87.965000
1043.000000, 87.903000
1043.000000, 87.894000
1043.000000, 87.748000
1044.000000, 87.675000
1044.000000, 87.563000
1044.000000, 87.515000
1044.000000, 86.999000
1044.000000, 86.729000
1045.000000, 86.435000
1045.000000, 86.153000
1045.000000, 85.975000
1045.000000, 85.571000
1045.000000, 85.263000
1046.000000, 84.751000
1046.000000, 84.233000
1046.000000, 83.864000
1046.000000, 83.278000
1046.000000, 82.819000
1047.000000, 82.201000
1047.000000, 81.513000
1047.000000, 80.956000
1047.000000, 80.373000
1047.000000, 79.602000
1048.000000, 79.014000
1048.000000, 78.180000
1048.000000, 77.472000
1048.000000, 76.489000
1048.000000, 75.727000
1049.000000, 74.822000
1049.000000, 73.815000
1049.000000, 72.954000
1049.000000, 71.877000
1049.000000, 70.994000
1050.000000, 70.197000
1050.000000, 69.009000
1050.000000, 68.125000
1050.000000, 67.027000
1050.000000, 66.174000
1051.000000, 65.138000
1051.000000, 64.083000
1051.000000, 63.298000
1051.000000, 62.061000
1051.000000, 61.232000
1052.000000, 60.097000
1052.000000, 59.017000
1052.000000, 57.974000
1052.000000, 56.871000
1052.000000, 55.874000
1053.000000, 54.939000
1053.000000, 53.865000
1053.000000, 53.054000
1053.000000, 52.021000
1053.000000, 51.186000
1054.000000, 50.154000
1054.000000, 49.315000
1054.000000, 48.526000
1054.000000, 47.643000
1054.000000, 46.917000
1055.000000, 45.989000
1055.000000, 45.170000
1055.000000, 44.358000
1055.000000, 43.525000
1055.000000, 42.769000
1056.000000, 42.010000
1056.000000, 41.294000
1056.000000, 40.477000
1056.000000, 39.786000
1056.000000, 39.129000
1057.000000, 38.383000
1057.000000, 37.858000
1057.000000, 37.176000
1057.000000, 36.634000
1057.000000, 36.015000
1058.000000, 35.474000
1058.000000, 34.949000
1058.000000, 34.337000
1058.000000, 33.872000
1058.000000, 33.336000
1059.000000, 32.889000
1059.000000, 32.465000
1059.000000, 31.923000
1059.000000, 31.611000
1059.000000, 31.094000
1060.000000, 30.720000
1060.000000, 30.259000
1060.000000, 29.890000
1060.000000, 29.471000
1060.000000, 29.111000
1061.000000, 28.775000
1061.000000, 28.362000
1061.000000, 28.043000
1061.000000, 27.655000
1061.000000, 27.421000
1062.000000, 27.097000
1062.000000, 26.867000
1062.000000, 26.568000
1062.000000, 26.297000
1062.000000, 26.097000
1063.000000, 25.847000
1063.000000, 25.657000
1063.000000, 25.401000
1063.000000, 25.264000
1063.000000, 24.981000
1064.000000, 24.830000
1064.000000, 24.653000
1064.000000, 24.467000
1064.000000, 24.201000
1064.000000, 23.875000
1065.000000, 23.766000
1065.000000, 23.672000
1065.000000, 23.527000
1065.000000, 23.519000
1065.000000, 23.324000
1066.000000, 23.271000
1066.000000, 23.158000
1066.000000, 23.129000
1066.000000, 23.063000
1066.000000, 22.983000
1067.000000, 22.961000
1067.000000, 22.826000
1067.000000, 22.941000
1067.000000, 22.764000
1067.000000, 22.798000
1068.000000, 22.727000
1068.000000, 22.738000
1068.000000, 22.730000
1068.000000, 22.740000
1068.000000, 22.678000
1069.000000, 22.643000
1069.000000, 22.738000
1069.000000, 22.697000
1069.000000, 22.807000
1069.000000, 22.828000
1070.000000, 22.881000
1070.000000, 22.919000
1070.000000, 23.013000
1070.000000, 23.072000
1070.000000, 23.119000
1071.000000, 23.217000
1071.000000, 23.266000
1071.000000, 23.446000
1071.000000, 23.466000
1071.000000, 23.657000
1072.000000, 23.721000
1072.000000, 23.896000
1072.000000, 23.988000
1072.000000, 24.194000
1072.000000, 24.318000
1073.000000, 24.514000
1073.000000, 24.721000
1073.000000, 24.853000
1073.000000, 25.087000
1073.000000, 25.245000
1074.000000, 25.565000
1074.000000, 25.677000
1074.000000, 26.034000
1074.000000, 26.205000
1074.000000, 26.455000
1075.000000, 26.705000
1075.000000, 26.953000
1075.000000, 27.295000
1075.000000, 27.554000
1075.000000, 27.914000
1076.000000, 28.197000
1076.000000, 28.516000
1076.000000, 28.843000
1076.000000, 29.218000
1076.000000, 29.559000
1077.000000, 30.030000
1077.000000, 30.302000
1077.000000, 30.772000
1077.000000, 31.155000
1077.000000, 31.614000
1078.000000, 32.021000
1078.000000, 32.464000
1078.000000, 33.023000
1078.000000, 33.397000
1078.000000, 33.943000
1079.000000, 34.376000
1079.000000, 34.969000
1079.000000, 35.484000
1079.000000, 36.019000
1079.000000, 36.574000
1080.000000, 37.226000
1080.000000, 37.737000
1080.000000, 38.384000
1080.000000, 38.991000
1080.000000, 39.660000
1081.000000, 40.248000
1081.000000, 40.930000
1081.000000, 41.611000
1081.000000, 42.298000
1081.000000, 42.972000
1082.000000, 43.680000
1082.000000, 44.470000
1082.000000, 45.229000
1082.000000, 46.041000
1082.000000, 46.775000
1083.000000, 47.697000
1083.000000, 48.354000
1083.000000, 49.243000
1083.000000, 49.924000
1083.000000, 50.892000
1084.000000, 51.670000
1084.000000, 52.628000
1084.000000, 53.326000
1084.000000, 54.367000
1084.000000, 55.236000
1085.000000, 56.072000
1085.000000, 56.907000
1085.000000, 57.922000
1085.000000, 58.812000
1085.000000, 59.766000
1086.000000, 60.717000
1086.000000, 61.522000
1086.000000, 62.454000
1086.000000, 63.376000
1086.000000, 64.377000
1087.000000, 65.149000
1087.000000, 66.105000
1087.000000, 66.865000
1087.000000, 67.824000
1087.000000, 68.643000
1088.000000, 69.473000
1088.000000, 70.284000
1088.000000, 71.252000
1088.000000, 72.066000
1088.000000, 72.954000
1089.000000, 73.590000
1089.000000, 74.443000
1089.000000, 75.103000
1089.000000, 76.208000
1089.000000, 76.969000
1090.000000, 77.803000
1090.000000, 78.358000
1090.000000, 79.037000
1090.000000, 79.455000
1090.000000, 80.061000
1091.000000, 80.400000
1091.000000, 81.108000
1091.000000, 81.571000
1091.000000, 81.992000
1091.000000, 82.506000
1092.000000, 82.688000
1092.000000, 83.138000
1092.000000, 83.392000
1092.000000, 83.765000
1092.000000, 84.149000
1093.000000, 84.521000
1093.000000, 84.628000
1093.000000, 85.012000
1093.000000, 85.348000
1093.000000, 85.417000
1094.000000, 85.536000
1094.000000, 85.790000
1094.000000, 86.019000
1094.000000, 86.167000
1094.000000, 86.237000
1095.000000, 86.575000
1095.000000, 86.397000
1095.000000, 86.642000
1095.000000, 86.634000
1095.000000, 86.803000
1096.000000, 86.540000
1096.000000, 86.930000
1096.000000, 87.115000
1096.000000, 87.114000
1096.000000, 87.052000
1097.000000, 87.145000
1097.000000, 87.171000
1097.000000, 87.335000
1097.000000, 87.319000
1097.000000, 87.481000
1098.000000, 87.462000
1098.000000, 87.663000
1098.000000, 87.348000
1098.000000, 87.758000
1098.000000, 87.780000
1099.000000, 87.769000
1099.000000, 87.886000
1099.000000, 87.680000
1099.000000, 87.925000
1099.000000, 87.880000
1100.000000, 88.231000
1100.000000, 88.059000
1100.000000, 88.183000
1100.000000, 88.301000
1100.000000, 88.143000
1101.000000, 88.509000
1101.000000, 88.756000
1101.000000, 88.998000
1101.000000, 89.068000
1101.000000, 89.009000
1102.000000, 89.162000
1102.000000, 89.578000
1102.000000, 89.483000
1102.000000, 89.674000
1102.000000, 90.222000
1103.000000, 90.098000
1103.000000, 90.707000
1103.000000, 90.661000
1103.000000, 91.108000
1103.000000, 91.103000
1104.000000, 91.328000
1104.000000, 91.223000
1104.000000, 91.714000
1104.000000, 91.789000
1104.000000, 92.120000
1105.000000, 92.322000
1105.000000, 92.496000
1105.000000, 92.640000
1105.000000, 93.174000
1105.000000, 93.244000
1106.000000, 93.464000
1106.000000, 93.579000
1106.000000, 93.797000
1106.000000, 93.821000
1106.000000, 94.199000
1107.000000, 94.606000
1107.000000, 94.681000
1107.000000, 94.814000
1107.000000, 94.974000
1107.000000, 95.212000
1108.000000, 95.369000
1108.000000, 95.220000
1108.000000, 95.601000
1108.000000, 95.929000
1108.000000, 95.680000
1109.000000, 95.944000
1109.000000, 95.841000
1109.000000, 95.996000
1109.000000, 95.967000
1109.000000, 95.891000
1110.000000, 95.947000
1110.000000, 95.517000
1110.000000, 95.873000
1110.000000, 95.993000
1110.000000, 95.833000
1111.000000, 95.593000
1111.000000, 95.230000
1111.000000, 95.523000
1111.000000, 95.029000
1111.000000, 95.157000
1112.000000, 94.707000
1112.000000, 94.737000
1112.000000, 94.277000
1112.000000, 93.918000
1112.000000, 93.763000
1113.000000, 93.672000
1113.000000, 93.269000
1113.000000, 93.123000
1113.000000, 92.331000
1113.000000, 92.378000
1114.000000, 91.581000
1114.000000, 91.527000
1114.000000, 90.929000
1114.000000, 90.586000
1114.000000, 89.787000
1115.000000, 89.530000
1115.000000, 88.909000
1115.000000, 88.613000
1115.000000, 88.171000
1115.000000, 87.716000
1116.000000, 87.020000
1116.000000, 86.494000
1116.000000, 85.998000
1116.000000, 85.555000
1116.000000, 85.120000
1117.000000, 84.612000
1117.000000, 84.170000
1117.000000, 83.638000
1117.000000, 83.061000
1117.000000, 82.301000
1118.000000, 81.762000
1118.000000, 80.970000
1118.000000, 80.578000
1118.000000, 80.067000
1118.000000, 79.658000
1119.000000, 78.867000
1119.000000, 78.485000
1119.000000, 78.035000
1119.000000, 77.555000
1119.000000, 77.404000
1120.000000, 76.427000
1120.000000, 76.132000
1120.000000, 75.493000
1120.000000, 75.221000
1120.000000, 74.675000
1121.000000, 74.132000
1121.000000, 73.594000
1121.000000, 73.059000
1121.000000, 72.531000
1121.000000, 72.131000
1122.000000, 71.732000
1122.000000, 71.336000
1122.000000, 70.942000
1122.000000, 70.550000
1122.000000, 70.150000
1123.000000, 69.752000
1123.000000, 69.357000
1123.000000, 68.964000
1123.000000, 68.578000
1123.000000, 68.292000
1124.000000, 68.007000
1124.000000, 67.723000
1124.000000, 67.441000
1124.000000, 67.160000
1124.000000, 66.929000
1125.000000, 66.698000
1125.000000, 66.468000
1125.000000, 66.239000
1125.000000, 66.009000
1125.000000, 65.724000
1126.000000, 65.440000
1126.000000, 65.158000
1126.000000, 64.876000
1126.000000, 64.604000
1126.000000, 64.492000
1127.000000, 64.381000
1127.000000, 64.269000
1127.000000, 64.158000
1127.000000, 64.047000
1127.000000, 63.935000
1128.000000, 63.823000
1128.000000, 63.711000
1128.000000, 63.599000
1128.000000, 63.490000
1128.000000, 63.473000
1129.000000, 63.456000
1129.000000, 63.438000
1129.000000, 63.421000
1129.000000, 63.407000
1129.000000, 63.447000
1130.000000, 63.487000
1130.000000, 63.527000
1130.000000, 63.567000
1130.000000, 63.607000
1130.000000, 63.656000
1131.000000, 63.706000
1131.000000, 63.756000
1131.000000, 63.806000
1131.000000, 63.860000
1131.000000, 64.036000
1132.000000, 64.213000
1132.000000, 64.390000
1132.000000, 64.568000
1132.000000, 64.747000
1132.000000, 64.931000
1133.000000, 65.116000
1133.000000, 65.301000
1133.000000, 65.487000
1133.000000, 65.673000
1133.000000, 65.843000
1134.000000, 66.013000
1134.000000, 66.184000
1134.000000, 66.355000
1134.000000, 66.528000
1134.000000, 66.725000
1135.000000, 66.922000
1135.000000, 67.120000
1135.000000, 67.318000
1135.000000, 67.519000
1135.000000, 67.862000
1136.000000, 68.207000
1136.000000, 68.553000
1136.000000, 68.902000
1136.000000, 69.248000
1136.000000, 69.473000
1137.000000, 69.699000
1137.000000, 69.925000
1137.000000, 70.153000
1137.000000, 70.385000
1137.000000, 70.717000
1138.000000, 71.050000
1138.000000, 71.385000
1138.000000, 71.721000
1138.000000, 72.057000
1138.000000, 72.281000
1139.000000, 72.506000
1139.000000, 72.732000
1139.000000, 72.958000
1139.000000, 73.188000
1139.000000, 73.517000
1140.000000, 73.847000
1140.000000, 74.179000
1140.000000, 74.512000
1140.000000, 74.845000
1140.000000, 75.018000
1141.000000, 75.191000
1141.000000, 75.365000
1141.000000, 75.539000
1141.000000, 75.716000
1141.000000, 75.973000
1142.000000, 76.230000
1142.000000, 76.489000
1142.000000, 76.749000
1142.000000, 77.001000
1142.000000, 77.089000
1143.000000, 77.177000
1143.000000, 77.265000
1143.000000, 77.353000
1143.000000, 77.442000
1143.000000, 77.583000
1144.000000, 77.724000
1144.000000, 77.866000
1144.000000, 78.008000
1144.000000, 78.144000
1144.000000, 78.133000
1145.000000, 78.123000
1145.000000, 78.112000
1145.000000, 78.102000
1145.000000, 78.091000
1145.000000, 78.096000
1146.000000, 78.100000
1146.000000, 78.104000
1146.000000, 78.109000
1146.000000, 78.108000
1146.000000, 77.966000
1147.000000, 77.823000
1147.000000, 77.681000
1147.000000, 77.538000
1147.000000, 77.397000
1147.000000, 77.302000
1148.000000, 77.206000
1148.000000, 77.111000
1148.000000, 77.017000
1148.000000, 76.919000
1148.000000, 76.728000
1149.000000, 76.538000
1149.000000, 76.347000
1149.000000, 76.158000
1149.000000, 75.967000
1149.000000, 75.754000
1150.000000, 75.542000
1150.000000, 75.330000
1150.000000, 75.118000
1150.000000, 74.908000
1150.000000, 74.732000
1151.000000, 74.556000
1151.000000, 74.380000
1151.000000, 74.205000
1151.000000, 74.026000
1151.000000, 73.769000
1152.000000, 73.513000
1152.000000, 73.257000
1152.000000, 73.003000
1152.000000, 72.750000
1152.000000, 72.586000
1153.000000, 72.423000
1153.000000, 72.260000
1153.000000, 72.097000
1153.000000, 71.933000
1153.000000, 71.711000
1154.000000, 71.489000
1154.000000, 71.268000
1154.000000, 71.048000
1154.000000, 70.829000
1154.000000, 70.650000
1155.000000, 70.472000
1155.000000, 70.294000
1155.000000, 70.116000
1155.000000, 69.941000
1155.000000, 69.852000
1156.000000, 69.763000
1156.000000, 69.674000
1156.000000, 69.585000
1156.000000, 69.493000
1156.000000, 69.341000
1157.000000, 69.188000
1157.000000, 69.036000
1157.000000, 68.885000
1157.000000, 68.736000
1157.000000, 68.691000
1158.000000, 68.647000
1158.000000, 68.602000
1158.000000, 68.558000
1158.000000, 68.516000
1158.000000, 68.522000
1159.000000, 68.529000
1159.000000, 68.536000
1159.000000, 68.543000
1159.000000, 68.548000
1159.000000, 68.509000
1160.000000, 68.470000
1160.000000, 68.431000
1160.000000, 68.393000
1160.000000, 68.357000
1160.000000, 68.428000
1161.000000, 68.498000
1161.000000, 68.569000
1161.000000, 68.639000
1161.000000, 68.711000
1161.000000, 68.870000
1162.000000, 69.031000
1162.000000, 69.191000
1162.000000, 69.352000
1162.000000, 69.512000
1162.000000, 69.612000
1163.000000, 69.712000
1163.000000, 69.813000
1163.000000, 69.913000
1163.000000, 70.018000
1163.000000, 70.205000
1164.000000, 70.392000
1164.000000, 70.580000
1164.000000, 70.768000
1164.000000, 70.959000
1164.000000, 71.241000
1165.000000, 71.524000
1165.000000, 71.808000
1165.000000, 72.093000
1165.000000, 72.379000
1165.000000, 72.637000
1166.000000, 72.897000
1166.000000, 73.157000
1166.000000, 73.418000
1166.000000, 73.680000
1166.000000, 73.943000
1167.000000, 74.206000
1167.000000, 74.471000
1167.000000, 74.736000
1167.000000, 75.006000
1167.000000, 75.377000
1168.000000, 75.750000
1168.000000, 76.125000
1168.000000, 76.502000
1168.000000, 76.882000
1168.000000, 77.302000
1169.000000, 77.724000
1169.000000, 78.149000
1169.000000, 78.576000
1169.000000, 79.003000
1169.000000, 79.350000
1170.000000, 79.699000
1170.000000, 80.049000
1170.000000, 80.401000
1170.000000, 80.755000
1170.000000, 81.127000
1171.000000, 81.501000
1171.000000, 81.876000
1171.000000, 82.253000
1171.000000, 82.635000
1171.000000, 83.074000
1172.000000, 83.516000
1172.000000, 83.960000
1172.000000, 84.407000
1172.000000, 84.856000
1172.000000, 85.281000
1173.000000, 85.710000
1173.000000, 86.140000
1173.000000, 86.572000
1173.000000, 87.004000
1173.000000, 87.341000
1174.000000, 87.680000
1174.000000, 88.021000
1174.000000, 88.362000
1174.000000, 88.704000
1174.000000, 89.029000
1175.000000, 89.356000
1175.000000, 89.683000
1175.000000, 90.012000
1175.000000, 90.342000
1175.000000, 90.651000
1176.000000, 90.961000
1176.000000, 91.273000
1176.000000, 91.585000
1176.000000, 91.898000
1176.000000, 92.194000
1177.000000, 92.490000
1177.000000, 92.788000
1177.000000, 93.087000
1177.000000, 93.382000
1177.000000, 93.578000
1178.000000, 93.774000
1178.000000, 93.971000
1178.000000, 94.168000
1178.000000, 94.364000
1178.000000, 94.500000
1179.000000, 94.636000
1179.000000, 94.772000
1179.000000, 94.908000
1179.000000, 95.042000
1179.000000, 95.124000
1180.000000, 95.205000
1180.000000, 95.286000
1180.000000, 95.367000
1180.000000, 95.447000
1180.000000, 95.475000
1181.000000, 95.503000
1181.000000, 95.532000
1181.000000, 95.560000
1181.000000, 95.588000
1181.000000, 95.573000
1182.000000, 95.558000
1182.000000, 95.543000
1182.000000, 95.529000
1182.000000, 95.513000
1182.000000, 95.440000
1183.000000, 95.367000
1183.000000, 95.294000
1183.000000, 95.221000
1183.000000, 95.148000
1183.000000, 95.031000
1184.000000, 94.915000
1184.000000, 94.799000
1184.000000, 94.683000
1184.000000, 94.567000
1184.000000, 94.414000
1185.000000, 94.263000
1185.000000, 94.111000
1185.000000, 93.960000
1185.000000, 93.808000
1185.000000, 93.640000
1186.000000, 93.472000
1186.000000, 93.305000
1186.000000, 93.138000
1186.000000, 92.970000
1186.000000, 92.792000
1187.000000, 92.613000
1187.000000, 92.435000
1187.000000, 92.258000
1187.000000, 92.081000
1187.000000, 91.916000
1188.000000, 91.752000
1188.000000, 91.587000
1188.000000, 91.424000
1188.000000, 91.260000
1188.000000, 91.117000
1189.000000, 90.974000
1189.000000, 90.831000
1189.000000, 90.688000
1189.000000, 90.545000
1189.000000, 90.382000
1190.000000, 90.219000
1190.000000, 90.056000
1190.000000, 89.894000
1190.000000, 89.732000
1190.000000, 89.571000
1191.000000, 89.410000
1191.000000, 89.249000
1191.000000, 89.088000
1191.000000, 88.928000
1191.000000, 88.775000
1192.000000, 88.621000
1192.000000, 88.468000
1192.000000, 88.315000
1192.000000, 88.164000
1192.000000, 88.060000
1193.000000, 87.955000
1193.000000, 87.851000
1193.000000, 87.747000
1193.000000, 87.643000
1193.000000, 87.530000
1194.000000, 87.418000
1194.000000, 87.306000
1194.000000, 87.194000
1194.000000, 87.082000
1194.000000, 86.962000
1195.000000, 86.841000
1195.000000, 86.721000
1195.000000, 86.601000
1195.000000, 86.483000
1195.000000, 86.420000
1196.000000, 86.357000
1196.000000, 86.294000
1196.000000, 86.231000
1196.000000, 86.168000
1196.000000, 86.123000
1197.000000, 86.078000
1197.000000, 86.033000
1197.000000, 85.988000
1197.000000, 85.944000
1197.000000, 85.908000
1198.000000, 85.872000
1198.000000, 85.836000
1198.000000, 85.800000
1198.000000, 85.766000
1198.000000, 85.763000
1199.000000, 85.761000
1199.000000, 85.758000
1199.000000, 85.756000
1199.000000, 85.753000
