# Wavelength  (nm), Transmission (%)
200.000000, 1.870750
201.000000, 1.471057
202.000000, 1.282327
203.000000, 1.063897
204.000000, 1.001605
205.000000, 0.847692
206.000000, 0.683777
207.000000, 0.557893
208.000000, 0.480044
209.000000, 0.395800
210.000000, 0.324513
211.000000, 0.290967
212.000000, 0.248471
213.000000, 0.232198
214.000000, 0.193301
215.000000, 0.168268
216.000000, 0.150595
217.000000, 0.120216
218.000000, 0.104733
219.000000, 0.095485
220.000000, 0.083386
221.000000, 0.075266
222.000000, 0.057801
223.000000, 0.053433
224.000000, 0.047529
225.000000, 0.051524
226.000000, 0.041142
227.000000, 0.035023
228.000000, 0.034654
229.000000, 0.026450
230.000000, 0.028890
231.000000, 0.031000
232.000000, 0.022047
233.000000, 0.018798
234.000000, 0.012657
235.000000, 0.016455
236.000000, 0.010425
237.000000, 0.010095
238.000000, 0.010994
239.000000, 0.008534
240.000000, 0.008762
241.000000, 0.009438
242.000000, 0.002944
243.000000, 0.006754
244.000000, 0.005409
245.000000, 0.005633
246.000000, 0.002608
247.000000, 0.004624
248.000000, 0.006192
249.000000, 0.008429
250.000000, 0.003502
251.000000, 0.003725
252.000000, 0.000817
253.000000, 0.001712
254.000000, 0.002158
255.000000, 0.005173
256.000000, 0.003385
257.000000, 0.002158
258.000000, 0.001266
259.000000, 0.001711
260.000000, 0.000486
261.000000, 0.004497
262.000000, 0.002380
263.000000, 0.005277
264.000000, 0.002715
265.000000, 0.001043
266.000000, 0.001377
267.000000, 0.004834
268.000000, 0.003719
269.000000, 0.004613
270.000000, 0.005171
271.000000, 0.002270
272.000000, 0.003498
273.000000, 0.007854
274.000000, 0.007853
275.000000, 0.003274
276.000000, 0.006065
277.000000, 0.000038
278.000000, 0.001377
279.000000, 0.005842
280.000000, 0.002939
281.000000, 0.003385
282.000000, 0.003273
283.000000, 0.000485
284.000000, 0.002715
285.000000, 0.007846
286.000000, 0.010187
287.000000, 0.010854
288.000000, 0.009517
289.000000, 0.012638
290.000000, 0.013079
291.000000, 0.016875
292.000000, 0.015867
293.000000, 0.016310
294.000000, 0.016085
295.000000, 0.015970
296.000000, 0.015532
297.000000, 0.019764
298.000000, 0.019098
299.000000, 0.018981
300.000000, 0.013744
301.000000, 0.010847
302.000000, 0.007060
303.000000, 0.010403
304.000000, 0.013967
305.000000, 0.012740
306.000000, 0.012517
307.000000, 0.011069
308.000000, 0.008507
309.000000, 0.009735
310.000000, 0.010403
311.000000, 0.009732
312.000000, 0.012517
313.000000, 0.010844
314.000000, 0.011735
315.000000, 0.015973
316.000000, 0.013294
317.000000, 0.010956
318.000000, 0.008958
319.000000, 0.003962
320.000000, 0.004861
321.000000, 0.010483
322.000000, 0.013400
323.000000, 0.011148
324.000000, 0.013503
325.000000, 0.011256
326.000000, 0.013949
327.000000, 0.018328
328.000000, 0.016633
329.000000, 0.016738
330.000000, 0.012363
331.000000, 0.011239
332.000000, 0.012919
333.000000, 0.015608
334.000000, 0.012687
335.000000, 0.009214
336.000000, 0.007532
337.000000, 0.005070
338.000000, 0.003167
339.000000, 0.008536
340.000000, 0.008645
341.000000, 0.008976
342.000000, 0.008862
343.000000, 0.008969
344.000000, 0.012318
345.000000, 0.019351
346.000000, 0.019009
347.000000, 0.017995
348.000000, 0.018102
349.000000, 0.015756
350.000000, 0.015974
351.000000, 0.017753
352.000000, 0.014630
353.000000, 0.010616
354.000000, 0.009945
355.000000, 0.007496
356.000000, 0.007605
357.000000, 0.010497
358.000000, 0.010603
359.000000, 0.008598
360.000000, 0.009375
361.000000, 0.007374
362.000000, 0.011259
363.000000, 0.018359
364.000000, 0.018794
365.000000, 0.018013
366.000000, 0.018006
367.000000, 0.016557
368.000000, 0.016664
369.000000, 0.020428
370.000000, 0.019752
371.000000, 0.017972
372.000000, 0.017634
373.000000, 0.017073
374.000000, 0.016185
375.000000, 0.020922
376.000000, 0.019028
377.000000, 0.016818
378.000000, 0.020367
379.000000, 0.023421
380.000000, 0.019776
381.000000, 0.018442
382.000000, 0.019872
383.000000, 0.024049
384.000000, 0.042089
385.000000, 0.055176
386.000000, 0.045243
387.000000, 0.034889
388.000000, 0.071679
389.000000, 0.255725
390.000000, 0.500563
391.000000, 0.480605
392.000000, 0.249411
393.000000, 0.216696
394.000000, 0.347862
395.000000, 0.320896
396.000000, 0.164383
397.000000, 0.131390
398.000000, 0.308956
399.000000, 0.473332
400.000000, 0.425656
401.000000, 0.263851
402.000000, 0.192454
403.000000, 0.172978
404.000000, 0.136162
405.000000, 0.111209
406.000000, 0.133205
407.000000, 0.198199
408.000000, 0.208601
409.000000, 0.125592
410.000000, 0.054677
411.000000, 0.034062
412.000000, 0.030899
413.000000, 0.027295
414.000000, 0.025000
415.000000, 0.024020
416.000000, 0.019874
417.000000, 0.016388
418.000000, 0.018014
419.000000, 0.016376
420.000000, 0.019197
421.000000, 0.020281
422.000000, 0.017882
423.000000, 0.016575
424.000000, 0.019932
425.000000, 0.021008
426.000000, 0.024148
427.000000, 0.022844
428.000000, 0.017743
429.000000, 0.019901
430.000000, 0.021628
431.000000, 0.017942
432.000000, 0.020426
433.000000, 0.020531
434.000000, 0.017818
435.000000, 0.016840
436.000000, 0.018457
437.000000, 0.017802
438.000000, 0.017906
439.000000, 0.014989
440.000000, 0.014551
441.000000, 0.016596
442.000000, 0.017023
443.000000, 0.015724
444.000000, 0.018094
445.000000, 0.018417
446.000000, 0.015500
447.000000, 0.017651
448.000000, 0.018510
449.000000, 0.015706
450.000000, 0.017532
451.000000, 0.016345
452.000000, 0.015586
453.000000, 0.018595
454.000000, 0.018162
455.000000, 0.017514
456.000000, 0.018910
457.000000, 0.017941
458.000000, 0.015999
459.000000, 0.016532
460.000000, 0.017388
461.000000, 0.017170
462.000000, 0.018460
463.000000, 0.016739
464.000000, 0.014370
465.000000, 0.016726
466.000000, 0.019081
467.000000, 0.018221
468.000000, 0.018541
469.000000, 0.017142
470.000000, 0.015312
471.000000, 0.017664
472.000000, 0.018197
473.000000, 0.016800
474.000000, 0.018082
475.000000, 0.016581
476.000000, 0.014862
477.000000, 0.017743
478.000000, 0.018593
479.000000, 0.017306
480.000000, 0.019977
481.000000, 0.019867
482.000000, 0.019003
483.000000, 0.021138
484.000000, 0.028398
485.000000, 0.063081
486.000000, 0.303617
487.000000, 2.973436
488.000000, 15.796872
489.000000, 43.883498
490.000000, 74.646849
491.000000, 91.530672
492.000000, 95.800114
493.000000, 96.348409
494.000000, 96.584912
495.000000, 96.729153
496.000000, 96.757121
497.000000, 96.812894
498.000000, 96.907838
499.000000, 96.927015
500.000000, 96.906910
501.000000, 96.983081
502.000000, 97.089619
503.000000, 97.207637
504.000000, 97.316893
505.000000, 97.328679
506.000000, 97.286034
507.000000, 97.311470
508.000000, 97.317038
509.000000, 97.320790
510.000000, 97.406571
511.000000, 97.460586
512.000000, 97.479628
513.000000, 97.586705
514.000000, 97.677817
515.000000, 97.612075
516.000000, 97.493403
517.000000, 97.472285
518.000000, 97.518758
519.000000, 97.543962
520.000000, 97.477653
521.000000, 97.454454
522.000000, 97.550376
523.000000, 97.651925
524.000000, 97.699473
525.000000, 97.717956
526.000000, 97.553638
527.000000, 97.359604
528.000000, 97.457796
529.000000, 97.636760
530.000000, 97.395696
531.000000, 96.841659
532.000000, 96.656062
533.000000, 97.061273
534.000000, 97.430720
535.000000, 97.281310
536.000000, 96.871396
537.000000, 96.844207
538.000000, 97.115129
539.000000, 97.208327
540.000000, 97.269227
541.000000, 97.445529
542.000000, 97.556172
543.000000, 97.535993
544.000000, 97.389014
545.000000, 97.393842
546.000000, 97.462340
547.000000, 97.402953
548.000000, 97.451714
549.000000, 97.651201
550.000000, 97.551637
551.000000, 97.182041
552.000000, 97.214920
553.000000, 97.610410
554.000000, 97.747488
555.000000, 97.792711
556.000000, 97.976428
557.000000, 97.910302
558.000000, 97.473477
559.000000, 97.321543
560.000000, 97.501245
561.000000, 97.483982
562.000000, 97.562210
563.000000, 97.870624
564.000000, 97.882614
565.000000, 97.711927
566.000000, 97.801390
567.000000, 97.891239
568.000000, 97.706690
569.000000, 97.536892
570.000000, 97.672235
571.000000, 97.729991
572.000000, 97.617060
573.000000, 97.587236
574.000000, 97.503717
575.000000, 97.506202
576.000000, 97.678794
577.000000, 97.739496
578.000000, 97.680016
579.000000, 97.604067
580.000000, 97.532050
581.000000, 97.532509
582.000000, 97.473101
583.000000, 97.495744
584.000000, 97.588286
585.000000, 97.475716
586.000000, 97.440795
587.000000, 97.569890
588.000000, 97.493581
589.000000, 97.420641
590.000000, 97.544035
591.000000, 97.643618
592.000000, 97.735925
593.000000, 97.776947
594.000000, 97.655319
595.000000, 97.533112
596.000000, 97.513987
597.000000, 97.626764
598.000000, 97.910579
599.000000, 98.012667
600.000000, 97.937549
601.000000, 97.969375
602.000000, 97.849238
603.000000, 97.679618
604.000000, 97.881027
605.000000, 98.032011
606.000000, 98.030216
607.000000, 98.092662
608.000000, 98.245141
609.000000, 98.153684
610.000000, 98.229977
611.000000, 98.397140
612.000000, 98.496311
613.000000, 98.504958
614.000000, 98.479094
615.000000, 98.322569
616.000000, 98.336004
617.000000, 98.461143
618.000000, 98.485657
619.000000, 98.436965
620.000000, 98.469906
621.000000, 98.239878
622.000000, 98.072945
623.000000, 98.235800
624.000000, 98.515498
625.000000, 98.496954
626.000000, 98.518983
627.000000, 98.446969
628.000000, 98.260063
629.000000, 98.188694
630.000000, 98.411069
631.000000, 98.419821
632.000000, 98.394322
633.000000, 98.418838
634.000000, 98.283922
635.000000, 98.042710
636.000000, 98.184413
637.000000, 98.301932
638.000000, 98.235220
639.000000, 98.185546
640.000000, 98.316564
641.000000, 98.186427
642.000000, 98.110319
643.000000, 98.213385
644.000000, 98.253804
645.000000, 98.156923
646.000000, 98.191028
647.000000, 98.285847
648.000000, 98.222612
649.000000, 98.086300
650.000000, 98.150683
651.000000, 98.124353
652.000000, 98.068229
653.000000, 98.101672
654.000000, 98.335929
655.000000, 98.314166
656.000000, 98.260623
657.000000, 98.270229
658.000000, 98.271714
659.000000, 98.130132
660.000000, 98.101928
661.000000, 98.400141
662.000000, 98.459980
663.000000, 98.285408
664.000000, 98.373793
665.000000, 98.545518
666.000000, 98.456787
667.000000, 98.420739
668.000000, 98.540038
669.000000, 98.608208
670.000000, 98.431194
671.000000, 98.267011
672.000000, 98.483781
673.000000, 98.795920
674.000000, 98.825143
675.000000, 98.791582
676.000000, 98.935554
677.000000, 98.962958
678.000000, 98.818366
679.000000, 98.840666
680.000000, 98.996787
681.000000, 99.019851
682.000000, 99.005029
683.000000, 99.018584
684.000000, 98.993144
685.000000, 98.834881
686.000000, 98.719239
687.000000, 98.823347
688.000000, 99.010601
689.000000, 99.069152
690.000000, 98.918527
691.000000, 98.870144
692.000000, 98.924739
693.000000, 98.892457
694.000000, 98.839963
695.000000, 98.955780
696.000000, 98.903732
697.000000, 98.592656
698.000000, 98.394954
699.000000, 98.392911
700.000000, 98.542018
701.000000, 98.598181
702.000000, 98.562623
703.000000, 98.667207
704.000000, 98.763748
705.000000, 98.543536
706.000000, 98.243970
707.000000, 98.294793
708.000000, 98.594317
709.000000, 98.760729
710.000000, 98.711206
711.000000, 98.679579
712.000000, 98.692571
713.000000, 98.649261
714.000000, 98.408715
715.000000, 98.212861
716.000000, 98.291763
717.000000, 98.485492
718.000000, 98.614798
719.000000, 98.596924
720.000000, 98.512429
721.000000, 98.287019
722.000000, 97.993701
723.000000, 97.822936
724.000000, 97.895838
725.000000, 98.272677
726.000000, 98.487406
727.000000, 98.426856
728.000000, 98.436943
729.000000, 98.515891
730.000000, 98.499991
731.000000, 98.307386
732.000000, 97.990744
733.000000, 97.932980
734.000000, 98.151111
735.000000, 98.398576
736.000000, 98.561950
737.000000, 98.681056
738.000000, 98.688993
739.000000, 98.538648
740.000000, 98.312957
741.000000, 98.083520
742.000000, 98.125300
743.000000, 98.342841
744.000000, 98.651933
745.000000, 98.767029
746.000000, 98.837838
747.000000, 98.740415
748.000000, 98.507424
749.000000, 98.238698
750.000000, 98.055932
751.000000, 98.027350
752.000000, 98.266402
753.000000, 98.401250
754.000000, 98.480283
755.000000, 98.612585
756.000000, 98.706426
757.000000, 98.727925
758.000000, 98.657998
759.000000, 98.479691
760.000000, 98.459373
761.000000, 98.555861
762.000000, 98.619209
763.000000, 98.534977
764.000000, 98.490111
765.000000, 98.493352
766.000000, 98.641945
767.000000, 98.872802
768.000000, 98.986838
769.000000, 99.044142
770.000000, 99.149237
771.000000, 99.131033
772.000000, 99.050198
773.000000, 98.996297
774.000000, 98.971631
775.000000, 99.052425
776.000000, 99.112673
777.000000, 98.990386
778.000000, 98.898349
779.000000, 98.926303
780.000000, 99.063365
781.000000, 99.105865
782.000000, 99.013777
783.000000, 98.844344
784.000000, 98.833886
785.000000, 98.983094
786.000000, 99.005396
787.000000, 98.842166
788.000000, 98.587903
789.000000, 98.558033
790.000000, 98.713901
791.000000, 98.862338
792.000000, 98.788678
793.000000, 98.489380
794.000000, 98.260377
795.000000, 98.344770
796.000000, 98.610172
797.000000, 98.833388
798.000000, 98.880772
799.000000, 98.851994
800.000000, 98.842419
801.000000, 98.816220
802.000000, 98.637035
803.000000, 98.334503
804.000000, 98.068686
805.000000, 98.076638
806.000000, 98.262982
807.000000, 98.413420
808.000000, 98.271777
809.000000, 98.069794
810.000000, 98.008810
811.000000, 98.164247
812.000000, 98.445775
813.000000, 98.578144
814.000000, 98.613892
815.000000, 98.606072
816.000000, 98.588603
817.000000, 98.569323
818.000000, 98.397436
819.000000, 98.103845
820.000000, 97.915956
821.000000, 97.991198
822.000000, 98.262071
823.000000, 98.492522
824.000000, 98.509919
825.000000, 98.399765
826.000000, 98.310445
827.000000, 98.298825
828.000000, 98.314407
829.000000, 98.255810
830.000000, 98.223782
831.000000, 98.290274
832.000000, 98.317574
833.000000, 98.282179
834.000000, 98.075155
835.000000, 97.824152
836.000000, 97.761145
837.000000, 98.001599
838.000000, 98.359923
839.000000, 98.550927
840.000000, 98.508144
841.000000, 98.382351
842.000000, 98.319861
843.000000, 98.383627
844.000000, 98.464583
845.000000, 98.399707
846.000000, 98.184074
847.000000, 98.217239
848.000000, 98.477262
849.000000, 98.551917
850.000000, 98.452115
851.000000, 98.197931
852.000000, 97.882333
853.000000, 97.885466
854.000000, 98.126169
855.000000, 98.410736
856.000000, 98.692102
857.000000, 98.835505
858.000000, 98.764865
859.000000, 98.728765
860.000000, 98.663048
861.000000, 98.532791
862.000000, 98.493567
863.000000, 98.495838
864.000000, 98.508386
865.000000, 98.468458
866.000000, 98.408638
867.000000, 98.355288
868.000000, 98.286071
869.000000, 98.217827
870.000000, 98.150859
871.000000, 98.057896
872.000000, 97.990408
873.000000, 97.966802
874.000000, 97.990316
875.000000, 98.036991
876.000000, 98.108580
877.000000, 98.169065
878.000000, 98.208840
879.000000, 98.230954
880.000000, 98.207067
881.000000, 98.164842
882.000000, 98.069364
883.000000, 97.923759
884.000000, 97.758174
885.000000, 97.534118
886.000000, 97.325937
887.000000, 97.102678
888.000000, 96.831281
889.000000, 96.597930
890.000000, 96.232718
891.000000, 94.843665
892.000000, 91.171742
893.000000, 84.480367
894.000000, 74.256554
895.000000, 60.250482
896.000000, 43.693484
897.000000, 27.552208
898.000000, 14.563174
899.000000, 5.937417
900.000000, 1.545501
901.000000, 0.194152
902.000000, 0.040193
903.000000, 0.028851
904.000000, 0.043230
905.000000, 0.041388
906.000000, 0.000864
907.000000, 0.000355
908.000000, 0.000445
909.000000, 0.000575
910.000000, 0.000477
911.000000, 0.000432
912.000000, 0.000516
913.000000, 0.000558
914.000000, 0.000408
915.000000, 0.000373
916.000000, 0.000523
917.000000, 0.000464
918.000000, 0.000391
919.000000, 0.000336
920.000000, 0.000305
921.000000, 0.000361
922.000000, 0.000614
923.000000, 0.000673
924.000000, 0.000433
925.000000, 0.000353
926.000000, 0.000372
927.000000, 0.000554
928.000000, 0.000609
929.000000, 0.000487
930.000000, 0.000465
931.000000, 0.000636
932.000000, 0.000563
933.000000, 0.000366
934.000000, 0.000380
935.000000, 0.000495
936.000000, 0.000343
937.000000, 0.000296
938.000000, 0.000350
939.000000, 0.000480
940.000000, 0.000532
941.000000, 0.000329
942.000000, 0.000391
943.000000, 0.000636
944.000000, 0.000698
945.000000, 0.000453
946.000000, 0.000503
947.000000, 0.000567
948.000000, 0.000351
949.000000, 0.000247
950.000000, 0.000394
951.000000, 0.000560
952.000000, 0.000472
953.000000, 0.000405
954.000000, 0.000383
955.000000, 0.000576
956.000000, 0.000619
957.000000, 0.000379
958.000000, 0.000280
959.000000, 0.000411
960.000000, 0.000692
961.000000, 0.000445
962.000000, 0.000432
963.000000, 0.000719
964.000000, 0.000688
965.000000, 0.000436
966.000000, 0.000353
967.000000, 0.000447
968.000000, 0.000460
969.000000, 0.000668
970.000000, 0.000476
971.000000, 0.000368
972.000000, 0.000331
973.000000, 0.000320
974.000000, 0.000409
975.000000, 0.000452
976.000000, 0.000618
977.000000, 0.000385
978.000000, 0.000315
979.000000, 0.000647
980.000000, 0.000640
981.000000, 0.000474
982.000000, 0.000403
983.000000, 0.000568
984.000000, 0.000352
985.000000, 0.000245
986.000000, 0.000367
987.000000, 0.000820
988.000000, 0.000817
989.000000, 0.000418
990.000000, 0.000343
991.000000, 0.000438
992.000000, 0.000663
993.000000, 0.000436
994.000000, 0.000349
995.000000, 0.000420
996.000000, 0.000479
997.000000, 0.000685
998.000000, 0.000436
999.000000, 0.000374
1000.000000, 0.000320
1001.000000, 0.000450
1002.000000, 0.000799
1003.000000, 0.000471
1004.000000, 0.000356
1005.000000, 0.000335
1006.000000, 0.000329
1007.000000, 0.000433
1008.000000, 0.000780
1009.000000, 0.000556
1010.000000, 0.000369
1011.000000, 0.000305
1012.000000, 0.000328
1013.000000, 0.000359
1014.000000, 0.000689
1015.000000, 0.000369
1016.000000, 0.000399
1017.000000, 0.000321
1018.000000, 0.000351
1019.000000, 0.000653
1020.000000, 0.000684
1021.000000, 0.000624
1022.000000, 0.000368
1023.000000, 0.000424
1024.000000, 0.000309
1025.000000, 0.000363
1026.000000, 0.000759
1027.000000, 0.000684
1028.000000, 0.000341
1029.000000, 0.000314
1030.000000, 0.000395
1031.000000, 0.000246
1032.000000, 0.000337
1033.000000, 0.000773
1034.000000, 0.000679
1035.000000, 0.000372
1036.000000, 0.000270
1037.000000, 0.000350
1038.000000, 0.000182
1039.000000, 0.000335
1040.000000, 0.000658
1041.000000, 0.000689
1042.000000, 0.000594
1043.000000, 0.000259
1044.000000, 0.000267
1045.000000, 0.000258
1046.000000, 0.000551
1047.000000, 0.000659
1048.000000, 0.000659
1049.000000, 0.000697
1050.000000, 0.000643
1051.000000, 0.000257
1052.000000, 0.000090
1053.000000, 0.000182
1054.000000, 0.000561
1055.000000, 0.000531
1056.000000, 0.000528
1057.000000, 0.000578
1058.000000, 0.000716
1059.000000, 0.000491
1060.000000, 0.000115
1061.000000, 0.000081
1062.000000, 0.000473
1063.000000, 0.000502
1064.000000, 0.000566
1065.000000, 0.000703
1066.000000, 0.000525
1067.000000, 0.000585
1068.000000, 0.000584
1069.000000, 0.000609
1070.000000, 0.000456
1071.000000, 0.000113
1072.000000, 0.000574
1073.000000, 0.000648
1074.000000, 0.000542
1075.000000, 0.000575
1076.000000, 0.000616
1077.000000, 0.000500
1078.000000, 0.000161
1079.000000, 0.000144
1080.000000, 0.000266
1081.000000, 0.000648
1082.000000, 0.000623
1083.000000, 0.000593
1084.000000, 0.000543
1085.000000, 0.000388
1086.000000, 0.000099
1087.000000, 0.000318
1088.000000, 0.000727
1089.000000, 0.000566
1090.000000, 0.000649
1091.000000, 0.000729
1092.000000, 0.000551
1093.000000, 0.000203
1094.000000, 0.000197
1095.000000, 0.000166
1096.000000, 0.000328
1097.000000, 0.000630
1098.000000, 0.000652
1099.000000, 0.000663
1100.000000, 0.000690
1101.000000, 0.000636
1102.000000, 0.000249
1103.000000, 0.000234
1104.000000, 0.000197
1105.000000, 0.000019
1106.000000, 0.000210
1107.000000, 0.000470
1108.000000, 0.000465
1109.000000, 0.000460
1110.000000, 0.000560
1111.000000, 0.000608
1112.000000, 0.000580
1113.000000, 0.000516
1114.000000, 0.000533
1115.000000, 0.000562
1116.000000, 0.000615
1117.000000, 0.000620
1118.000000, 0.000752
1119.000000, 0.000835
1120.000000, 0.000859
1121.000000, 0.000730
1122.000000, 0.000298
1123.000000, 0.000339
1124.000000, 0.000249
1125.000000, 0.000252
1126.000000, 0.000228
1127.000000, 0.000258
1128.000000, 0.000334
1129.000000, 0.000711
1130.000000, 0.000628
1131.000000, 0.000440
1132.000000, 0.000158
1133.000000, 0.000179
1134.000000, 0.000165
1135.000000, 0.000208
1136.000000, 0.000483
1137.000000, 0.000500
1138.000000, 0.000570
1139.000000, 0.000609
1140.000000, 0.000660
1141.000000, 0.000716
1142.000000, 0.000722
1143.000000, 0.000779
1144.000000, 0.000817
1145.000000, 0.000658
1146.000000, 0.000281
1147.000000, 0.000330
1148.000000, 0.000290
1149.000000, 0.000272
1150.000000, 0.000238
1151.000000, 0.000371
1152.000000, 0.000749
1153.000000, 0.000814
1154.000000, 0.000847
1155.000000, 0.000746
1156.000000, 0.000418
1157.000000, 0.000352
1158.000000, 0.000300
1159.000000, 0.000288
1160.000000, 0.000291
1161.000000, 0.000219
1162.000000, 0.000221
1163.000000, 0.000220
1164.000000, 0.000197
1165.000000, 0.000271
1166.000000, 0.000556
1167.000000, 0.000582
1168.000000, 0.000619
1169.000000, 0.000688
1170.000000, 0.000766
1171.000000, 0.000832
1172.000000, 0.000826
1173.000000, 0.000799
1174.000000, 0.000669
1175.000000, 0.000452
1176.000000, 0.000463
1177.000000, 0.000475
1178.000000, 0.000478
1179.000000, 0.000482
1180.000000, 0.000423
1181.000000, 0.000399
1182.000000, 0.000419
1183.000000, 0.000388
1184.000000, 0.000418
1185.000000, 0.000445
1186.000000, 0.000497
1187.000000, 0.000495
1188.000000, 0.000407
1189.000000, 0.000536
1190.000000, 0.000753
1191.000000, 0.000795
1192.000000, 0.000655
1193.000000, 0.000319
1194.000000, 0.000263
1195.000000, 0.000274
1196.000000, 0.000442
1197.000000, 0.000673
1198.000000, 0.000548
1199.000000, 0.000366
1200.000000, 0.000356
1201.000000, 0.000511
1202.000000, 0.000708
1203.000000, 0.000474
1204.000000, 0.000250
1205.000000, 0.000311
1206.000000, 0.000593
1207.000000, 0.000858
1208.000000, 0.000639
1209.000000, 0.000403
1210.000000, 0.000370
1211.000000, 0.000337
1212.000000, 0.000306
1213.000000, 0.000318
1214.000000, 0.000382
1215.000000, 0.000389
1216.000000, 0.000406
1217.000000, 0.000574
1218.000000, 0.000535
1219.000000, 0.000361
1220.000000, 0.000394
1221.000000, 0.000461
1222.000000, 0.000678
1223.000000, 0.000813
1224.000000, 0.000581
1225.000000, 0.000411
1226.000000, 0.000459
1227.000000, 0.000444
1228.000000, 0.000469
1229.000000, 0.000466
1230.000000, 0.000402
1231.000000, 0.000398
1232.000000, 0.000352
1233.000000, 0.000330
1234.000000, 0.000341
1235.000000, 0.000355
1236.000000, 0.000399
1237.000000, 0.000478
1238.000000, 0.000692
1239.000000, 0.000825
1240.000000, 0.000571
1241.000000, 0.000375
1242.000000, 0.000375
1243.000000, 0.000364
1244.000000, 0.000407
1245.000000, 0.000366
1246.000000, 0.000305
1247.000000, 0.000292
1248.000000, 0.000293
1249.000000, 0.000372
1250.000000, 0.000665
1251.000000, 0.000964
1252.000000, 0.000883
1253.000000, 0.000441
1254.000000, 0.000084
1255.000000, 0.000095
1256.000000, 0.000351
1257.000000, 0.000607
1258.000000, 0.000678
1259.000000, 0.000663
1260.000000, 0.000585
1261.000000, 0.000508
1262.000000, 0.000314
1263.000000, 0.000214
1264.000000, 0.000494
1265.000000, 0.000743
1266.000000, 0.000754
1267.000000, 0.000687
1268.000000, 0.000460
1269.000000, 0.000333
1270.000000, 0.000302
1271.000000, 0.000260
1272.000000, 0.000257
1273.000000, 0.000236
1274.000000, 0.000234
1275.000000, 0.000365
1276.000000, 0.000495
1277.000000, 0.000507
1278.000000, 0.000557
1279.000000, 0.000620
1280.000000, 0.000612
1281.000000, 0.000603
1282.000000, 0.000489
1283.000000, 0.000429
1284.000000, 0.000444
1285.000000, 0.000496
1286.000000, 0.000523
1287.000000, 0.000505
1288.000000, 0.000514
1289.000000, 0.000546
1290.000000, 0.000476
1291.000000, 0.000478
1292.000000, 0.000496
1293.000000, 0.000510
1294.000000, 0.000552
1295.000000, 0.000538
1296.000000, 0.000585
1297.000000, 0.000516
1298.000000, 0.000298
1299.000000, 0.000183
1300.000000, 0.000277
1301.000000, 0.000572
1302.000000, 0.000687
1303.000000, 0.000602
1304.000000, 0.000421
1305.000000, 0.000233
1306.000000, 0.000194
1307.000000, 0.000333
1308.000000, 0.000658
1309.000000, 0.000764
1310.000000, 0.000685
1311.000000, 0.000348
1312.000000, 0.000212
1313.000000, 0.000171
1314.000000, 0.000159
1315.000000, 0.000278
1316.000000, 0.000628
1317.000000, 0.000698
1318.000000, 0.000664
1319.000000, 0.000640
1320.000000, 0.000272
1321.000000, 0.000109
1322.000000, 0.000098
1323.000000, 0.000237
1324.000000, 0.000632
1325.000000, 0.000719
1326.000000, 0.000707
1327.000000, 0.000783
1328.000000, 0.000848
1329.000000, 0.000766
1330.000000, 0.000504
1331.000000, 0.000449
1332.000000, 0.000419
1333.000000, 0.000387
1334.000000, 0.000349
1335.000000, 0.000347
1336.000000, 0.000315
1337.000000, 0.000387
1338.000000, 0.000663
1339.000000, 0.000534
1340.000000, 0.000465
1341.000000, 0.000352
1342.000000, 0.000304
1343.000000, 0.000249
1344.000000, 0.000237
1345.000000, 0.000435
1346.000000, 0.000808
1347.000000, 0.000835
1348.000000, 0.000710
1349.000000, 0.000349
1350.000000, 0.000178
1351.000000, 0.000138
1352.000000, 0.000318
1353.000000, 0.000632
1354.000000, 0.000664
1355.000000, 0.000629
1356.000000, 0.000438
1357.000000, 0.000250
1358.000000, 0.000335
1359.000000, 0.000626
1360.000000, 0.000776
1361.000000, 0.000543
1362.000000, 0.000340
1363.000000, 0.000407
1364.000000, 0.000311
1365.000000, 0.000367
1366.000000, 0.000456
1367.000000, 0.000505
1368.000000, 0.000547
1369.000000, 0.000564
1370.000000, 0.000764
1371.000000, 0.000721
1372.000000, 0.000313
1373.000000, 0.000116
1374.000000, 0.000518
1375.000000, 0.000657
1376.000000, 0.000686
1377.000000, 0.000677
1378.000000, 0.000345
1379.000000, 0.000335
1380.000000, 0.000454
1381.000000, 0.000568
1382.000000, 0.000600
1383.000000, 0.000499
1384.000000, 0.000362
1385.000000, 0.000393
1386.000000, 0.000456
1387.000000, 0.000554
1388.000000, 0.000726
1389.000000, 0.000525
1390.000000, 0.000429
1391.000000, 0.000385
1392.000000, 0.000173
1393.000000, 0.000209
1394.000000, 0.000740
1395.000000, 0.000988
1396.000000, 0.000393
1397.000000, 0.000253
1398.000000, 0.000345
1399.000000, 0.000496
1400.000000, 0.000691
1401.000000, 0.000383
1402.000000, 0.000499
1403.000000, 0.000532
1404.000000, 0.000472
1405.000000, 0.000386
1406.000000, 0.000323
1407.000000, 0.000418
1408.000000, 0.000778
1409.000000, 0.000928
1410.000000, 0.000820
1411.000000, 0.000607
1412.000000, 0.000341
1413.000000, 0.000302
1414.000000, 0.000215
1415.000000, 0.000337
1416.000000, 0.000769
1417.000000, 0.000845
1418.000000, 0.000797
1419.000000, 0.000327
1420.000000, 0.000304
1421.000000, 0.000300
1422.000000, 0.000378
1423.000000, 0.000304
1424.000000, 0.000258
1425.000000, 0.000088
1426.000000, 0.000086
1427.000000, 0.000051
1428.000000, 0.000102
1429.000000, 0.000460
1430.000000, 0.000585
1431.000000, 0.000622
1432.000000, 0.000652
1433.000000, 0.000563
1434.000000, 0.000606
1435.000000, 0.000661
1436.000000, 0.000670
1437.000000, 0.000677
1438.000000, 0.000601
1439.000000, 0.000265
1440.000000, 0.000151
1441.000000, 0.000250
1442.000000, 0.000673
1443.000000, 0.000629
1444.000000, 0.000673
1445.000000, 0.000582
1446.000000, 0.000174
1447.000000, 0.000161
1448.000000, 0.000240
1449.000000, 0.000532
1450.000000, 0.000614
1451.000000, 0.000602
1452.000000, 0.000637
1453.000000, 0.000732
1454.000000, 0.000765
1455.000000, 0.000643
1456.000000, 0.000189
1457.000000, 0.000180
1458.000000, 0.000364
1459.000000, 0.000670
1460.000000, 0.000685
1461.000000, 0.000805
1462.000000, 0.000676
1463.000000, 0.000318
1464.000000, 0.000307
1465.000000, 0.000220
1466.000000, 0.000358
1467.000000, 0.000557
1468.000000, 0.000261
1469.000000, 0.000335
1470.000000, 0.000336
1471.000000, 0.000694
1472.000000, 0.000774
1473.000000, 0.000754
1474.000000, 0.000665
1475.000000, 0.000363
1476.000000, 0.000409
1477.000000, 0.000224
1478.000000, 0.000215
1479.000000, 0.000340
1480.000000, 0.000742
1481.000000, 0.000769
1482.000000, 0.000920
1483.000000, 0.000783
1484.000000, 0.000354
1485.000000, 0.000343
1486.000000, 0.000327
1487.000000, 0.000345
1488.000000, 0.000358
1489.000000, 0.000367
1490.000000, 0.000319
1491.000000, 0.000278
1492.000000, 0.000111
1493.000000, 0.000111
1494.000000, 0.000244
1495.000000, 0.000583
1496.000000, 0.000574
1497.000000, 0.000736
1498.000000, 0.000778
1499.000000, 0.000891
1500.000000, 0.000507
1501.000000, 0.000248
1502.000000, 0.000138
1503.000000, 0.000161
1504.000000, 0.000371
1505.000000, 0.000770
1506.000000, 0.000827
1507.000000, 0.000761
1508.000000, 0.000604
1509.000000, 0.000221
1510.000000, 0.000162
1511.000000, 0.000445
1512.000000, 0.000767
1513.000000, 0.000869
1514.000000, 0.000540
1515.000000, 0.000177
1516.000000, 0.000129
1517.000000, 0.000291
1518.000000, 0.000658
1519.000000, 0.000715
1520.000000, 0.000770
1521.000000, 0.000725
1522.000000, 0.000545
1523.000000, 0.000194
1524.000000, 0.000148
1525.000000, 0.000323
1526.000000, 0.000622
1527.000000, 0.000658
1528.000000, 0.000624
1529.000000, 0.000659
1530.000000, 0.000720
1531.000000, 0.000682
1532.000000, 0.000517
1533.000000, 0.000233
1534.000000, 0.000215
1535.000000, 0.000130
1536.000000, 0.000324
1537.000000, 0.000643
1538.000000, 0.000660
1539.000000, 0.000647
1540.000000, 0.000696
1541.000000, 0.000734
1542.000000, 0.000785
1543.000000, 0.000585
1544.000000, 0.000313
1545.000000, 0.000262
1546.000000, 0.000260
1547.000000, 0.000165
1548.000000, 0.000224
1549.000000, 0.000459
1550.000000, 0.000734
1551.000000, 0.000729
1552.000000, 0.000777
1553.000000, 0.000565
1554.000000, 0.000279
1555.000000, 0.000256
1556.000000, 0.000329
1557.000000, 0.000601
1558.000000, 0.000824
1559.000000, 0.000887
1560.000000, 0.000724
1561.000000, 0.000608
1562.000000, 0.000800
1563.000000, 0.001132
1564.000000, 0.001545
1565.000000, 0.001796
1566.000000, 0.001688
1567.000000, 0.001300
1568.000000, 0.000875
1569.000000, 0.000904
1570.000000, 0.001126
1571.000000, 0.001349
1572.000000, 0.001287
1573.000000, 0.001049
1574.000000, 0.007032
1575.000000, 0.005936
1576.000000, 0.005479
1577.000000, 0.007109
1578.000000, 0.009047
1579.000000, 0.008500
1580.000000, 0.008325
1581.000000, 0.007356
1582.000000, 0.005276
1583.000000, 0.003041
1584.000000, 0.003062
1585.000000, 0.004481
1586.000000, 0.011673
1587.000000, 0.013725
1588.000000, 0.012860
1589.000000, 0.015130
1590.000000, 0.021075
1591.000000, 0.035124
1592.000000, 0.049283
1593.000000, 0.051017
1594.000000, 0.051773
1595.000000, 0.067447
1596.000000, 0.063993
1597.000000, 0.038918
1598.000000, 0.023568
1599.000000, 0.042815
1600.000000, 0.076222
1601.000000, 0.107667
1602.000000, 0.135295
1603.000000, 0.131499
1604.000000, 0.117665
1605.000000, 0.101354
1606.000000, 0.088177
1607.000000, 0.083090
1608.000000, 0.070657
1609.000000, 0.065790
1610.000000, 0.068487
1611.000000, 0.066007
1612.000000, 0.070548
1613.000000, 0.077891
1614.000000, 0.090315
1615.000000, 0.115385
1616.000000, 0.136558
1617.000000, 0.158491
1618.000000, 0.196985
1619.000000, 0.246058
1620.000000, 0.285115
1621.000000, 0.307635
1622.000000, 0.342686
1623.000000, 0.364348
1624.000000, 0.330524
1625.000000, 0.280604
1626.000000, 0.245157
1627.000000, 0.211864
1628.000000, 0.185078
1629.000000, 0.153658
1630.000000, 0.126869
1631.000000, 0.136365
1632.000000, 0.155357
1633.000000, 0.160885
1634.000000, 0.177780
1635.000000, 0.195213
1636.000000, 0.191568
1637.000000, 0.222582
1638.000000, 0.316716
1639.000000, 0.414839
1640.000000, 0.497047
1641.000000, 0.554930
1642.000000, 0.558823
1643.000000, 0.490742
1644.000000, 0.410202
1645.000000, 0.366051
1646.000000, 0.304661
1647.000000, 0.244063
1648.000000, 0.200107
1649.000000, 0.164243
1650.000000, 0.149349
1651.000000, 0.122242
1652.000000, 0.086800
1653.000000, 0.090563
1654.000000, 0.105664
1655.000000, 0.109659
1656.000000, 0.109448
1657.000000, 0.110744
1658.000000, 0.125219
1659.000000, 0.138306
1660.000000, 0.153135
1661.000000, 0.150786
1662.000000, 0.122919
1663.000000, 0.123888
1664.000000, 0.191584
1665.000000, 0.265721
1666.000000, 0.327152
1667.000000, 0.402366
1668.000000, 0.475399
1669.000000, 0.550449
1670.000000, 0.638103
1671.000000, 0.689092
1672.000000, 0.697803
1673.000000, 0.684051
1674.000000, 0.652518
1675.000000, 0.606482
1676.000000, 0.555908
1677.000000, 0.505304
1678.000000, 0.441594
1679.000000, 0.418016
1680.000000, 0.451691
1681.000000, 0.473119
1682.000000, 0.479545
1683.000000, 0.511987
1684.000000, 0.566641
1685.000000, 0.642127
1686.000000, 0.712481
1687.000000, 0.787642
1688.000000, 0.937946
1689.000000, 1.175976
1690.000000, 1.543558
1691.000000, 1.980115
1692.000000, 2.467302
1693.000000, 2.941783
1694.000000, 3.296046
1695.000000, 3.433680
1696.000000, 3.311437
1697.000000, 2.975215
1698.000000, 2.504481
1699.000000, 2.076772
1700.000000, 1.739473
1701.000000, 1.513884
1702.000000, 1.335825
1703.000000, 1.196231
1704.000000, 1.091133
1705.000000, 1.045631
1706.000000, 1.029090
1707.000000, 1.030294
1708.000000, 1.057013
1709.000000, 1.104532
1710.000000, 1.189422
1711.000000, 1.275270
1712.000000, 1.372481
1713.000000, 1.567911
1714.000000, 1.876912
1715.000000, 2.239525
1716.000000, 2.716394
1717.000000, 3.344855
1718.000000, 4.168746
1719.000000, 5.169231
1720.000000, 6.348172
1721.000000, 7.580159
1722.000000, 8.678358
1723.000000, 9.405705
1724.000000, 9.673581
1725.000000, 9.529656
1726.000000, 9.094200
1727.000000, 8.545437
1728.000000, 7.956673
1729.000000, 7.440346
1730.000000, 7.045069
1731.000000, 6.827705
1732.000000, 6.749896
1733.000000, 6.823026
1734.000000, 7.053467
1735.000000, 7.469990
1736.000000, 8.098542
1737.000000, 8.967434
1738.000000, 10.075068
1739.000000, 11.591218
1740.000000, 13.586121
1741.000000, 16.208302
1742.000000, 19.423946
1743.000000, 23.001949
1744.000000, 26.714699
1745.000000, 29.812298
1746.000000, 31.766981
1747.000000, 32.212628
1748.000000, 31.125683
1749.000000, 28.938964
1750.000000, 26.224033
1751.000000, 23.617405
1752.000000, 21.285572
1753.000000, 19.424815
1754.000000, 18.045326
1755.000000, 17.023512
1756.000000, 16.445668
1757.000000, 16.280133
1758.000000, 16.478333
1759.000000, 16.990710
1760.000000, 17.845765
1761.000000, 19.070715
1762.000000, 20.732037
1763.000000, 22.848054
1764.000000, 25.594945
1765.000000, 28.938168
1766.000000, 33.005130
1767.000000, 38.115034
1768.000000, 44.008791
1769.000000, 50.513017
1770.000000, 57.710784
1771.000000, 64.722374
1772.000000, 71.608720
1773.000000, 77.603786
1774.000000, 82.481150
1775.000000, 86.032486
1776.000000, 88.368648
1777.000000, 89.625252
1778.000000, 90.272607
1779.000000, 90.601165
1780.000000, 90.964196
1781.000000, 91.433848
1782.000000, 92.180935
1783.000000, 93.008136
1784.000000, 93.786105
1785.000000, 94.174059
1786.000000, 93.883846
1787.000000, 92.666335
1788.000000, 90.309512
1789.000000, 86.903182
1790.000000, 82.342624
1791.000000, 77.630078
1792.000000, 71.971092
1793.000000, 66.655533
1794.000000, 61.763313
1795.000000, 57.380581
1796.000000, 53.754431
1797.000000, 50.744203
1798.000000, 48.344922
1799.000000, 46.721213
1800.000000, 45.747101
1801.000000, 45.398570
1802.000000, 45.667962
1803.000000, 46.611465
1804.000000, 48.253775
1805.000000, 50.612587
1806.000000, 53.835841
1807.000000, 57.657042
1808.000000, 62.197147
1809.000000, 67.418779
1810.000000, 73.506895
1811.000000, 79.850088
1812.000000, 85.823782
1813.000000, 90.570087
1814.000000, 93.653347
1815.000000, 94.598362
1816.000000, 93.115010
1817.000000, 89.856653
1818.000000, 84.851792
1819.000000, 78.986711
1820.000000, 72.411647
1821.000000, 65.508564
1822.000000, 59.487417
1823.000000, 54.863076
1824.000000, 51.247691
1825.000000, 48.290987
1826.000000, 45.832820
1827.000000, 44.024882
1828.000000, 42.917055
1829.000000, 42.444194
1830.000000, 42.556587
1831.000000, 43.230474
1832.000000, 44.411353
1833.000000, 46.046050
1834.000000, 48.144383
1835.000000, 50.989693
1836.000000, 54.401387
1837.000000, 58.318527
1838.000000, 61.934258
1839.000000, 65.431240
1840.000000, 68.622813
1841.000000, 70.958722
1842.000000, 72.173816
1843.000000, 71.964466
1844.000000, 70.526183
1845.000000, 68.242000
1846.000000, 64.844654
1847.000000, 60.464741
1848.000000, 55.662867
1849.000000, 51.413760
1850.000000, 48.239316
1851.000000, 45.474323
1852.000000, 42.881035
1853.000000, 40.602867
1854.000000, 38.706961
1855.000000, 37.234208
1856.000000, 36.192247
1857.000000, 35.591293
1858.000000, 35.389022
1859.000000, 35.610473
1860.000000, 36.169683
1861.000000, 37.070534
1862.000000, 38.369977
1863.000000, 39.957469
1864.000000, 41.997163
1865.000000, 44.451121
1866.000000, 47.411655
1867.000000, 50.939624
1868.000000, 55.233456
1869.000000, 60.176057
1870.000000, 65.701400
1871.000000, 71.226233
1872.000000, 76.591094
1873.000000, 81.823441
1874.000000, 86.031758
1875.000000, 89.267353
1876.000000, 91.468742
1877.000000, 92.346825
1878.000000, 92.182913
1879.000000, 91.126502
1880.000000, 89.330037
1881.000000, 87.052820
1882.000000, 84.640177
1883.000000, 82.331812
1884.000000, 79.986862
1885.000000, 78.115890
1886.000000, 76.691348
1887.000000, 75.663743
1888.000000, 75.120400
1889.000000, 74.974071
1890.000000, 75.219919
1891.000000, 75.858065
1892.000000, 76.875967
1893.000000, 78.133408
1894.000000, 79.477262
1895.000000, 81.026148
1896.000000, 82.508791
1897.000000, 84.113587
1898.000000, 85.765003
1899.000000, 87.158233
1900.000000, 88.330070
1901.000000, 89.019435
1902.000000, 89.269630
1903.000000, 89.123912
1904.000000, 88.457492
1905.000000, 87.501043
1906.000000, 86.219876
1907.000000, 84.712829
1908.000000, 83.224333
1909.000000, 81.729294
1910.000000, 80.364919
1911.000000, 79.075953
1912.000000, 77.924097
1913.000000, 76.898037
1914.000000, 76.152104
1915.000000, 75.766390
1916.000000, 75.638484
1917.000000, 75.709083
1918.000000, 76.057341
1919.000000, 76.627997
1920.000000, 77.329424
1921.000000, 78.178353
1922.000000, 79.009804
1923.000000, 79.702852
1924.000000, 80.297215
1925.000000, 80.727532
1926.000000, 80.955089
1927.000000, 80.921776
1928.000000, 80.594292
1929.000000, 80.005287
1930.000000, 79.158558
1931.000000, 78.039010
1932.000000, 76.699054
1933.000000, 75.326431
1934.000000, 73.780118
1935.000000, 72.259767
1936.000000, 70.719126
1937.000000, 69.377082
1938.000000, 68.118288
1939.000000, 67.043336
1940.000000, 66.236595
1941.000000, 65.679874
1942.000000, 65.378594
1943.000000, 65.362076
1944.000000, 65.592971
1945.000000, 66.162450
1946.000000, 67.051847
1947.000000, 68.204436
1948.000000, 69.581306
1949.000000, 71.164693
1950.000000, 72.969962
1951.000000, 74.841458
1952.000000, 76.862982
1953.000000, 78.730515
1954.000000, 80.456704
1955.000000, 81.988181
1956.000000, 83.072424
1957.000000, 83.705804
1958.000000, 83.810205
1959.000000, 83.381052
1960.000000, 82.394902
1961.000000, 80.963482
1962.000000, 79.134429
1963.000000, 76.933740
1964.000000, 74.569155
1965.000000, 72.240235
1966.000000, 69.968003
1967.000000, 67.711778
1968.000000, 65.674950
1969.000000, 63.865987
1970.000000, 62.286640
1971.000000, 60.934320
1972.000000, 59.879274
1973.000000, 59.151559
1974.000000, 58.672072
1975.000000, 58.519366
1976.000000, 58.668027
1977.000000, 59.101112
1978.000000, 59.841424
1979.000000, 60.847147
1980.000000, 62.153936
1981.000000, 63.724196
1982.000000, 65.520804
1983.000000, 67.552390
1984.000000, 69.767291
1985.000000, 72.038425
1986.000000, 74.289091
1987.000000, 76.439947
1988.000000, 78.327385
1989.000000, 79.797113
1990.000000, 80.736349
1991.000000, 81.092080
1992.000000, 80.823674
1993.000000, 79.906480
1994.000000, 78.432302
1995.000000, 76.429377
1996.000000, 74.068726
1997.000000, 71.541082
1998.000000, 68.771857
1999.000000, 65.970298
2000.000000, 63.327896
2001.000000, 60.833805
2002.000000, 58.630691
2003.000000, 56.652445
2004.000000, 54.942117
2005.000000, 53.532677
2006.000000, 52.337491
2007.000000, 51.404198
2008.000000, 50.787823
2009.000000, 50.461459
2010.000000, 50.370907
2011.000000, 50.544302
2012.000000, 50.937521
2013.000000, 51.585022
2014.000000, 52.527685
2015.000000, 53.692724
2016.000000, 55.038059
2017.000000, 56.612286
2018.000000, 58.438660
2019.000000, 60.443329
2020.000000, 62.528904
2021.000000, 64.786153
2022.000000, 67.077837
2023.000000, 69.296292
2024.000000, 71.308501
2025.000000, 73.088036
2026.000000, 74.564746
2027.000000, 75.593630
2028.000000, 76.162839
2029.000000, 76.197208
2030.000000, 75.743708
2031.000000, 74.871761
2032.000000, 73.625140
2033.000000, 72.116149
2034.000000, 70.323092
2035.000000, 68.349433
2036.000000, 66.463323
2037.000000, 64.633813
2038.000000, 62.929391
2039.000000, 61.339992
2040.000000, 59.916454
2041.000000, 58.758671
2042.000000, 57.844452
2043.000000, 57.172560
2044.000000, 56.721544
2045.000000, 56.473696
2046.000000, 56.502016
2047.000000, 56.741179
2048.000000, 57.242028
2049.000000, 57.948356
2050.000000, 58.809044
2051.000000, 59.917979
2052.000000, 61.200842
2053.000000, 62.659099
2054.000000, 64.191428
2055.000000, 65.833496
2056.000000, 67.558528
2057.000000, 69.248113
2058.000000, 70.881766
2059.000000, 72.381993
2060.000000, 73.699237
2061.000000, 74.803060
2062.000000, 75.547434
2063.000000, 75.940952
2064.000000, 75.926995
2065.000000, 75.532096
2066.000000, 74.807150
2067.000000, 73.776478
2068.000000, 72.514453
2069.000000, 70.925334
2070.000000, 69.260098
2071.000000, 67.553950
2072.000000, 65.865743
2073.000000, 64.215044
2074.000000, 62.701814
2075.000000, 61.242573
2076.000000, 59.969225
2077.000000, 58.913463
2078.000000, 58.078978
2079.000000, 57.460006
2080.000000, 57.046751
2081.000000, 56.792651
2082.000000, 56.778026
2083.000000, 56.980300
2084.000000, 57.342015
2085.000000, 57.927118
2086.000000, 58.705677
2087.000000, 59.655881
2088.000000, 60.756479
2089.000000, 61.949441
2090.000000, 63.310486
2091.000000, 64.756864
2092.000000, 66.256530
2093.000000, 67.741827
2094.000000, 69.210926
2095.000000, 70.654469
2096.000000, 71.951606
2097.000000, 73.056725
2098.000000, 73.924830
2099.000000, 74.490511
2100.000000, 74.779857
2101.000000, 74.797674
2102.000000, 74.493735
2103.000000, 73.810609
2104.000000, 72.922706
2105.000000, 71.789404
2106.000000, 70.496954
2107.000000, 69.070219
2108.000000, 67.633131
2109.000000, 66.029369
2110.000000, 64.525461
2111.000000, 63.093997
2112.000000, 61.804464
2113.000000, 60.644503
2114.000000, 59.561681
2115.000000, 58.659736
2116.000000, 57.978798
2117.000000, 57.526514
2118.000000, 57.195711
2119.000000, 57.046861
2120.000000, 57.095830
2121.000000, 57.314752
2122.000000, 57.770480
2123.000000, 58.362774
2124.000000, 59.095320
2125.000000, 60.016862
2126.000000, 61.068901
2127.000000, 62.257146
2128.000000, 63.458003
2129.000000, 64.796976
2130.000000, 66.137756
2131.000000, 67.563236
2132.000000, 68.868172
2133.000000, 70.139858
2134.000000, 71.325157
2135.000000, 72.342213
2136.000000, 73.154694
2137.000000, 73.778590
2138.000000, 74.135987
2139.000000, 74.170084
2140.000000, 73.941822
2141.000000, 73.447556
2142.000000, 72.707475
2143.000000, 71.750860
2144.000000, 70.531790
2145.000000, 69.217115
2146.000000, 67.855493
2147.000000, 66.442214
2148.000000, 65.037950
2149.000000, 63.506785
2150.000000, 62.152187
2151.000000, 60.854437
2152.000000, 59.730661
2153.000000, 58.692510
2154.000000, 57.815747
2155.000000, 57.126605
2156.000000, 56.593310
2157.000000, 56.168024
2158.000000, 55.972130
2159.000000, 55.940860
2160.000000, 56.080784
2161.000000, 56.343365
2162.000000, 56.768910
2163.000000, 57.383733
2164.000000, 58.163130
2165.000000, 59.069323
2166.000000, 60.032623
2167.000000, 61.151107
2168.000000, 62.388467
2169.000000, 63.683142
2170.000000, 65.021305
2171.000000, 66.376508
2172.000000, 67.693787
2173.000000, 68.994159
2174.000000, 70.234164
2175.000000, 71.357416
2176.000000, 72.294870
2177.000000, 73.076646
2178.000000, 73.638130
2179.000000, 74.005554
2180.000000, 74.070466
2181.000000, 73.937258
2182.000000, 73.668441
2183.000000, 73.132834
2184.000000, 72.372688
2185.000000, 71.570099
2186.000000, 70.677670
2187.000000, 69.680550
2188.000000, 68.692279
2189.000000, 67.603058
2190.000000, 66.632063
2191.000000, 65.706576
2192.000000, 64.883553
2193.000000, 64.259321
2194.000000, 63.778823
2195.000000, 63.360674
2196.000000, 63.098583
2197.000000, 62.986335
2198.000000, 63.130585
2199.000000, 63.450097
2200.000000, 63.914901
2200.000000, 64.397528
2201.000000, 64.880155
2202.000000, 65.431582
2203.000000, 66.056209
2204.000000, 66.762036
2204.000000, 67.522063
2205.000000, 68.344190
2206.000000, 69.214917
2207.000000, 70.110144
2208.000000, 71.028671
2208.000000, 71.972998
2209.000000, 72.910325
2210.000000, 73.832352
2211.000000, 74.744979
2212.000000, 75.607006
2212.000000, 76.401333
2213.000000, 77.130660
2214.000000, 77.785587
2215.000000, 78.335314
2216.000000, 78.783441
2216.000000, 79.122868
2217.000000, 79.329895
2218.000000, 79.420322
2219.000000, 79.387349
2220.000000, 79.241876
2220.000000, 78.992303
2221.000000, 78.628030
2222.000000, 78.135957
2223.000000, 77.555284
2224.000000, 76.929211
2225.000000, 76.225438
2225.000000, 75.443065
2226.000000, 74.619392
2227.000000, 73.777519
2228.000000, 72.939046
2229.000000, 72.099873
2229.000000, 71.262200
2230.000000, 70.448227
2231.000000, 69.654354
2232.000000, 68.906681
2233.000000, 68.228208
2233.000000, 67.595435
2234.000000, 67.012962
2235.000000, 66.504789
2236.000000, 66.065416
2237.000000, 65.689942
2237.000000, 65.382369
2238.000000, 65.151996
2239.000000, 65.002523
2240.000000, 64.928250
2241.000000, 64.928577
2241.000000, 64.999004
2242.000000, 65.129931
2243.000000, 65.329458
2244.000000, 65.603085
2245.000000, 65.953612
2245.000000, 66.365139
2246.000000, 66.831466
2247.000000, 67.348393
2248.000000, 67.901320
2249.000000, 68.495547
2249.000000, 69.125974
2250.000000, 69.787201
2251.000000, 70.471128
2252.000000, 71.169855
2253.000000, 71.865582
2253.000000, 72.549809
2254.000000, 73.232936
2255.000000, 73.897463
2256.000000, 74.522990
2257.000000, 75.112617
2257.000000, 75.651444
2258.000000, 76.141971
2259.000000, 76.580498
2260.000000, 76.949625
2261.000000, 77.244952
2261.000000, 77.472779
2262.000000, 77.633106
2263.000000, 77.725233
2264.000000, 77.744760
2265.000000, 77.689887
2265.000000, 77.581014
2266.000000, 77.400341
2267.000000, 77.158968
2268.000000, 76.875995
2269.000000, 76.545322
2270.000000, 76.185749
2270.000000, 75.816076
2271.000000, 75.423203
2272.000000, 74.998630
2273.000000, 74.574957
2274.000000, 74.163184
2274.000000, 73.753911
2275.000000, 73.367838
2276.000000, 73.005665
2277.000000, 72.667392
2278.000000, 72.355019
2278.000000, 72.081346
2279.000000, 71.861673
2280.000000, 71.680600
2281.000000, 71.532827
2282.000000, 71.427854
2282.000000, 71.375381
2283.000000, 71.374308
2284.000000, 71.415335
2285.000000, 71.509261
2286.000000, 71.649788
2286.000000, 71.812715
2287.000000, 72.015142
2288.000000, 72.258769
2289.000000, 72.540796
2290.000000, 72.847423
2290.000000, 73.167650
2291.000000, 73.505177
2292.000000, 73.864304
2293.000000, 74.235531
2294.000000, 74.608158
2294.000000, 74.982485
2295.000000, 75.344212
2296.000000, 75.692139
2297.000000, 76.019066
2298.000000, 76.323593
2298.000000, 76.598620
2299.000000, 76.836747
2300.000000, 77.039674
2301.000000, 77.187201
2302.000000, 77.293128
2302.000000, 77.365655
2303.000000, 77.400782
2304.000000, 77.384509
2305.000000, 77.304136
2306.000000, 77.174863
2306.000000, 77.006390
2307.000000, 76.810417
2308.000000, 76.578644
2309.000000, 76.303271
2310.000000, 75.988098
2310.000000, 75.658825
2311.000000, 75.317952
2312.000000, 74.960779
2313.000000, 74.596306
2314.000000, 74.225433
2315.000000, 73.859160
2315.000000, 73.510687
2316.000000, 73.177814
2317.000000, 72.845241
2318.000000, 72.538068
2319.000000, 72.268095
2319.000000, 72.032522
2320.000000, 71.826049
2321.000000, 71.649676
2322.000000, 71.511803
2323.000000, 71.426630
2323.000000, 71.381157
2324.000000, 71.369684
2325.000000, 71.399011
2326.000000, 71.486338
2327.000000, 71.615365
2327.000000, 71.772592
2328.000000, 71.976819
2329.000000, 72.231346
2330.000000, 72.519673
2331.000000, 72.829700
2331.000000, 73.172127
2332.000000, 73.544853
2333.000000, 73.937280
2334.000000, 74.334507
2335.000000, 74.744734
2335.000000, 75.162461
2336.000000, 75.580188
2337.000000, 75.986815
2338.000000, 76.376242
2339.000000, 76.745569
2339.000000, 77.094196
2340.000000, 77.416223
2341.000000, 77.701050
2342.000000, 77.932777
2343.000000, 78.121704
2343.000000, 78.256431
2344.000000, 78.338558
2345.000000, 78.356485
2346.000000, 78.322912
2347.000000, 78.220839
2347.000000, 78.060566
2348.000000, 77.833193
2349.000000, 77.552820
2350.000000, 77.211547
2351.000000, 76.818474
2351.000000, 76.373901
2352.000000, 75.898728
2353.000000, 75.379955
2354.000000, 74.824782
2355.000000, 74.251209
2355.000000, 73.675136
2356.000000, 73.083963
2357.000000, 72.471790
2358.000000, 71.860417
2359.000000, 71.264444
2360.000000, 70.690671
2360.000000, 70.141498
2361.000000, 69.650477
2362.000000, 69.177056
2363.000000, 68.751834
2364.000000, 68.370313
2364.000000, 68.033592
2365.000000, 67.738771
2366.000000, 67.499050
2367.000000, 67.307129
2368.000000, 67.170007
2368.000000, 67.081886
2369.000000, 67.058765
2370.000000, 67.090944
2371.000000, 67.191723
2372.000000, 67.346302
2372.000000, 67.563080
2373.000000, 67.836859
2374.000000, 68.176538
2375.000000, 68.565517
2376.000000, 68.998496
2376.000000, 69.484875
2377.000000, 70.031553
2378.000000, 70.623832
2379.000000, 71.247911
2380.000000, 71.917290
2380.000000, 72.619069
2381.000000, 73.340248
2382.000000, 74.076926
2383.000000, 74.826605
2384.000000, 75.585184
2384.000000, 76.334863
2385.000000, 77.069942
2386.000000, 77.778721
2387.000000, 78.457599
2388.000000, 79.104178
2388.000000, 79.704957
2389.000000, 80.237536
2390.000000, 80.704115
2391.000000, 81.110194
2392.000000, 81.437572
2392.000000, 81.684951
2393.000000, 81.835930
2394.000000, 81.903109
2395.000000, 81.860288
2396.000000, 81.733767
2396.000000, 81.517445
2397.000000, 81.220224
2398.000000, 80.833803
2399.000000, 80.354882
2400.000000, 79.804061
2400.000000, 79.185540
2401.000000, 78.505318
2402.000000, 77.768697
2403.000000, 77.007576
2404.000000, 76.210055
2405.000000, 75.384934
2405.000000, 74.548813
2406.000000, 73.709291
2407.000000, 72.871370
2408.000000, 72.040449
2409.000000, 71.228628
2409.000000, 70.456907
2410.000000, 69.714086
2411.000000, 69.002764
2412.000000, 68.334843
2413.000000, 67.714222
2413.000000, 67.144401
2414.000000, 66.628980
2415.000000, 66.184359
2416.000000, 65.786637
2417.000000, 65.446316
2417.000000, 65.181295
2418.000000, 64.988174
2419.000000, 64.861353
2420.000000, 64.799232
2421.000000, 64.823410
2421.000000, 64.911789
2422.000000, 65.060968
2423.000000, 65.275047
2424.000000, 65.559426
2425.000000, 65.917605
2425.000000, 66.334383
2426.000000, 66.823262
2427.000000, 67.378341
2428.000000, 68.001520
2429.000000, 68.683399
2429.000000, 69.401578
2430.000000, 70.172457
2431.000000, 70.999535
2432.000000, 71.871814
2433.000000, 72.774193
2433.000000, 73.698872
2434.000000, 74.646851
2435.000000, 75.618130
2436.000000, 76.594208
2437.000000, 77.551487
2437.000000, 78.490866
2438.000000, 79.410845
2439.000000, 80.301024
2440.000000, 81.138503
2441.000000, 81.923081
2441.000000, 82.643960
2442.000000, 83.278639
2443.000000, 83.842918
2444.000000, 84.311497
2445.000000, 84.672676
2445.000000, 84.942154
2446.000000, 85.095633
2447.000000, 85.137412
2448.000000, 85.061391
2449.000000, 84.875470
2450.000000, 84.592249
2450.000000, 84.192227
2451.000000, 83.688606
2452.000000, 83.085585
2453.000000, 82.401664
2454.000000, 81.648443
2454.000000, 80.823222
2455.000000, 79.952100
2456.000000, 79.049379
2457.000000, 78.106258
2458.000000, 77.136137
2458.000000, 76.151616
2459.000000, 75.160195
2460.000000, 74.174873
2461.000000, 73.208852
2462.000000, 72.269431
2462.000000, 71.357710
2463.000000, 70.480789
2464.000000, 69.645168
2465.000000, 68.859846
2466.000000, 68.131725
2466.000000, 67.452404
2467.000000, 66.827783
2468.000000, 66.258262
2469.000000, 65.750941
2470.000000, 65.329619
2470.000000, 64.977798
2471.000000, 64.695677
2472.000000, 64.474156
2473.000000, 64.305535
2474.000000, 64.211314
2474.000000, 64.189692
2475.000000, 64.237771
2476.000000, 64.372250
2477.000000, 64.576729
2478.000000, 64.840808
2478.000000, 65.176787
2479.000000, 65.570665
2480.000000, 66.026344
2481.000000, 66.553523
2482.000000, 67.147502
2482.000000, 67.815681
2483.000000, 68.553560
2484.000000, 69.339338
2485.000000, 70.153117
2486.000000, 71.009496
2486.000000, 71.923375
2487.000000, 72.896654
2488.000000, 73.896633
2489.000000, 74.908811
2490.000000, 75.948790
2490.000000, 76.998069
2491.000000, 78.049248
2492.000000, 79.105827
2493.000000, 80.148306
2494.000000, 81.179384
2495.000000, 82.192363
2495.000000, 83.133142
2496.000000, 84.007321
2497.000000, 84.833100
2498.000000, 85.601579
2499.000000, 86.298957
2499.000000, 86.894636
2500.000000, 87.398915
2501.000000, 87.815894
2502.000000, 88.132373
2503.000000, 88.352052
2503.000000, 88.448630
2504.000000, 88.423009
2505.000000, 88.320888
2506.000000, 88.109467
2507.000000, 87.761746
2507.000000, 87.337225
2508.000000, 86.847303
2509.000000, 86.280382
2510.000000, 85.651461
2511.000000, 84.951640
2511.000000, 84.172119
2512.000000, 83.355198
2513.000000, 82.524976
2514.000000, 81.699555
2515.000000, 80.853834
2515.000000, 79.973913
2516.000000, 79.097392
2517.000000, 78.226871
2518.000000, 77.374049
2519.000000, 76.564228
2519.000000, 75.767107
2520.000000, 75.000686
2521.000000, 74.297765
2522.000000, 73.659944
2523.000000, 73.083422
2523.000000, 72.545701
2524.000000, 72.021580
2525.000000, 71.565159
2526.000000, 71.184538
2527.000000, 70.862317
2527.000000, 70.597995
2528.000000, 70.402074
2529.000000, 70.271353
2530.000000, 70.211732
2531.000000, 70.243411
2531.000000, 70.344790
2532.000000, 70.472468
2533.000000, 70.623347
2534.000000, 70.817826
2535.000000, 71.119305
2535.000000, 71.545084
2536.000000, 72.008863
2537.000000, 72.433341
2538.000000, 72.920320
2539.000000, 73.502899
2540.000000, 74.127778
2540.000000, 74.797257
2541.000000, 75.537136
2542.000000, 76.363814
2543.000000, 77.295793
2544.000000, 78.180972
2544.000000, 79.004951
2545.000000, 79.824030
2546.000000, 80.612509
2547.000000, 81.501888
2548.000000, 82.574966
2548.000000, 83.551645
2549.000000, 84.288524
2550.000000, 85.068903
2551.000000, 85.965082
2552.000000, 86.757461
2552.000000, 87.534339
2553.000000, 88.273018
2554.000000, 88.792797
2555.000000, 89.253276
2556.000000, 89.720055
2556.000000, 90.144934
2557.000000, 90.496712
2558.000000, 90.776291
2559.000000, 91.032170
2560.000000, 91.318149
2560.000000, 91.537028
2561.000000, 91.525107
2562.000000, 91.314985
2563.000000, 90.987864
2564.000000, 90.640243
2564.000000, 90.142622
2565.000000, 89.499901
2566.000000, 88.930880
2567.000000, 88.430258
2568.000000, 87.958737
2568.000000, 87.511216
2569.000000, 86.789295
2570.000000, 85.765574
2571.000000, 84.965453
2572.000000, 84.401631
2572.000000, 83.870410
2573.000000, 83.059889
2574.000000, 82.185868
2575.000000, 81.534447
2576.000000, 81.011326
2576.000000, 80.315204
2577.000000, 79.385183
2578.000000, 78.695962
2579.000000, 78.239341
2580.000000, 77.877420
2580.000000, 77.506799
2581.000000, 76.997777
2582.000000, 76.690256
2583.000000, 76.585735
2584.000000, 76.290414
2585.000000, 75.767293
2585.000000, 75.551772
2586.000000, 75.553650
2587.000000, 75.622329
2588.000000, 75.606208
2589.000000, 75.582287
2589.000000, 75.595566
2590.000000, 75.644745
2591.000000, 75.800323
2592.000000, 76.135702
2593.000000, 76.551381
2593.000000, 76.954460
2594.000000, 77.558339
2595.000000, 78.447118
2596.000000, 78.848396
2597.000000, 79.079375
2597.000000, 79.415254
2598.000000, 79.876333
2599.000000, 80.434412
2600.000000, 81.077791
2601.000000, 81.834469
2601.000000, 82.709748
2602.000000, 83.465727
2603.000000, 84.241806
2604.000000, 85.160085
2605.000000, 86.000864
2605.000000, 86.799642
2606.000000, 87.429221
2607.000000, 87.990100
2608.000000, 88.553879
2609.000000, 89.063358
2609.000000, 89.676537
2610.000000, 90.223515
2611.000000, 90.628294
2612.000000, 91.084773
2613.000000, 91.605252
2613.000000, 91.983331
2614.000000, 92.230210
2615.000000, 92.496388
2616.000000, 92.872667
2617.000000, 93.202746
2617.000000, 93.085425
2618.000000, 92.844904
2619.000000, 92.748683
2620.000000, 92.596461
2621.000000, 92.108640
2621.000000, 91.598819
2622.000000, 91.177098
2623.000000, 90.747377
2624.000000, 90.308156
2625.000000, 89.932834
2625.000000, 89.615913
2626.000000, 89.058692
2627.000000, 88.204471
2628.000000, 87.653050
2629.000000, 87.347029
2630.000000, 87.013207
2630.000000, 86.125886
2631.000000, 85.067265
2632.000000, 84.464844
2633.000000, 83.968523
2634.000000, 83.276902
2634.000000, 82.455380
2635.000000, 81.814059
2636.000000, 81.296138
2637.000000, 80.807017
2638.000000, 80.348396
2638.000000, 79.921775
2639.000000, 79.539053
2640.000000, 79.234732
2641.000000, 79.003811
2642.000000, 78.767390
2642.000000, 78.476369
2643.000000, 78.242648
2644.000000, 78.162926
2645.000000, 78.193705
2646.000000, 78.218784
2646.000000, 78.152963
2647.000000, 78.096142
2648.000000, 78.144021
2649.000000, 78.276099
2650.000000, 78.477578
2650.000000, 78.750957
2651.000000, 79.120736
2652.000000, 79.618215
2653.000000, 80.048894
2654.000000, 80.348172
2654.000000, 80.741151
2655.000000, 81.301130
2656.000000, 81.814409
2657.000000, 82.244788
2658.000000, 82.737767
2658.000000, 83.343545
2659.000000, 84.145924
2660.000000, 84.947303
2661.000000, 85.510282
2662.000000, 86.116461
2662.000000, 86.752240
2663.000000, 87.342819
2664.000000, 88.093797
2665.000000, 89.223276
2666.000000, 90.156755
2666.000000, 90.704534
2667.000000, 91.136713
2668.000000, 91.451492
2669.000000, 91.761270
2670.000000, 92.235649
2670.000000, 92.822028
2671.000000, 93.069107
2672.000000, 93.254086
2673.000000, 93.500665
2674.000000, 93.736243
2674.000000, 93.969622
2675.000000, 94.276401
2676.000000, 94.595480
2677.000000, 94.598159
2678.000000, 94.245538
2679.000000, 93.851316
2679.000000, 93.358795
2680.000000, 92.814874
2681.000000, 92.365153
2682.000000, 91.991432
2683.000000, 91.581011
2683.000000, 90.924789
2684.000000, 90.078168
2685.000000, 89.326347
2686.000000, 88.485726
2687.000000, 87.358305
2687.000000, 86.302984
2688.000000, 85.325762
2689.000000, 84.188241
2690.000000, 83.087420
2691.000000, 82.155499
2691.000000, 81.304778
2692.000000, 80.611757
2693.000000, 79.969635
2694.000000, 79.044114
2695.000000, 78.019693
2695.000000, 76.989372
2696.000000, 75.924851
2697.000000, 75.087530
2698.000000, 74.379208
2699.000000, 73.695887
2699.000000, 73.102466
2700.000000, 72.564745
2701.000000, 71.853824
2702.000000, 71.128303
2703.000000, 70.633981
2703.000000, 70.249560
2704.000000, 69.900739
2705.000000, 69.583018
2706.000000, 69.308697
2707.000000, 69.114876
2707.000000, 69.045654
2708.000000, 69.089633
2709.000000, 69.148912
2710.000000, 69.141691
2711.000000, 69.104470
2711.000000, 69.047349
2712.000000, 69.018227
2713.000000, 69.089206
2714.000000, 69.248285
2715.000000, 69.466264
2715.000000, 69.751343
2716.000000, 70.135122
2717.000000, 70.624700
2718.000000, 71.131679
2719.000000, 71.574158
2719.000000, 72.133137
2720.000000, 73.001016
2721.000000, 73.632495
2722.000000, 73.850073
2723.000000, 74.150652
2724.000000, 74.764931
2724.000000, 75.678710
2725.000000, 76.348689
2726.000000, 76.686868
2727.000000, 77.027646
2728.000000, 77.460725
2728.000000, 77.965404
2729.000000, 78.488583
2730.000000, 79.010162
2731.000000, 79.531441
2732.000000, 80.043619
2732.000000, 80.509098
2733.000000, 80.927677
2734.000000, 81.371456
2735.000000, 81.804735
2736.000000, 82.055914
2736.000000, 82.193392
2737.000000, 82.389071
2738.000000, 82.721550
2739.000000, 83.204629
2740.000000, 83.506708
2740.000000, 83.397187
2741.000000, 83.036965
2742.000000, 82.537444
2743.000000, 82.106523
2744.000000, 81.802602
2744.000000, 81.540181
2745.000000, 81.217060
2746.000000, 80.816738
2747.000000, 80.419017
2748.000000, 80.028096
2748.000000, 79.575775
2749.000000, 79.086054
2750.000000, 78.651733
2751.000000, 78.241211
2752.000000, 77.725190
2752.000000, 77.178769
2753.000000, 76.805048
2754.000000, 76.605827
2755.000000, 76.205906
2756.000000, 75.221684
2756.000000, 74.392363
2757.000000, 73.825342
2758.000000, 73.286321
2759.000000, 72.776800
2760.000000, 72.328879
2760.000000, 71.940457
2761.000000, 71.583636
2762.000000, 71.190215
2763.000000, 70.735694
2764.000000, 70.276173
2764.000000, 69.901652
2765.000000, 69.647230
2766.000000, 69.445509
2767.000000, 69.225388
2768.000000, 68.980167
2769.000000, 68.787346
2769.000000, 68.722725
2770.000000, 68.771003
2771.000000, 68.855082
2772.000000, 68.902161
2773.000000, 68.907540
2773.000000, 68.943119
2774.000000, 69.067898
2775.000000, 69.289977
2776.000000, 69.591555
2777.000000, 69.947734
2777.000000, 70.311513
2778.000000, 70.648792
2779.000000, 70.979071
2780.000000, 71.359250
2781.000000, 71.854128
2781.000000, 72.424507
2782.000000, 72.963686
2783.000000, 73.470765
2784.000000, 73.956344
2785.000000, 74.450623
2785.000000, 75.047801
2786.000000, 75.841380
2787.000000, 76.775559
2788.000000, 77.603538
2789.000000, 78.209317
2789.000000, 78.748096
2790.000000, 79.367474
2791.000000, 80.048953
2792.000000, 80.742832
2793.000000, 81.478911
2793.000000, 82.239090
2794.000000, 82.965269
2795.000000, 83.680547
2796.000000, 84.386526
2797.000000, 85.059905
2797.000000, 85.700884
2798.000000, 86.295063
2799.000000, 86.848342
2800.000000, 87.393920
2801.000000, 87.932899
2801.000000, 88.482378
2802.000000, 89.089657
2803.000000, 89.648036
2804.000000, 89.921015
2805.000000, 89.958593
2805.000000, 89.958072
2806.000000, 89.970751
2807.000000, 89.964530
2808.000000, 89.912209
2809.000000, 89.781588
2809.000000, 89.577866
2810.000000, 89.334045
2811.000000, 89.050824
2812.000000, 88.733903
2813.000000, 88.408682
2814.000000, 88.062461
2814.000000, 87.623739
2815.000000, 87.054118
2816.000000, 86.441997
2817.000000, 85.883976
2818.000000, 85.371955
2818.000000, 84.833834
2819.000000, 84.218712
2820.000000, 83.529391
2821.000000, 82.775970
2822.000000, 81.993949
2822.000000, 81.235528
2823.000000, 80.514207
2824.000000, 79.822685
2825.000000, 79.153264
2826.000000, 78.519943
2826.000000, 77.924122
2827.000000, 77.311301
2828.000000, 76.659280
2829.000000, 76.031758
2830.000000, 75.471637
2830.000000, 74.967216
2831.000000, 74.502395
2832.000000, 74.072874
2833.000000, 73.677653
2834.000000, 73.302031
2834.000000, 72.927210
2835.000000, 72.565089
2836.000000, 72.258368
2837.000000, 72.023847
2838.000000, 71.815926
2838.000000, 71.585804
2839.000000, 71.366483
2840.000000, 71.213562
2841.000000, 71.131141
2842.000000, 71.097020
2842.000000, 71.097299
2843.000000, 71.129477
2844.000000, 71.200456
2845.000000, 71.319035
2846.000000, 71.484614
2846.000000, 71.690893
2847.000000, 71.938172
2848.000000, 72.234150
2849.000000, 72.574429
2850.000000, 72.924908
2850.000000, 73.268187
2851.000000, 73.641966
2852.000000, 74.082845
2853.000000, 74.596623
2854.000000, 75.171502
2854.000000, 75.762681
2855.000000, 76.314560
2856.000000, 76.832639
2857.000000, 77.368818
2858.000000, 77.953496
2859.000000, 78.590175
2859.000000, 79.270754
2860.000000, 79.966633
2861.000000, 80.649512
2862.000000, 81.321291
2863.000000, 81.998569
2863.000000, 82.686948
2864.000000, 83.380027
2865.000000, 84.073406
2866.000000, 84.775285
2867.000000, 85.476064
2867.000000, 86.136642
2868.000000, 86.746121
2869.000000, 87.326100
2870.000000, 87.893079
2871.000000, 88.458958
2871.000000, 89.012137
2872.000000, 89.505715
2873.000000, 89.914194
2874.000000, 90.253373
2875.000000, 90.547252
2875.000000, 90.811531
2876.000000, 91.050010
2877.000000, 91.247288
2878.000000, 91.375467
2879.000000, 91.427446
2879.000000, 91.422325
2880.000000, 91.373904
2881.000000, 91.280983
2882.000000, 91.141561
2883.000000, 90.956740
2883.000000, 90.716319
2884.000000, 90.403598
2885.000000, 90.030477
2886.000000, 89.632356
2887.000000, 89.218234
2887.000000, 88.762913
2888.000000, 88.248992
2889.000000, 87.690771
2890.000000, 87.108950
2891.000000, 86.512229
2891.000000, 85.903408
2892.000000, 85.283386
2893.000000, 84.651365
2894.000000, 84.008344
2895.000000, 83.358223
2895.000000, 82.705302
2896.000000, 82.054481
2897.000000, 81.413059
2898.000000, 80.794338
2899.000000, 80.218917
2899.000000, 79.673896
2900.000000, 79.094275
2901.000000, 78.463154
2902.000000, 77.855532
2903.000000, 77.317211
2904.000000, 76.824590
2904.000000, 76.339969
2905.000000, 75.860348
2906.000000, 75.410827
2907.000000, 75.003305
2908.000000, 74.631984
2908.000000, 74.291863
2909.000000, 73.981842
2910.000000, 73.701821
2911.000000, 73.452700
2912.000000, 73.235178
2912.000000, 73.050257
2913.000000, 72.898136
2914.000000, 72.776015
2915.000000, 72.682594
2916.000000, 72.622473
2916.000000, 72.599251
2917.000000, 72.609530
2918.000000, 72.649709
2919.000000, 72.720688
2920.000000, 72.826467
2920.000000, 72.971146
2921.000000, 73.158224
2922.000000, 73.385303
2923.000000, 73.639182
2924.000000, 73.901261
2924.000000, 74.166040
2925.000000, 74.451119
2926.000000, 74.775997
2927.000000, 75.143476
2928.000000, 75.545855
2928.000000, 75.973834
2929.000000, 76.419713
2930.000000, 76.881492
2931.000000, 77.360970
2932.000000, 77.857149
2932.000000, 78.367128
2933.000000, 78.888407
2934.000000, 79.420686
2935.000000, 79.964265
2936.000000, 80.517043
2936.000000, 81.075122
2937.000000, 81.637401
2938.000000, 82.201380
2939.000000, 82.761359
2940.000000, 83.312138
2940.000000, 83.849916
2941.000000, 84.375295
2942.000000, 84.894274
2943.000000, 85.406553
2944.000000, 85.897532
2944.000000, 86.355311
2945.000000, 86.788089
2946.000000, 87.210568
2947.000000, 87.616647
2948.000000, 87.978726
2949.000000, 88.280705
2949.000000, 88.538084
2950.000000, 88.770162
2951.000000, 88.977041
2952.000000, 89.152120
2953.000000, 89.294999
2953.000000, 89.401478
2954.000000, 89.460057
2955.000000, 89.468535
2956.000000, 89.434014
2957.000000, 89.362393
2957.000000, 89.252772
2958.000000, 89.104651
2959.000000, 88.922230
2960.000000, 88.708308
2961.000000, 88.461187
2961.000000, 88.178566
2962.000000, 87.861445
2963.000000, 87.514124
2964.000000, 87.142303
2965.000000, 86.751381
2965.000000, 86.344660
2966.000000, 85.923239
2967.000000, 85.487918
2968.000000, 85.039997
2969.000000, 84.579376
2969.000000, 84.106054
2970.000000, 83.621033
2971.000000, 83.126812
2972.000000, 82.630791
2973.000000, 82.142570
2973.000000, 81.663249
2974.000000, 81.187527
2975.000000, 80.714106
2976.000000, 80.248485
2977.000000, 79.797364
2977.000000, 79.364043
2978.000000, 78.947522
2979.000000, 78.543000
2980.000000, 78.148779
2981.000000, 77.770558
2981.000000, 77.416537
2982.000000, 77.089816
2983.000000, 76.788995
2984.000000, 76.508673
2985.000000, 76.244852
2985.000000, 75.999831
2986.000000, 75.778510
2987.000000, 75.583389
2988.000000, 75.414868
2989.000000, 75.274046
2989.000000, 75.161725
2990.000000, 75.076404
2991.000000, 75.015183
2992.000000, 74.975762
2993.000000, 74.958441
2994.000000, 74.965519
2994.000000, 74.999798
2995.000000, 75.063277
2996.000000, 75.151056
2997.000000, 75.256535
2998.000000, 75.379514
2998.000000, 75.523992
2999.000000, 75.691271
3000.000000, 75.880750
3001.000000, 76.093329
3002.000000, 76.329908
3002.000000, 76.589187
3003.000000, 76.868066
3004.000000, 77.165344
3005.000000, 77.482223
3006.000000, 77.816902
3006.000000, 78.161281
3007.000000, 78.509160
3008.000000, 78.862339
3009.000000, 79.223417
3010.000000, 79.593196
3010.000000, 79.972075
3011.000000, 80.359154
3012.000000, 80.750933
3013.000000, 81.143412
3014.000000, 81.534890
3014.000000, 81.925369
3015.000000, 82.313948
3016.000000, 82.700527
3017.000000, 83.085106
3018.000000, 83.462785
3018.000000, 83.826663
3019.000000, 84.173842
3020.000000, 84.507121
3021.000000, 84.828700
3022.000000, 85.134279
3022.000000, 85.413458
3023.000000, 85.659836
3024.000000, 85.879015
3025.000000, 86.079694
3026.000000, 86.259073
3026.000000, 86.413852
3027.000000, 86.541331
3028.000000, 86.640509
3029.000000, 86.712388
3030.000000, 86.759767
3030.000000, 86.784946
3031.000000, 86.786525
3032.000000, 86.759104
3033.000000, 86.697782
3034.000000, 86.602461
3034.000000, 86.478840
3035.000000, 86.334119
3036.000000, 86.169798
3037.000000, 85.982077
3038.000000, 85.765355
3039.000000, 85.518834
3039.000000, 85.247813
3040.000000, 84.958492
3041.000000, 84.653371
3042.000000, 84.335850
3043.000000, 84.011928
3043.000000, 83.682807
3044.000000, 83.342586
3045.000000, 82.987665
3046.000000, 82.620844
3047.000000, 82.248423
3047.000000, 81.873301
3048.000000, 81.493980
3049.000000, 81.111259
3050.000000, 80.736738
3051.000000, 80.379417
3051.000000, 80.026796
3052.000000, 79.672274
3053.000000, 79.318753
3054.000000, 78.968132
3055.000000, 78.621011
3055.000000, 78.280990
3056.000000, 77.954369
3057.000000, 77.643547
3058.000000, 77.349126
3059.000000, 77.071805
3059.000000, 76.812884
3060.000000, 76.570363
3061.000000, 76.342542
3062.000000, 76.129820
3063.000000, 75.934799
3063.000000, 75.759778
3064.000000, 75.605257
3065.000000, 75.475736
3066.000000, 75.369615
3067.000000, 75.281393
3067.000000, 75.208372
3068.000000, 75.152551
3069.000000, 75.117730
3070.000000, 75.106009
3071.000000, 75.117188
3071.000000, 75.151066
3072.000000, 75.204245
3073.000000, 75.268424
3074.000000, 75.347003
3075.000000, 75.446582
3075.000000, 75.570561
3076.000000, 75.717039
3077.000000, 75.881818
3078.000000, 76.062897
3079.000000, 76.263276
3079.000000, 76.482655
3080.000000, 76.719334
3081.000000, 76.968212
3082.000000, 77.222991
3083.000000, 77.481870
3084.000000, 77.749149
3084.000000, 78.032228
3085.000000, 78.333907
3086.000000, 78.647385
3087.000000, 78.965564
3088.000000, 79.288243
3088.000000, 79.618122
3089.000000, 79.955601
3090.000000, 80.296880
3091.000000, 80.636458
3092.000000, 80.974237
3092.000000, 81.311616
3093.000000, 81.642895
3094.000000, 81.965174
3095.000000, 82.280153
3096.000000, 82.590431
3096.000000, 82.895510
3097.000000, 83.191389
3098.000000, 83.470368
3099.000000, 83.729847
3100.000000, 83.969726
3100.000000, 84.193904
3101.000000, 84.406083
3102.000000, 84.606662
3103.000000, 84.792341
3104.000000, 84.955720
3104.000000, 85.092199
3105.000000, 85.201277
3106.000000, 85.280556
3107.000000, 85.331835
3108.000000, 85.359814
3108.000000, 85.369293
3109.000000, 85.362072
3110.000000, 85.329150
3111.000000, 85.263329
3112.000000, 85.164108
3112.000000, 85.039687
3113.000000, 84.897466
3114.000000, 84.737745
3115.000000, 84.551823
3116.000000, 84.330702
3116.000000, 84.091281
3117.000000, 83.838560
3118.000000, 83.569639
3119.000000, 83.281318
3120.000000, 82.973597
3120.000000, 82.651075
3121.000000, 82.313354
3122.000000, 81.961433
3123.000000, 81.598012
3124.000000, 81.227191
3124.000000, 80.851970
3125.000000, 80.472848
3126.000000, 80.086427
3127.000000, 79.686006
3128.000000, 79.279385
3129.000000, 78.873564
3129.000000, 78.472343
3130.000000, 78.076221
3131.000000, 77.683700
3132.000000, 77.294979
3133.000000, 76.912758
3133.000000, 76.537337
3134.000000, 76.168616
3135.000000, 75.806994
3136.000000, 75.453673
3137.000000, 75.111252
3137.000000, 74.786531
3138.000000, 74.478810
3139.000000, 74.183989
3140.000000, 73.899967
3141.000000, 73.626546
3141.000000, 73.365425
3142.000000, 73.120004
3143.000000, 72.896083
3144.000000, 72.694862
3145.000000, 72.515440
3145.000000, 72.353619
3146.000000, 72.203998
3147.000000, 72.063377
3148.000000, 71.939556
3149.000000, 71.836335
3149.000000, 71.755513
3150.000000, 71.697392
3151.000000, 71.660871
3152.000000, 71.644450
3153.000000, 71.648629
3153.000000, 71.669008
3154.000000, 71.705886
3155.000000, 71.761765
3156.000000, 71.838044
3157.000000, 71.934923
3157.000000, 72.053502
3158.000000, 72.192181
3159.000000, 72.347859
3160.000000, 72.518338
3161.000000, 72.702017
3161.000000, 72.898596
3162.000000, 73.111875
3163.000000, 73.343254
3164.000000, 73.591132
3165.000000, 73.855511
3165.000000, 74.135990
3166.000000, 74.431469
3167.000000, 74.741448
3168.000000, 75.063327
3169.000000, 75.396405
3169.000000, 75.739984
3170.000000, 76.092463
3171.000000, 76.451442
3172.000000, 76.815221
3173.000000, 77.180900
3174.000000, 77.547178
3174.000000, 77.915057
3175.000000, 78.286036
3176.000000, 78.661615
3177.000000, 79.039394
3178.000000, 79.414273
3178.000000, 79.785551
3179.000000, 80.152530
3180.000000, 80.514609
3181.000000, 80.869688
3182.000000, 81.214167
3182.000000, 81.548546
3183.000000, 81.871424
3184.000000, 82.181403
3185.000000, 82.476582
3186.000000, 82.752461
3186.000000, 83.009540
3187.000000, 83.249419
3188.000000, 83.470997
3189.000000, 83.674076
3190.000000, 83.858955
3190.000000, 84.021434
3191.000000, 84.159113
3192.000000, 84.267492
3193.000000, 84.346470
3194.000000, 84.399349
3194.000000, 84.428328
3195.000000, 84.434107
3196.000000, 84.417486
3197.000000, 84.376265
3198.000000, 84.307843
3198.000000, 84.209322
3199.000000, 84.081701
3200.000000, 83.938880
3201.000000, 83.778559
3202.000000, 83.595138
3202.000000, 83.381416
3203.000000, 83.134495
3204.000000, 82.873474
3205.000000, 82.600353
3206.000000, 82.312632
3206.000000, 82.006911
3207.000000, 81.681889
3208.000000, 81.339568
3209.000000, 80.980247
3210.000000, 80.605626
3210.000000, 80.219005
3211.000000, 79.825984
3212.000000, 79.426162
3213.000000, 79.020541
3214.000000, 78.611820
3214.000000, 78.202499
3215.000000, 77.794678
3216.000000, 77.386757
3217.000000, 76.975735
3218.000000, 76.562614
3218.000000, 76.149993
3219.000000, 75.742472
3220.000000, 75.348251
3221.000000, 74.963830
3222.000000, 74.587208
3223.000000, 74.217787
3223.000000, 73.856166
3224.000000, 73.505445
3225.000000, 73.162224
3226.000000, 72.827003
3227.000000, 72.502481
3227.000000, 72.192860
3228.000000, 71.906639
3229.000000, 71.633718
3230.000000, 71.370297
3231.000000, 71.116376
3231.000000, 70.874554
3232.000000, 70.654633
3233.000000, 70.454312
3234.000000, 70.272491
3235.000000, 70.108170
3235.000000, 69.959849
3236.000000, 69.831528
3237.000000, 69.720906
3238.000000, 69.628385
3239.000000, 69.553464
3239.000000, 69.494843
3240.000000, 69.456122
3241.000000, 69.434401
3242.000000, 69.429679
3243.000000, 69.441858
3243.000000, 69.472137
3244.000000, 69.525216
3245.000000, 69.595895
3246.000000, 69.683174
3247.000000, 69.785552
3247.000000, 69.904431
3248.000000, 70.040110
3249.000000, 70.190789
3250.000000, 70.356968
3251.000000, 70.539247
3251.000000, 70.741725
3252.000000, 70.960704
3253.000000, 71.193583
3254.000000, 71.440262
3255.000000, 71.700641
3255.000000, 71.979920
3256.000000, 72.271198
3257.000000, 72.573577
3258.000000, 72.886956
3259.000000, 73.214735
3259.000000, 73.558314
3260.000000, 73.908293
3261.000000, 74.262071
3262.000000, 74.618450
3263.000000, 74.982629
3263.000000, 75.350208
3264.000000, 75.718087
3265.000000, 76.087166
3266.000000, 76.461244
3267.000000, 76.844923
3268.000000, 77.231002
3268.000000, 77.617081
3269.000000, 78.001860
3270.000000, 78.385239
3271.000000, 78.765817
3272.000000, 79.138696
3272.000000, 79.500475
3273.000000, 79.847254
3274.000000, 80.179133
3275.000000, 80.504512
3276.000000, 80.822290
3276.000000, 81.130669
3277.000000, 81.422548
3278.000000, 81.697727
3279.000000, 81.957706
3280.000000, 82.200985
3280.000000, 82.423663
3281.000000, 82.618142
3282.000000, 82.794821
3283.000000, 82.954400
3284.000000, 83.096779
3284.000000, 83.213658
3285.000000, 83.305936
3286.000000, 83.375115
3287.000000, 83.420594
3288.000000, 83.438173
3288.000000, 83.425352
3289.000000, 83.390431
3290.000000, 83.335109
3291.000000, 83.260988
3292.000000, 83.162467
3292.000000, 83.045946
3293.000000, 82.910125
3294.000000, 82.753804
3295.000000, 82.567982
3296.000000, 82.359261
3296.000000, 82.132740
3297.000000, 81.889019
3298.000000, 81.621998
3299.000000, 81.326477
3300.000000, 81.014255
3300.000000, 80.689434
3301.000000, 80.356313
3302.000000, 80.014392
3303.000000, 79.665371
3304.000000, 79.308750
3304.000000, 78.943928
3305.000000, 78.567507
3306.000000, 78.184586
3307.000000, 77.796965
3308.000000, 77.405944
3308.000000, 77.013223
3309.000000, 76.620001
3310.000000, 76.226480
3311.000000, 75.833459
3312.000000, 75.442938
3313.000000, 75.058017
3313.000000, 74.677496
3314.000000, 74.300774
3315.000000, 73.926753
3316.000000, 73.558232
3317.000000, 73.198711
3317.000000, 72.849190
3318.000000, 72.510669
3319.000000, 72.177847
3320.000000, 71.850026
3321.000000, 71.529205
3321.000000, 71.218584
3322.000000, 70.923163
3323.000000, 70.639542
3324.000000, 70.368620
3325.000000, 70.111899
3325.000000, 69.875978
3326.000000, 69.655557
3327.000000, 69.450336
3328.000000, 69.260115
3329.000000, 69.086993
3329.000000, 68.923572
3330.000000, 68.770751
3331.000000, 68.629530
3332.000000, 68.511209
3333.000000, 68.410088
3333.000000, 68.325866
3334.000000, 68.258145
3335.000000, 68.211524
3336.000000, 68.177003
3337.000000, 68.154482
3337.000000, 68.144061
3338.000000, 68.152139
3339.000000, 68.173318
3340.000000, 68.207997
3341.000000, 68.257376
3341.000000, 68.328655
3342.000000, 68.413334
3343.000000, 68.511012
3344.000000, 68.621891
3345.000000, 68.751970
3345.000000, 68.896049
3346.000000, 69.053428
3347.000000, 69.224907
3348.000000, 69.412386
3349.000000, 69.612464
3349.000000, 69.825543
3350.000000, 70.054322
3351.000000, 70.297501
3352.000000, 70.549780
3353.000000, 70.810459
3353.000000, 71.081437
3354.000000, 71.362516
3355.000000, 71.651795
3356.000000, 71.949374
3357.000000, 72.257253
3358.000000, 72.571332
3358.000000, 72.889910
3359.000000, 73.213189
3360.000000, 73.546668
3361.000000, 73.886947
3362.000000, 74.230026
3362.000000, 74.573605
3363.000000, 74.915583
3364.000000, 75.258762
3365.000000, 75.603441
3366.000000, 75.949920
3366.000000, 76.296299
3367.000000, 76.641478
3368.000000, 76.984856
3369.000000, 77.325035
3370.000000, 77.658714
3370.000000, 77.985693
3371.000000, 78.305172
3372.000000, 78.613051
3373.000000, 78.912229
3374.000000, 79.204908
3374.000000, 79.491387
3375.000000, 79.764566
3376.000000, 80.023845
3377.000000, 80.269324
3378.000000, 80.498202
3378.000000, 80.705881
3379.000000, 80.899360
3380.000000, 81.078639
3381.000000, 81.240218
3382.000000, 81.383797
3382.000000, 81.513075
3383.000000, 81.627854
3384.000000, 81.720433
3385.000000, 81.795512
3386.000000, 81.853591
3386.000000, 81.891770
3387.000000, 81.898548
3388.000000, 81.885927
3389.000000, 81.855406
3390.000000, 81.805485
3390.000000, 81.739064
3391.000000, 81.658143
3392.000000, 81.561521
3393.000000, 81.436800
3394.000000, 81.293379
3394.000000, 81.134258
3395.000000, 80.958737
3396.000000, 80.764916
3397.000000, 80.559594
3398.000000, 80.342873
3398.000000, 80.110552
3399.000000, 79.864731
3400.000000, 79.608510
3401.000000, 79.341589
3402.000000, 79.061467
3403.000000, 78.774446
3403.000000, 78.480725
3404.000000, 78.178804
3405.000000, 77.868683
3406.000000, 77.553062
3407.000000, 77.232140
3407.000000, 76.906519
3408.000000, 76.580398
3409.000000, 76.254077
3410.000000, 75.928056
3411.000000, 75.602535
3411.000000, 75.277713
3412.000000, 74.953492
3413.000000, 74.630871
3414.000000, 74.310050
3415.000000, 73.991629
3415.000000, 73.677308
3416.000000, 73.369886
3417.000000, 73.067965
3418.000000, 72.771844
3419.000000, 72.485023
3419.000000, 72.204802
3420.000000, 71.931081
3421.000000, 71.667059
3422.000000, 71.416138
3423.000000, 71.174517
3423.000000, 70.942096
3424.000000, 70.722375
3425.000000, 70.510754
3426.000000, 70.306932
3427.000000, 70.113511
3427.000000, 69.931190
3428.000000, 69.758469
3429.000000, 69.596448
3430.000000, 69.454227
3431.000000, 69.323105
3431.000000, 69.202584
3432.000000, 69.095563
3433.000000, 68.999242
3434.000000, 68.911121
3435.000000, 68.832200
3435.000000, 68.767178
3436.000000, 68.712557
3437.000000, 68.668536
3438.000000, 68.642215
3439.000000, 68.628294
3439.000000, 68.625273
3440.000000, 68.636651
3441.000000, 68.661430
3442.000000, 68.694809
3443.000000, 68.736688
3443.000000, 68.793067
3444.000000, 68.859146
3445.000000, 68.934824
3446.000000, 69.025203
3447.000000, 69.126282
3448.000000, 69.236461
3448.000000, 69.358440
3449.000000, 69.496119
3450.000000, 69.643397
3451.000000, 69.800476
3452.000000, 69.967755
3452.000000, 70.138934
3453.000000, 70.314013
3454.000000, 70.496192
3455.000000, 70.685370
3456.000000, 70.880549
3456.000000, 71.083628
3457.000000, 71.295007
3458.000000, 71.511386
3459.000000, 71.732865
3460.000000, 71.960543
3460.000000, 72.191322
3461.000000, 72.425001
3462.000000, 72.663180
3463.000000, 72.903959
3464.000000, 73.146138
3464.000000, 73.389417
3465.000000, 73.632595
3466.000000, 73.875874
3467.000000, 74.119753
3468.000000, 74.363332
3468.000000, 74.604411
3469.000000, 74.842590
3470.000000, 75.072268
3471.000000, 75.297047
3472.000000, 75.516826
3472.000000, 75.728705
3473.000000, 75.934884
3474.000000, 76.136063
3475.000000, 76.330041
3476.000000, 76.515220
3476.000000, 76.693799
3477.000000, 76.863678
3478.000000, 77.021657
3479.000000, 77.170836
3480.000000, 77.310314
3480.000000, 77.431093
3481.000000, 77.541172
3482.000000, 77.640351
3483.000000, 77.721230
3484.000000, 77.790709
3484.000000, 77.849887
3485.000000, 77.893466
3486.000000, 77.924945
3487.000000, 77.946324
3488.000000, 77.952303
3488.000000, 77.941082
3489.000000, 77.917460
3490.000000, 77.877239
3491.000000, 77.818618
3492.000000, 77.749497
3493.000000, 77.668876
3493.000000, 77.572455
3494.000000, 77.466633
3495.000000, 77.350912
3496.000000, 77.216891
3497.000000, 77.071870
3497.000000, 76.916049
3498.000000, 76.740628
3499.000000, 76.555806
3500.000000, 76.362685
3501.000000, 76.157764
3501.000000, 75.944843
3502.000000, 75.725322
3503.000000, 75.495801
3504.000000, 75.258879
3505.000000, 75.016458
3505.000000, 74.766437
3506.000000, 74.510216
3507.000000, 74.250595
3508.000000, 73.987274
3509.000000, 73.721752
3509.000000, 73.454731
3510.000000, 73.185610
3511.000000, 72.912589
3512.000000, 72.636968
3513.000000, 72.357947
3513.000000, 72.075125
3514.000000, 71.791204
3515.000000, 71.506383
3516.000000, 71.224262
3517.000000, 70.945041
3517.000000, 70.669120
3518.000000, 70.399798
3519.000000, 70.135177
3520.000000, 69.875356
3521.000000, 69.624235
3521.000000, 69.376114
3522.000000, 69.130893
3523.000000, 68.889571
3524.000000, 68.651850
3525.000000, 68.417829
3525.000000, 68.194508
3526.000000, 67.977887
3527.000000, 67.767766
3528.000000, 67.569244
3529.000000, 67.377523
3529.000000, 67.192102
3530.000000, 67.019481
3531.000000, 66.854160
3532.000000, 66.695539
3533.000000, 66.549317
3533.000000, 66.410496
3534.000000, 66.278475
3535.000000, 66.159354
3536.000000, 66.047233
3537.000000, 65.941312
3538.000000, 65.846790
3538.000000, 65.759969
3539.000000, 65.680248
3540.000000, 65.616227
3541.000000, 65.559906
3542.000000, 65.510585
3542.000000, 65.472463
3543.000000, 65.442342
3544.000000, 65.419621
3545.000000, 65.414700
3546.000000, 65.417679
3546.000000, 65.428058
3547.000000, 65.450236
3548.000000, 65.479115
3549.000000, 65.514594
3550.000000, 65.564073
3550.000000, 65.619552
3551.000000, 65.681331
3552.000000, 65.754409
3553.000000, 65.833188
3554.000000, 65.918367
3554.000000, 66.013546
3555.000000, 66.113625
3556.000000, 66.219604
3557.000000, 66.336682
3558.000000, 66.459561
3558.000000, 66.590240
3559.000000, 66.727819
3560.000000, 66.867798
3561.000000, 67.010177
3562.000000, 67.155555
3562.000000, 67.303734
3563.000000, 67.457013
3564.000000, 67.617092
3565.000000, 67.780571
3566.000000, 67.948450
3566.000000, 68.117028
3567.000000, 68.285707
3568.000000, 68.453786
3569.000000, 68.622765
3570.000000, 68.792744
3570.000000, 68.965123
3571.000000, 69.138201
3572.000000, 69.311280
3573.000000, 69.482259
3574.000000, 69.650238
3574.000000, 69.815617
3575.000000, 69.973696
3576.000000, 70.127774
3577.000000, 70.277753
3578.000000, 70.419532
3578.000000, 70.557511
3579.000000, 70.690790
3580.000000, 70.818569
3581.000000, 70.942948
3582.000000, 71.062326
3583.000000, 71.172605
3583.000000, 71.276784
3584.000000, 71.370063
3585.000000, 71.452542
3586.000000, 71.528321
3587.000000, 71.592299
3587.000000, 71.647378
3588.000000, 71.695757
3589.000000, 71.729436
3590.000000, 71.754015
3591.000000, 71.770894
3591.000000, 71.772072
3592.000000, 71.766351
3593.000000, 71.752230
3594.000000, 71.723909
3595.000000, 71.687888
3595.000000, 71.640367
3596.000000, 71.578545
3597.000000, 71.509024
3598.000000, 71.426603
3599.000000, 71.333782
3599.000000, 71.234461
3600.000000, 71.122540
3601.000000, 71.002118
3602.000000, 70.875097
3603.000000, 70.733176
3603.000000, 70.584355
3604.000000, 70.427434
3605.000000, 70.257613
3606.000000, 70.081591
3607.000000, 69.896270
3607.000000, 69.699949
3608.000000, 69.498128
3609.000000, 69.287507
3610.000000, 69.072286
3611.000000, 68.854164
3611.000000, 68.631343
3612.000000, 68.405622
3613.000000, 68.177301
3614.000000, 67.943480
3615.000000, 67.707959
3615.000000, 67.470137
3616.000000, 67.229816
3617.000000, 66.988095
3618.000000, 66.743574
3619.000000, 66.496753
3619.000000, 66.248732
3620.000000, 65.999610
3621.000000, 65.750289
3622.000000, 65.501068
3623.000000, 65.252847
3623.000000, 65.006126
3624.000000, 64.761705
3625.000000, 64.522283
3626.000000, 64.285762
3627.000000, 64.054541
3628.000000, 63.826720
3628.000000, 63.601199
3629.000000, 63.380278
3630.000000, 63.162856
3631.000000, 62.948935
3632.000000, 62.742114
3632.000000, 62.538493
3633.000000, 62.340072
3634.000000, 62.147951
3635.000000, 61.959329
3636.000000, 61.778208
3636.000000, 61.602387
3637.000000, 61.430666
3638.000000, 61.269445
3639.000000, 61.112524
3640.000000, 60.961802
3640.000000, 60.819381
3641.000000, 60.681560
3642.000000, 60.552839
3643.000000, 60.432218
3644.000000, 60.316597
3644.000000, 60.212875
3645.000000, 60.114654
3646.000000, 60.023533
3647.000000, 59.943012
3648.000000, 59.867491
3648.000000, 59.800770
3649.000000, 59.742048
3650.000000, 59.688127
3651.000000, 59.646706
3652.000000, 59.611285
3652.000000, 59.582864
3653.000000, 59.562943
3654.000000, 59.546421
3655.000000, 59.535500
3656.000000, 59.529979
3656.000000, 59.527958
3657.000000, 59.537437
3658.000000, 59.553616
3659.000000, 59.578294
3660.000000, 59.614673
3660.000000, 59.655652
3661.000000, 59.704231
3662.000000, 59.756710
3663.000000, 59.811689
3664.000000, 59.872967
3664.000000, 59.937546
3665.000000, 60.007125
3666.000000, 60.084804
3667.000000, 60.166283
3668.000000, 60.256062
3668.000000, 60.349440
3669.000000, 60.445719
3670.000000, 60.544998
3671.000000, 60.645577
3672.000000, 60.748456
3673.000000, 60.855135
3673.000000, 60.963813
3674.000000, 61.077792
3675.000000, 61.193671
3676.000000, 61.311750
3677.000000, 61.431129
3677.000000, 61.550708
3678.000000, 61.669986
3679.000000, 61.788865
3680.000000, 61.907344
3681.000000, 62.024523
3681.000000, 62.140702
3682.000000, 62.254981
3683.000000, 62.365959
3684.000000, 62.475038
3685.000000, 62.579617
3685.000000, 62.681996
3686.000000, 62.781975
3687.000000, 62.876654
3688.000000, 62.968432
3689.000000, 63.052611
3689.000000, 63.130990
3690.000000, 63.204869
3691.000000, 63.270648
3692.000000, 63.333027
3693.000000, 63.389006
3693.000000, 63.436284
3694.000000, 63.478963
3695.000000, 63.507742
3696.000000, 63.531321
3697.000000, 63.546700
3697.000000, 63.551379
3698.000000, 63.550757
3699.000000, 63.536136
3700.000000, 63.514415
3701.000000, 63.484394
3701.000000, 63.442373
3702.000000, 63.394952
3703.000000, 63.335030
3704.000000, 63.266309
3705.000000, 63.189988
3705.000000, 63.098767
3706.000000, 63.001746
3707.000000, 62.892725
3708.000000, 62.775103
3709.000000, 62.651582
3709.000000, 62.514461
3710.000000, 62.371940
3711.000000, 62.218119
3712.000000, 62.053698
3713.000000, 61.883376
3713.000000, 61.697755
3714.000000, 61.507934
3715.000000, 61.309613
3716.000000, 61.104392
3717.000000, 60.895671
3717.000000, 60.676349
3718.000000, 60.453228
3719.000000, 60.222907
3720.000000, 59.986086
3721.000000, 59.746165
3722.000000, 59.499644
3722.000000, 59.251022
3723.000000, 58.998601
3724.000000, 58.741480
3725.000000, 58.482159
3726.000000, 58.217238
3726.000000, 57.951517
3727.000000, 57.684195
3728.000000, 57.416574
3729.000000, 57.148753
3730.000000, 56.879532
3730.000000, 56.609511
3731.000000, 56.338090
3732.000000, 56.066668
3733.000000, 55.795447
3734.000000, 55.527726
3734.000000, 55.261905
3735.000000, 54.999784
3736.000000, 54.741463
3737.000000, 54.485141
3738.000000, 54.234520
3738.000000, 53.985999
3739.000000, 53.741278
3740.000000, 53.500357
3741.000000, 53.261336
3742.000000, 53.030314
3742.000000, 52.802893
3743.000000, 52.583372
3744.000000, 52.369751
3745.000000, 52.159830
3746.000000, 51.957009
3746.000000, 51.757187
3747.000000, 51.564666
3748.000000, 51.378645
3749.000000, 51.197824
3750.000000, 51.027403
3750.000000, 50.860782
3751.000000, 50.704360
3752.000000, 50.554439
3753.000000, 50.411118
3754.000000, 50.277297
3754.000000, 50.146976
3755.000000, 50.025955
3756.000000, 49.909833
3757.000000, 49.800412
3758.000000, 49.701591
3758.000000, 49.607270
3759.000000, 49.528249
3760.000000, 49.454328
3761.000000, 49.390306
3762.000000, 49.334885
3762.000000, 49.284364
3763.000000, 49.245543
3764.000000, 49.210522
3765.000000, 49.184901
3766.000000, 49.167079
3767.000000, 49.155858
3767.000000, 49.157437
3768.000000, 49.163416
3769.000000, 49.181495
3770.000000, 49.205174
3771.000000, 49.236252
3771.000000, 49.277131
3772.000000, 49.321810
3773.000000, 49.379289
3774.000000, 49.440468
3775.000000, 49.509947
3775.000000, 49.587325
3776.000000, 49.669804
3777.000000, 49.765283
3778.000000, 49.864962
3779.000000, 49.976841
3779.000000, 50.095320
3780.000000, 50.221298
3781.000000, 50.357077
3782.000000, 50.496456
3783.000000, 50.646135
3783.000000, 50.798314
3784.000000, 50.955893
3785.000000, 51.118271
3786.000000, 51.283850
3787.000000, 51.459629
3787.000000, 51.638708
3788.000000, 51.828987
3789.000000, 52.023666
3790.000000, 52.224244
3791.000000, 52.429623
3791.000000, 52.637002
3792.000000, 52.850881
3793.000000, 53.066760
3794.000000, 53.288039
3795.000000, 53.512517
3795.000000, 53.739696
3796.000000, 53.970375
3797.000000, 54.202154
3798.000000, 54.438233
3799.000000, 54.675812
3799.000000, 54.916090
3800.000000, 55.157769
3801.000000, 55.400248
3802.000000, 55.642427
3803.000000, 55.884406
3803.000000, 56.125285
3804.000000, 56.365163
3805.000000, 56.603642
3806.000000, 56.839621
3807.000000, 57.074200
3807.000000, 57.304300
3808.000000, 57.533000
3809.000000, 57.757500
3810.000000, 57.979200
3811.000000, 58.197300
3812.000000, 58.409700
3812.000000, 58.619800
3813.000000, 58.820300
3814.000000, 59.017700
3815.000000, 59.205500
3816.000000, 59.386800
3816.000000, 59.560600
3817.000000, 59.723700
3818.000000, 59.882800
3819.000000, 60.027600
3820.000000, 60.168500
3820.000000, 60.297600
3821.000000, 60.418400
3822.000000, 60.530000
3823.000000, 60.628000
3824.000000, 60.720800
3824.000000, 60.797000
3825.000000, 60.868800
3826.000000, 60.926900
3827.000000, 60.975600
3828.000000, 61.013100
3828.000000, 61.034700
3829.000000, 61.049300
3830.000000, 61.043500
3831.000000, 61.032600
3832.000000, 61.004500
3832.000000, 60.968100
3833.000000, 60.920000
3834.000000, 60.860100
3835.000000, 60.794000
3836.000000, 60.712900
3836.000000, 60.627800
3837.000000, 60.526700
3838.000000, 60.418700
3839.000000, 60.297800
3840.000000, 60.165600
3840.000000, 60.025300
3841.000000, 59.870400
3842.000000, 59.711600
3843.000000, 59.538000
3844.000000, 59.360900
3844.000000, 59.174300
3845.000000, 58.981600
3846.000000, 58.782900
3847.000000, 58.575600
3848.000000, 58.365100
3848.000000, 58.144700
3849.000000, 57.922400
3850.000000, 57.692500
3851.000000, 57.459800
3852.000000, 57.222600
3852.000000, 56.982400
3853.000000, 56.740300
3854.000000, 56.494800
3855.000000, 56.248700
3856.000000, 55.998700
3857.000000, 55.748100
3857.000000, 55.495500
3858.000000, 55.242400
3859.000000, 54.988600
3860.000000, 54.735600
3861.000000, 54.482800
3861.000000, 54.233300
3862.000000, 53.984700
3863.000000, 53.739900
3864.000000, 53.496000
3865.000000, 53.254100
3865.000000, 53.013300
3866.000000, 52.773700
3867.000000, 52.537300
3868.000000, 52.302100
3869.000000, 52.074300
3869.000000, 51.848400
3870.000000, 51.630800
3871.000000, 51.416500
3872.000000, 51.208400
3873.000000, 51.005200
3873.000000, 50.806100
3874.000000, 50.613800
3875.000000, 50.423900
3876.000000, 50.242300
3877.000000, 50.062600
3877.000000, 49.891100
3878.000000, 49.723500
3879.000000, 49.563800
3880.000000, 49.410700
3881.000000, 49.263600
3881.000000, 49.124300
3882.000000, 48.988100
3883.000000, 48.862300
3884.000000, 48.738900
3885.000000, 48.627900
3885.000000, 48.521300
3886.000000, 48.425200
3887.000000, 48.335000
3888.000000, 48.251300
3889.000000, 48.174300
3889.000000, 48.100700
3890.000000, 48.036400
3891.000000, 47.974400
3892.000000, 47.925500
3893.000000, 47.880000
3893.000000, 47.846200
3894.000000, 47.818000
3895.000000, 47.798300
3896.000000, 47.786000
3897.000000, 47.779200
3897.000000, 47.782500
3898.000000, 47.789100
3899.000000, 47.808800
3900.000000, 47.830900
3901.000000, 47.864400
3902.000000, 47.901300
3902.000000, 47.946800
3903.000000, 47.998200
3904.000000, 48.056800
3905.000000, 48.123800
3906.000000, 48.195900
3906.000000, 48.277800
3907.000000, 48.362200
3908.000000, 48.458000
3909.000000, 48.555900
3910.000000, 48.664600
3910.000000, 48.776800
3911.000000, 48.897600
3912.000000, 49.023800
3913.000000, 49.156300
3914.000000, 49.296700
3914.000000, 49.441700
3915.000000, 49.596800
3916.000000, 49.754700
3917.000000, 49.922900
3918.000000, 50.092600
3918.000000, 50.269600
3919.000000, 50.448500
3920.000000, 50.633200
3921.000000, 50.821500
3922.000000, 51.015000
3922.000000, 51.213200
3923.000000, 51.414800
3924.000000, 51.621800
3925.000000, 51.830700
3926.000000, 52.046800
3926.000000, 52.264100
3927.000000, 52.489000
3928.000000, 52.715000
3929.000000, 52.945600
3930.000000, 53.177300
3930.000000, 53.411300
3931.000000, 53.646200
3932.000000, 53.881900
3933.000000, 54.118100
3934.000000, 54.354400
3934.000000, 54.590900
3935.000000, 54.827200
3936.000000, 55.062900
3937.000000, 55.298400
3938.000000, 55.532100
3938.000000, 55.765300
3939.000000, 55.996300
3940.000000, 56.226400
3941.000000, 56.454500
3942.000000, 56.680800
3942.000000, 56.905000
3943.000000, 57.125300
3944.000000, 57.342900
3945.000000, 57.553600
3946.000000, 57.761400
3947.000000, 57.959200
3947.000000, 58.155200
3948.000000, 58.338400
3949.000000, 58.519800
3950.000000, 58.688400
3951.000000, 58.853600
3951.000000, 59.007700
3952.000000, 59.156500
3953.000000, 59.296200
3954.000000, 59.428300
3955.000000, 59.552400
3955.000000, 59.664900
3956.000000, 59.770100
3957.000000, 59.859300
3958.000000, 59.942600
3959.000000, 60.006700
3959.000000, 60.067500
3960.000000, 60.108300
3961.000000, 60.146800
3962.000000, 60.168900
3963.000000, 60.186900
3963.000000, 60.189900
3964.000000, 60.185900
3965.000000, 60.167100
3966.000000, 60.138100
3967.000000, 60.096000
3967.000000, 60.041400
3968.000000, 59.976400
3969.000000, 59.897400
3970.000000, 59.811100
3971.000000, 59.709600
3971.000000, 59.603600
3972.000000, 59.480300
3973.000000, 59.354700
3974.000000, 59.209200
3975.000000, 59.061800
3975.000000, 58.897000
3976.000000, 58.729100
3977.000000, 58.547300
3978.000000, 58.360500
3979.000000, 58.161500
3979.000000, 57.956100
3980.000000, 57.740700
3981.000000, 57.518700
3982.000000, 57.289900
3983.000000, 57.054700
3983.000000, 56.814900
3984.000000, 56.568300
3985.000000, 56.318600
3986.000000, 56.061800
3987.000000, 55.803000
3987.000000, 55.536800
3988.000000, 55.269600
3989.000000, 54.994800
3990.000000, 54.719400
3991.000000, 54.438100
3992.000000, 54.156400
3992.000000, 53.871800
3993.000000, 53.587100
3994.000000, 53.302100
3995.000000, 53.017500
3996.000000, 52.733400
3996.000000, 52.449500
3997.000000, 52.166000
3998.000000, 51.882400
3999.000000, 51.598800
4000.000000, 51.315800
4000.000000, 51.033400
4001.000000, 50.753500
4002.000000, 50.474900
4003.000000, 50.200000
4004.000000, 49.926600
4004.000000, 49.657100
4005.000000, 49.388800
4006.000000, 49.126000
4007.000000, 48.864100
4008.000000, 48.610300
4008.000000, 48.357300
4009.000000, 48.113300
4010.000000, 47.870100
4011.000000, 47.634000
4012.000000, 47.399100
4012.000000, 47.169300
4013.000000, 46.941300
4014.000000, 46.718800
4015.000000, 46.499300
4016.000000, 46.286700
4016.000000, 46.078100
4017.000000, 45.876400
4018.000000, 45.679000
4019.000000, 45.487600
4020.000000, 45.301300
4020.000000, 45.120400
4021.000000, 44.945300
4022.000000, 44.775200
4023.000000, 44.611600
4024.000000, 44.452500
4024.000000, 44.301100
4025.000000, 44.153700
4026.000000, 44.014700
4027.000000, 43.879000
4028.000000, 43.751900
4028.000000, 43.627400
4029.000000, 43.511700
4030.000000, 43.398100
4031.000000, 43.293600
4032.000000, 43.190600
4032.000000, 43.097200
4033.000000, 43.004600
4034.000000, 42.922700
4035.000000, 42.841300
4036.000000, 42.771800
4037.000000, 42.703100
4037.000000, 42.645500
4038.000000, 42.589100
4039.000000, 42.542300
4040.000000, 42.496900
4041.000000, 42.459900
4041.000000, 42.424800
4042.000000, 42.398100
4043.000000, 42.373800
4044.000000, 42.357700
4045.000000, 42.344500
4045.000000, 42.339300
4046.000000, 42.337400
4047.000000, 42.343400
4048.000000, 42.353000
4049.000000, 42.369600
4049.000000, 42.389700
4050.000000, 42.415800
4051.000000, 42.445400
4052.000000, 42.480300
4053.000000, 42.518900
4053.000000, 42.562400
4054.000000, 42.609900
4055.000000, 42.662000
4056.000000, 42.718300
4057.000000, 42.779000
4057.000000, 42.844300
4058.000000, 42.914000
4059.000000, 42.988600
4060.000000, 43.067500
4061.000000, 43.151200
4061.000000, 43.238700
4062.000000, 43.330400
4063.000000, 43.425200
4064.000000, 43.523800
4065.000000, 43.625100
4065.000000, 43.729800
4066.000000, 43.836800
4067.000000, 43.946900
4068.000000, 44.058800
4069.000000, 44.173200
4069.000000, 44.289100
4070.000000, 44.407300
4071.000000, 44.526600
4072.000000, 44.648000
4073.000000, 44.770300
4073.000000, 44.894700
4074.000000, 45.020100
4075.000000, 45.147800
4076.000000, 45.276700
4077.000000, 45.407300
4077.000000, 45.538600
4078.000000, 45.670100
4079.000000, 45.801800
4080.000000, 45.932500
4081.000000, 46.062900
4082.000000, 46.191700
4082.000000, 46.319900
4083.000000, 46.445700
4084.000000, 46.570500
4085.000000, 46.692800
4086.000000, 46.813900
4086.000000, 46.932500
4087.000000, 47.049800
4088.000000, 47.163200
4089.000000, 47.274900
4090.000000, 47.380800
4090.000000, 47.484000
4091.000000, 47.581600
4092.000000, 47.676400
4093.000000, 47.766500
4094.000000, 47.854000
4094.000000, 47.935900
4095.000000, 48.014900
4096.000000, 48.086900
4097.000000, 48.155100
4098.000000, 48.216100
4098.000000, 48.272800
4099.000000, 48.322100
4100.000000, 48.366500
4101.000000, 48.402300
4102.000000, 48.432200
4102.000000, 48.453400
4103.000000, 48.468200
4104.000000, 48.475200
4105.000000, 48.476200
4106.000000, 48.470000
4106.000000, 48.457700
4107.000000, 48.437800
4108.000000, 48.410700
4109.000000, 48.376100
4110.000000, 48.333500
4110.000000, 48.283900
4111.000000, 48.226100
4112.000000, 48.161900
4113.000000, 48.089500
4114.000000, 48.010900
4114.000000, 47.923300
4115.000000, 47.829800
4116.000000, 47.726300
4117.000000, 47.617600
4118.000000, 47.499000
4118.000000, 47.376500
4119.000000, 47.245000
4120.000000, 47.110300
4121.000000, 46.966300
4122.000000, 46.819300
4122.000000, 46.661900
4123.000000, 46.502100
4124.000000, 46.331900
4125.000000, 46.160300
4126.000000, 45.980400
4127.000000, 45.799600
4127.000000, 45.611600
4128.000000, 45.423200
4129.000000, 45.226800
4130.000000, 45.030300
4131.000000, 44.826100
4131.000000, 44.621800
4132.000000, 44.412200
4133.000000, 44.202500
4134.000000, 43.987800
4135.000000, 43.772800
4135.000000, 43.551600
4136.000000, 43.329400
4137.000000, 43.102000
4138.000000, 42.873400
4139.000000, 42.643100
4139.000000, 42.412200
4140.000000, 42.182400
4141.000000, 41.953000
4142.000000, 41.725000
4143.000000, 41.497700
4143.000000, 41.271300
4144.000000, 41.045500
4145.000000, 40.820400
4146.000000, 40.595900
4147.000000, 40.372300
4147.000000, 40.149700
4148.000000, 39.928400
4149.000000, 39.708700
4150.000000, 39.490200
4151.000000, 39.273800
4151.000000, 39.058600
4152.000000, 38.846400
4153.000000, 38.635200
4154.000000, 38.428000
4155.000000, 38.221600
4155.000000, 38.019800
4156.000000, 37.818400
4157.000000, 37.622400
4158.000000, 37.426500
4159.000000, 37.237100
4159.000000, 37.048000
4160.000000, 36.865100
4161.000000, 36.682900
4162.000000, 36.506600
4163.000000, 36.331600
4163.000000, 36.162400
4164.000000, 35.995300
4165.000000, 35.833900
4166.000000, 35.675300
4167.000000, 35.521500
4167.000000, 35.371000
4168.000000, 35.224000
4169.000000, 35.080500
4170.000000, 34.940000
4171.000000, 34.803600
4172.000000, 34.670000
4172.000000, 34.541900
4173.000000, 34.416000
4174.000000, 34.297100
4175.000000, 34.179500
4176.000000, 34.069500
4176.000000, 33.960000
4177.000000, 33.858600
4178.000000, 33.757100
4179.000000, 33.664000
4180.000000, 33.571300
4180.000000, 33.487100
4181.000000, 33.404200
4182.000000, 33.329500
4183.000000, 33.257200
4184.000000, 33.191800
4184.000000, 33.129900
4185.000000, 33.073600
4186.000000, 33.021700
4187.000000, 32.975300
4188.000000, 32.935400
4188.000000, 32.901100
4189.000000, 32.876800
4190.000000, 32.857300
4191.000000, 32.852100
4192.000000, 32.849900
4192.000000, 32.865400
4193.000000, 32.881700
4194.000000, 32.917500
4195.000000, 32.953300
4196.000000, 33.006000
4196.000000, 33.060200
4197.000000, 33.127100
4198.000000, 33.196900
4199.000000, 33.275400
4200.000000, 33.357600
4200.000000, 33.446400
4201.000000, 33.539800
4202.000000, 33.638800
4203.000000, 33.744200
4204.000000, 33.853800
4204.000000, 33.971700
4205.000000, 34.092400
4206.000000, 34.223400
4207.000000, 34.355900
4208.000000, 34.502500
4208.000000, 34.649000
4209.000000, 34.813000
4210.000000, 34.977300
4211.000000, 35.157400
4212.000000, 35.340300
4212.000000, 35.534000
4213.000000, 35.731900
4214.000000, 35.934300
4215.000000, 36.139800
4216.000000, 36.347100
4216.000000, 36.556400
4217.000000, 36.768600
4218.000000, 36.987200
4219.000000, 37.207900
4220.000000, 37.438700
4221.000000, 37.669500
4221.000000, 37.901600
4222.000000, 38.133700
4223.000000, 38.355600
4224.000000, 38.576400
4225.000000, 38.788200
4225.000000, 38.997100
4226.000000, 39.200600
4227.000000, 39.400800
4228.000000, 39.595300
4229.000000, 39.783700
4229.000000, 39.965200
4230.000000, 40.133400
4231.000000, 40.296500
4232.000000, 40.437800
4233.000000, 40.578300
4233.000000, 40.698000
4234.000000, 40.817700
4235.000000, 40.915400
4236.000000, 41.010300
4237.000000, 41.073900
4237.000000, 41.126200
4238.000000, 41.155600
4239.000000, 41.168500
4240.000000, 41.166600
4241.000000, 41.144900
4241.000000, 41.106300
4242.000000, 41.021700
4243.000000, 40.929600
4244.000000, 40.774800
4245.000000, 40.620100
4245.000000, 40.442700
4246.000000, 40.264000
4247.000000, 40.090700
4248.000000, 39.918900
4249.000000, 39.736800
4249.000000, 39.548300
4250.000000, 39.343800
4251.000000, 39.119700
4252.000000, 38.889600
4253.000000, 38.643900
4253.000000, 38.400700
4254.000000, 38.176100
4255.000000, 37.951700
4256.000000, 37.807800
4257.000000, 37.669200
4257.000000, 37.629200
4258.000000, 37.619600
4259.000000, 37.677500
4260.000000, 37.782600
4261.000000, 37.903400
4261.000000, 38.046900
4262.000000, 38.179000
4263.000000, 38.273100
4264.000000, 38.362800
4265.000000, 38.371600
4266.000000, 38.380400
4266.000000, 38.323200
4267.000000, 38.256000
4268.000000, 38.149400
4269.000000, 38.024600
4270.000000, 37.874700
4270.000000, 37.699300
4271.000000, 37.510500
4272.000000, 37.291100
4273.000000, 37.070300
4274.000000, 36.838300
4274.000000, 36.606400
4275.000000, 36.408000
4276.000000, 36.212300
4277.000000, 36.048300
4278.000000, 35.896000
4278.000000, 35.741100
4279.000000, 35.584000
4280.000000, 35.416700
4281.000000, 35.229200
4282.000000, 35.040900
4282.000000, 34.846500
4283.000000, 34.652200
4284.000000, 34.460800
4285.000000, 34.269600
4286.000000, 34.072800
4286.000000, 33.873900
4287.000000, 33.667300
4288.000000, 33.454000
4289.000000, 33.235100
4290.000000, 33.004500
4290.000000, 32.772100
4291.000000, 32.525500
4292.000000, 32.278900
4293.000000, 32.023100
4294.000000, 31.766300
4294.000000, 31.504800
4295.000000, 31.241100
4296.000000, 30.975000
4297.000000, 30.706300
4298.000000, 30.437900
4298.000000, 30.170000
4299.000000, 29.902500
4300.000000, 29.639400
4301.000000, 29.376400
4302.000000, 29.113300
4302.000000, 28.850300
4303.000000, 28.584900
4304.000000, 28.318000
4305.000000, 28.050200
4306.000000, 27.780700
4306.000000, 27.510700
4307.000000, 27.237900
4308.000000, 26.965200
4309.000000, 26.690000
4310.000000, 26.414600
4311.000000, 26.140600
4311.000000, 25.867200
4312.000000, 25.596800
4313.000000, 25.330000
4314.000000, 25.065600
4315.000000, 24.808900
4315.000000, 24.552400
4316.000000, 24.309000
4317.000000, 24.065700
4318.000000, 23.835300
4319.000000, 23.608900
4319.000000, 23.391200
4320.000000, 23.181300
4321.000000, 22.974800
4322.000000, 22.776100
4323.000000, 22.577900
4323.000000, 22.386000
4324.000000, 22.194200
4325.000000, 22.004200
4326.000000, 21.814600
4327.000000, 21.624900
4327.000000, 21.435000
4328.000000, 21.245300
4329.000000, 21.056100
4330.000000, 20.867200
4331.000000, 20.681600
4331.000000, 20.496100
4332.000000, 20.315500
4333.000000, 20.136000
4334.000000, 19.959900
4335.000000, 19.786500
4335.000000, 19.615100
4336.000000, 19.448300
4337.000000, 19.282100
4338.000000, 19.125200
4339.000000, 18.968300
4339.000000, 18.821800
4340.000000, 18.677900
4341.000000, 18.541000
4342.000000, 18.410300
4343.000000, 18.281900
4343.000000, 18.160100
4344.000000, 18.038400
4345.000000, 17.919500
4346.000000, 17.800600
4347.000000, 17.682400
4347.000000, 17.564500
4348.000000, 17.449000
4349.000000, 17.336300
4350.000000, 17.225100
4351.000000, 17.120200
4351.000000, 17.015200
4352.000000, 16.915600
4353.000000, 16.816400
4354.000000, 16.720000
4355.000000, 16.625300
4356.000000, 16.532800
4356.000000, 16.443900
4357.000000, 16.355700
4358.000000, 16.273400
4359.000000, 16.191100
4360.000000, 16.112400
4360.000000, 16.034600
4361.000000, 15.958600
4362.000000, 15.884100
4363.000000, 15.811100
4364.000000, 15.742000
4364.000000, 15.672900
4365.000000, 15.609800
4366.000000, 15.546800
4367.000000, 15.487300
4368.000000, 15.429300
4368.000000, 15.372800
4369.000000, 15.318600
4370.000000, 15.264800
4371.000000, 15.214300
4372.000000, 15.163900
4372.000000, 15.116300
4373.000000, 15.069300
4374.000000, 15.024500
4375.000000, 14.981800
4376.000000, 14.940300
4376.000000, 14.903400
4377.000000, 14.866500
4378.000000, 14.835500
4379.000000, 14.805000
4380.000000, 14.777900
4380.000000, 14.753000
4381.000000, 14.729700
4382.000000, 14.709700
4383.000000, 14.689900
4384.000000, 14.674100
4384.000000, 14.658400
4385.000000, 14.644400
4386.000000, 14.631200
4387.000000, 14.618700
4388.000000, 14.607100
4388.000000, 14.595800
4389.000000, 14.587100
4390.000000, 14.578300
4391.000000, 14.572200
4392.000000, 14.566800
4392.000000, 14.562600
4393.000000, 14.559600
4394.000000, 14.556900
4395.000000, 14.555900
4396.000000, 14.555000
4396.000000, 14.556700
4397.000000, 14.558900
4398.000000, 14.562900
4399.000000, 14.568700
4400.000000, 14.575000
4401.000000, 14.583400
4401.000000, 14.591700
4402.000000, 14.600600
4403.000000, 14.609600
4404.000000, 14.618600
4405.000000, 14.627700
4405.000000, 14.636900
4406.000000, 14.647300
4407.000000, 14.657600
4408.000000, 14.670700
4409.000000, 14.684200
4409.000000, 14.699600
4410.000000, 14.716500
4411.000000, 14.733600
4412.000000, 14.751800
4413.000000, 14.769900
4413.000000, 14.787300
4414.000000, 14.804600
4415.000000, 14.821900
4416.000000, 14.839100
4417.000000, 14.856800
4417.000000, 14.876500
4418.000000, 14.896100
4419.000000, 14.917900
4420.000000, 14.940100
4421.000000, 14.962600
4421.000000, 14.985400
4422.000000, 15.008100
4423.000000, 15.030700
4424.000000, 15.053300
4425.000000, 15.076000
4425.000000, 15.098900
4426.000000, 15.122000
4427.000000, 15.145400
4428.000000, 15.168900
4429.000000, 15.193100
4429.000000, 15.217300
4430.000000, 15.242600
4431.000000, 15.268200
4432.000000, 15.294700
4433.000000, 15.322700
4433.000000, 15.350600
4434.000000, 15.379200
4435.000000, 15.407700
4436.000000, 15.434500
4437.000000, 15.460400
4437.000000, 15.485500
4438.000000, 15.509000
4439.000000, 15.532500
4440.000000, 15.557300
4441.000000, 15.582100
4441.000000, 15.608500
4442.000000, 15.636100
4443.000000, 15.664000
4444.000000, 15.692800
4445.000000, 15.721500
4446.000000, 15.750200
4446.000000, 15.778900
4447.000000, 15.807300
4448.000000, 15.835500
4449.000000, 15.863700
4450.000000, 15.891400
4450.000000, 15.919200
4451.000000, 15.946600
4452.000000, 15.973800
4453.000000, 16.000900
4454.000000, 16.027600
4454.000000, 16.054300
4455.000000, 16.080900
4456.000000, 16.107500
4457.000000, 16.134700
4458.000000, 16.162200
4458.000000, 16.190000
4459.000000, 16.218900
4460.000000, 16.247900
4461.000000, 16.277500
4462.000000, 16.307200
4462.000000, 16.336900
4463.000000, 16.366400
4464.000000, 16.395900
4465.000000, 16.425400
4466.000000, 16.454800
4466.000000, 16.484900
4467.000000, 16.515200
4468.000000, 16.545500
4469.000000, 16.576200
4470.000000, 16.606800
4470.000000, 16.637100
4471.000000, 16.667200
4472.000000, 16.697200
4473.000000, 16.727000
4474.000000, 16.756800
4474.000000, 16.786500
4475.000000, 16.816200
4476.000000, 16.846100
4477.000000, 16.876100
4478.000000, 16.906400
4478.000000, 16.937200
4479.000000, 16.967900
4480.000000, 16.999400
4481.000000, 17.031000
4482.000000, 17.063100
4482.000000, 17.095800
4483.000000, 17.128500
4484.000000, 17.162600
4485.000000, 17.196800
4486.000000, 17.231200
4486.000000, 17.265800
4487.000000, 17.300200
4488.000000, 17.334200
4489.000000, 17.368100
4490.000000, 17.402300
4491.000000, 17.436700
4491.000000, 17.471400
4492.000000, 17.506800
4493.000000, 17.542200
4494.000000, 17.577700
4495.000000, 17.613100
4495.000000, 17.648500
4496.000000, 17.683800
4497.000000, 17.719200
4498.000000, 17.755500
4499.000000, 17.791800
4499.000000, 17.828700
4500.000000, 17.865800
4501.000000, 17.902900
4502.000000, 17.939700
4503.000000, 17.976500
4503.000000, 18.013300
4504.000000, 18.050000
4505.000000, 18.087000
4506.000000, 18.124800
4507.000000, 18.162500
4507.000000, 18.201200
4508.000000, 18.239900
4509.000000, 18.278600
4510.000000, 18.317300
4511.000000, 18.355900
4511.000000, 18.394100
4512.000000, 18.432300
4513.000000, 18.470800
4514.000000, 18.509600
4515.000000, 18.548500
4515.000000, 18.588300
4516.000000, 18.628200
4517.000000, 18.668500
4518.000000, 18.709000
4519.000000, 18.749500
4519.000000, 18.789900
4520.000000, 18.830300
4521.000000, 18.870800
4522.000000, 18.911200
4523.000000, 18.951900
4523.000000, 18.992800
4524.000000, 19.033800
4525.000000, 19.074600
4526.000000, 19.115400
4527.000000, 19.155700
4527.000000, 19.195500
4528.000000, 19.235300
4529.000000, 19.274600
4530.000000, 19.313800
4531.000000, 19.353000
4531.000000, 19.392200
4532.000000, 19.431300
4533.000000, 19.469900
4534.000000, 19.508500
4535.000000, 19.546700
4536.000000, 19.584800
4536.000000, 19.622900
4537.000000, 19.660900
4538.000000, 19.699000
4539.000000, 19.737000
4540.000000, 19.774900
4540.000000, 19.812700
4541.000000, 19.850200
4542.000000, 19.887700
4543.000000, 19.925200
4544.000000, 19.962600
4544.000000, 19.999800
4545.000000, 20.036500
4546.000000, 20.073100
4547.000000, 20.108000
4548.000000, 20.142300
4548.000000, 20.175800
4549.000000, 20.207200
4550.000000, 20.238500
4551.000000, 20.268500
4552.000000, 20.298200
4552.000000, 20.327800
4553.000000, 20.357500
4554.000000, 20.387200
4555.000000, 20.416900
4556.000000, 20.446600
4556.000000, 20.475900
4557.000000, 20.504400
4558.000000, 20.532800
4559.000000, 20.559600
4560.000000, 20.585800
4560.000000, 20.611400
4561.000000, 20.635500
4562.000000, 20.659600
4563.000000, 20.682300
4564.000000, 20.704600
4564.000000, 20.726400
4565.000000, 20.747100
4566.000000, 20.767700
4567.000000, 20.786700
4568.000000, 20.805200
4568.000000, 20.822800
4569.000000, 20.838300
4570.000000, 20.853800
4571.000000, 20.867100
4572.000000, 20.880000
4572.000000, 20.892400
4573.000000, 20.903800
4574.000000, 20.915300
4575.000000, 20.926000
4576.000000, 20.936400
4576.000000, 20.946400
4577.000000, 20.955000
4578.000000, 20.963600
4579.000000, 20.970100
4580.000000, 20.975900
4581.000000, 20.980900
4581.000000, 20.983600
4582.000000, 20.986200
4583.000000, 20.986600
4584.000000, 20.986200
4585.000000, 20.985300
4585.000000, 20.982600
4586.000000, 20.980000
4587.000000, 20.976100
4588.000000, 20.971700
4589.000000, 20.966900
4589.000000, 20.959900
4590.000000, 20.953000
4591.000000, 20.943800
4592.000000, 20.933400
4593.000000, 20.922700
4593.000000, 20.909100
4594.000000, 20.895500
4595.000000, 20.880700
4596.000000, 20.864900
4597.000000, 20.849000
4597.000000, 20.831100
4598.000000, 20.813100
4599.000000, 20.793800
4600.000000, 20.773100
4601.000000, 20.752300
4601.000000, 20.728500
4602.000000, 20.704600
4603.000000, 20.679200
4604.000000, 20.651900
4605.000000, 20.624500
4605.000000, 20.594800
4606.000000, 20.564700
4607.000000, 20.534000
4608.000000, 20.502000
4609.000000, 20.470000
4609.000000, 20.436100
4610.000000, 20.401700
4611.000000, 20.366700
4612.000000, 20.329200
4613.000000, 20.291800
4613.000000, 20.252700
4614.000000, 20.212800
4615.000000, 20.172600
4616.000000, 20.130900
4617.000000, 20.089300
4617.000000, 20.046500
4618.000000, 20.002900
4619.000000, 19.959300
4620.000000, 19.912800
4621.000000, 19.866400
4621.000000, 19.818400
4622.000000, 19.768500
4623.000000, 19.718600
4624.000000, 19.666100
4625.000000, 19.613300
4626.000000, 19.559800
4626.000000, 19.504800
4627.000000, 19.449800
4628.000000, 19.393300
4629.000000, 19.336400
4630.000000, 19.279200
4630.000000, 19.220200
4631.000000, 19.161300
4632.000000, 19.100900
4633.000000, 19.039500
4634.000000, 18.978200
4634.000000, 18.914100
4635.000000, 18.850000
4636.000000, 18.785000
4637.000000, 18.718600
4638.000000, 18.652300
4638.000000, 18.584700
4639.000000, 18.516900
4640.000000, 18.448700
4641.000000, 18.379400
4642.000000, 18.310100
4642.000000, 18.239700
4643.000000, 18.168800
4644.000000, 18.097900
4645.000000, 18.025700
4646.000000, 17.953600
4646.000000, 17.880600
4647.000000, 17.806800
4648.000000, 17.733000
4649.000000, 17.657200
4650.000000, 17.581200
4650.000000, 17.504500
4651.000000, 17.426500
4652.000000, 17.348500
4653.000000, 17.269200
4654.000000, 17.189400
4654.000000, 17.109300
4655.000000, 17.027900
4656.000000, 16.946400
4657.000000, 16.864300
4658.000000, 16.781500
4658.000000, 16.698800
4659.000000, 16.614600
4660.000000, 16.530400
4661.000000, 16.445500
4662.000000, 16.359500
4662.000000, 16.273500
4663.000000, 16.186400
4664.000000, 16.098800
4665.000000, 16.011200
4666.000000, 15.922400
4666.000000, 15.833600
4667.000000, 15.744300
4668.000000, 15.654300
4669.000000, 15.564400
4670.000000, 15.472700
4671.000000, 15.380800
4671.000000, 15.288100
4672.000000, 15.193200
4673.000000, 15.098300
4674.000000, 15.001800
4675.000000, 14.904400
4675.000000, 14.806900
4676.000000, 14.708900
4677.000000, 14.611000
4678.000000, 14.513100
4679.000000, 14.415200
4679.000000, 14.317400
4680.000000, 14.218500
4681.000000, 14.119300
4682.000000, 14.019900
4683.000000, 13.918500
4683.000000, 13.817100
4684.000000, 13.714900
4685.000000, 13.611900
4686.000000, 13.508800
4687.000000, 13.404900
4687.000000, 13.300800
4688.000000, 13.196500
4689.000000, 13.091500
4690.000000, 12.986500
4691.000000, 12.880600
4691.000000, 12.774000
4692.000000, 12.667500
4693.000000, 12.559000
4694.000000, 12.450500
4695.000000, 12.341500
4695.000000, 12.231600
4696.000000, 12.121800
4697.000000, 12.011400
4698.000000, 11.900900
4699.000000, 11.790300
4699.000000, 11.678400
4700.000000, 11.566600
4701.000000, 11.454100
4702.000000, 11.340500
4703.000000, 11.227000
4703.000000, 11.112700
4704.000000, 10.998000
4705.000000, 10.883300
4706.000000, 10.767400
4707.000000, 10.651600
4707.000000, 10.535300
4708.000000, 10.418100
4709.000000, 10.300900
4710.000000, 10.183200
4711.000000, 10.065300
4711.000000, 9.947470
4712.000000, 9.829260
4713.000000, 9.711090
4714.000000, 9.592550
4715.000000, 9.473450
4715.000000, 9.354390
4716.000000, 9.234060
4717.000000, 9.113310
4718.000000, 8.992520
4719.000000, 8.870710
4720.000000, 8.748950
4720.000000, 8.627560
4721.000000, 8.506700
4722.000000, 8.385880
4723.000000, 8.266360
4724.000000, 8.147360
4724.000000, 8.028420
4725.000000, 7.909720
4726.000000, 7.791070
4727.000000, 7.671910
4728.000000, 7.551820
4728.000000, 7.431780
4729.000000, 7.310990
4730.000000, 7.189890
4731.000000, 7.068830
4732.000000, 6.947970
4732.000000, 6.827150
4733.000000, 6.706620
4734.000000, 6.586680
4735.000000, 6.466790
4736.000000, 6.347720
4736.000000, 6.229170
4737.000000, 6.110670
4738.000000, 5.993760
4739.000000, 5.877020
4740.000000, 5.760750
4740.000000, 5.645910
4741.000000, 5.531120
4742.000000, 5.417400
4743.000000, 5.304600
4744.000000, 5.191840
4744.000000, 5.081030
4745.000000, 4.970630
4746.000000, 4.860680
4747.000000, 4.753370
4748.000000, 4.646100
4748.000000, 4.540170
4749.000000, 4.436020
4750.000000, 4.331900
4751.000000, 4.229140
4752.000000, 4.126910
4752.000000, 4.024740
4753.000000, 3.923890
4754.000000, 3.823070
4755.000000, 3.723110
4756.000000, 3.625110
4756.000000, 3.527150
4757.000000, 3.431730
4758.000000, 3.338120
4759.000000, 3.244540
4760.000000, 3.154800
4760.000000, 3.065670
4761.000000, 2.977150
4762.000000, 2.891940
4763.000000, 2.806760
4764.000000, 2.723120
4765.000000, 2.641510
4765.000000, 2.559930
4766.000000, 2.480990
4767.000000, 2.403170
4768.000000, 2.325380
4769.000000, 2.251890
4769.000000, 2.178530
4770.000000, 2.106350
4771.000000, 2.037720
4772.000000, 1.969110
4773.000000, 1.902740
4773.000000, 1.838490
4774.000000, 1.774260
4775.000000, 1.712870
4776.000000, 1.652300
4777.000000, 1.591880
4777.000000, 1.534530
4778.000000, 1.477190
4779.000000, 1.420860
4780.000000, 1.366820
4781.000000, 1.312800
4781.000000, 1.260750
4782.000000, 1.210240
4783.000000, 1.159760
4784.000000, 1.112670
4785.000000, 1.066370
4785.000000, 1.020410
4786.000000, 0.978990
4787.000000, 0.937582
4788.000000, 0.897591
4789.000000, 0.860603
4789.000000, 0.823628
4790.000000, 0.788518
4791.000000, 0.754835
4792.000000, 0.721163
4793.000000, 0.689552
4793.000000, 0.658426
4794.000000, 0.627439
4795.000000, 0.598677
4796.000000, 0.569926
4797.000000, 0.541956
4797.000000, 0.515841
4798.000000, 0.489735
4799.000000, 0.465174
4800.000000, 0.441967
4801.000000, 0.418769
4801.000000, 0.397772
4802.000000, 0.377445
4803.000000, 0.357126
4804.000000, 0.339386
4805.000000, 0.321652
4805.000000, 0.304372
4806.000000, 0.288596
4807.000000, 0.272826
4808.000000, 0.257642
4809.000000, 0.243153
4810.000000, 0.228668
4810.000000, 0.215031
4811.000000, 0.201791
4812.000000, 0.188555
4813.000000, 0.177056
4814.000000, 0.165745
4814.000000, 0.154728
4815.000000, 0.145768
4816.000000, 0.136811
4817.000000, 0.128514
4818.000000, 0.121489
4818.000000, 0.114467
4819.000000, 0.108033
4820.000000, 0.102070
4821.000000, 0.096109
4822.000000, 0.090481
4822.000000, 0.084956
4823.000000, 0.079432
4824.000000, 0.074428
4825.000000, 0.069439
4826.000000, 0.064614
4826.000000, 0.060520
4827.000000, 0.056427
4828.000000, 0.052731
4829.000000, 0.049664
4830.000000, 0.046598
4830.000000, 0.044222
4831.000000, 0.042331
4832.000000, 0.040440
4833.000000, 0.039405
4834.000000, 0.038601
4834.000000, 0.037798
4835.000000, 0.037246
4836.000000, 0.036699
4837.000000, 0.036036
4838.000000, 0.034836
4838.000000, 0.033635
4839.000000, 0.032094
4840.000000, 0.029965
4841.000000, 0.027837
4842.000000, 0.025256
4842.000000, 0.022312
4843.000000, 0.019369
4844.000000, 0.016171
4845.000000, 0.012885
4846.000000, 0.009599
4846.000000, 0.006950
4847.000000, 0.004353
4848.000000, 0.001954
4849.000000, 0.001235
4850.000000, 0.000517
4850.000000, 0.000112
4851.000000, 0.000503
4852.000000, 0.000895
4853.000000, 0.001707
4854.000000, 0.003019
4855.000000, 0.004330
4855.000000, 0.005505
4856.000000, 0.006601
4857.000000, 0.007696
4858.000000, 0.008286
4859.000000, 0.008748
4859.000000, 0.009211
4860.000000, 0.009237
4861.000000, 0.009249
4862.000000, 0.009244
4863.000000, 0.009139
4863.000000, 0.009033
4864.000000, 0.008947
4865.000000, 0.008907
4866.000000, 0.008867
4867.000000, 0.008941
4867.000000, 0.009153
4868.000000, 0.009365
4869.000000, 0.009676
4870.000000, 0.010049
4871.000000, 0.010423
4871.000000, 0.010424
4872.000000, 0.010310
4873.000000, 0.010196
4874.000000, 0.009455
4875.000000, 0.008655
4875.000000, 0.007874
4876.000000, 0.007376
4877.000000, 0.006879
4878.000000, 0.006577
4879.000000, 0.007017
4879.000000, 0.007456
4880.000000, 0.007927
4881.000000, 0.008454
4882.000000, 0.008981
4883.000000, 0.009105
4883.000000, 0.008812
4884.000000, 0.008519
4885.000000, 0.007861
4886.000000, 0.006988
4887.000000, 0.006116
4887.000000, 0.005390
4888.000000, 0.004710
4889.000000, 0.004030
4890.000000, 0.004152
4891.000000, 0.004366
4891.000000, 0.004603
4892.000000, 0.005679
4893.000000, 0.006755
4894.000000, 0.007766
4895.000000, 0.008425
4895.000000, 0.009084
4896.000000, 0.009397
4897.000000, 0.008817
4898.000000, 0.008237
4899.000000, 0.007523
4900.000000, 0.006609
4900.000000, 0.005694
4901.000000, 0.005087
4902.000000, 0.004765
4903.000000, 0.004443
4904.000000, 0.004508
4904.000000, 0.004795
4905.000000, 0.005083
4906.000000, 0.005678
4907.000000, 0.006377
4908.000000, 0.007075
4908.000000, 0.007599
4909.000000, 0.008093
4910.000000, 0.008587
4911.000000, 0.008435
4912.000000, 0.008262
4912.000000, 0.008080
4913.000000, 0.007800
4914.000000, 0.007521
4915.000000, 0.007294
4916.000000, 0.007317
4916.000000, 0.007339
4917.000000, 0.007385
4918.000000, 0.007493
4919.000000, 0.007600
4920.000000, 0.007703
4920.000000, 0.007798
4921.000000, 0.007893
4922.000000, 0.007936
4923.000000, 0.007920
4924.000000, 0.007904
4924.000000, 0.007854
4925.000000, 0.007776
4926.000000, 0.007699
4927.000000, 0.007698
4928.000000, 0.007739
4928.000000, 0.007780
4929.000000, 0.007528
4930.000000, 0.007170
4931.000000, 0.006811
4932.000000, 0.005727
4932.000000, 0.004478
4933.000000, 0.003229
4934.000000, 0.002150
4935.000000, 0.001090
4936.000000, 0.000031
4936.000000, 0.000001
4937.000000, 0.000001
4938.000000, 0.000004
4939.000000, 0.000065
4940.000000, 0.000125
4940.000000, 0.000295
4941.000000, 0.001270
4942.000000, 0.002246
4943.000000, 0.003284
4944.000000, 0.004592
4945.000000, 0.005900
4945.000000, 0.007145
4946.000000, 0.008205
4947.000000, 0.009265
4948.000000, 0.010009
4949.000000, 0.010075
4949.000000, 0.010141
4950.000000, 0.009877
4951.000000, 0.009070
4952.000000, 0.008265
4953.000000, 0.007488
4953.000000, 0.006749
4954.000000, 0.006011
4955.000000, 0.005510
4956.000000, 0.005254
4957.000000, 0.004999
4957.000000, 0.004744
4958.000000, 0.004490
4959.000000, 0.004235
4960.000000, 0.004005
4961.000000, 0.003790
4961.000000, 0.003576
4962.000000, 0.003733
4963.000000, 0.004099
4964.000000, 0.004464
4965.000000, 0.005053
4965.000000, 0.005745
4966.000000, 0.006436
4967.000000, 0.006845
4968.000000, 0.007148
4969.000000, 0.007450
4969.000000, 0.007334
4970.000000, 0.007087
4971.000000, 0.006841
4972.000000, 0.006352
4973.000000, 0.005802
4973.000000, 0.005253
4974.000000, 0.004601
4975.000000, 0.003929
4976.000000, 0.003257
4977.000000, 0.003005
4977.000000, 0.002822
4978.000000, 0.002638
4979.000000, 0.003502
4980.000000, 0.004499
4981.000000, 0.005495
4981.000000, 0.006881
4982.000000, 0.008304
4983.000000, 0.009727
4984.000000, 0.010232
4985.000000, 0.010670
4985.000000, 0.011109
4986.000000, 0.010609
4987.000000, 0.010061
4988.000000, 0.009514
4989.000000, 0.008866
4990.000000, 0.008215
4990.000000, 0.007564
4991.000000, 0.006902
4992.000000, 0.006239
4993.000000, 0.005577
4994.000000, 0.004550
4994.000000, 0.003520
4995.000000, 0.002489
4996.000000, 0.001659
4997.000000, 0.000830
4998.000000, 0.000002
4998.000000, 0.000001
4999.000000, 0.000001
5000.000000, 0.000001
